model,event,swing_id,direction,event_time,entry_time,entry_bar_index,entry_price,atr14_pips,sl_price,tp_price,exit_time,exit_price,exit_reason,hold_bars,r_multiple,mfe_r,mae_r
A_Breakout,breakout_A,14,UP,2025-09-15 02:51:00,2025-09-15 02:52:00,7345,1.17254,1.242857142856562,1.1724157142857143,1.1727264285714285,2025-09-15 02:56:00,1.1724157142857143,SL,4,-0.9999999999993618,0.40229885057574966,-1.1264367816081686
A_Breakout,breakout_A,16,UP,2025-09-15 21:38:00,2025-09-15 21:39:00,8471,1.17625,1.0714285714281362,1.1761428571428572,1.1764107142857143,2025-09-15 21:40:00,1.1764107142857143,TP,1,1.5000000000006661,2.0533333333331125,-0.2799999999998757
A_Breakout,breakout_A,24,UP,2025-09-21 22:43:00,2025-09-21 22:44:00,14279,1.17316,1.2714285714286535,1.1730328571428572,1.1733507142857142,2025-09-21 22:46:00,1.1730328571428572,SL,2,-0.9999999999992515,0.23595505617955942,-1.5730337078648937
A_Breakout,breakout_A,34,UP,2025-09-26 04:31:00,2025-09-26 04:32:00,20373,1.16827,1.6785714285716402,1.1681021428571428,1.1685217857142858,2025-09-26 04:35:00,1.1685217857142858,TP,3,1.5000000000006615,2.1446808510643813,-0.1191489361696555
A_Breakout,breakout_A,36,UP,2025-09-26 07:32:00,2025-09-26 07:33:00,20554,1.16686,1.557142857142749,1.1667042857142857,1.1670935714285715,2025-09-26 07:35:00,1.1670935714285715,TP,2,1.5000000000005602,2.055045871560405,-0.06422018348666371
A_Breakout,breakout_A,38,UP,2025-09-29 04:48:00,2025-09-29 04:49:00,21813,1.17202,1.1642857142854115,1.1719035714285715,1.1721946428571428,2025-09-29 04:51:00,1.1719035714285715,SL,2,-1.0000000000002724,1.0306748466251585,-1.202453987730623
A_Breakout,breakout_A,42,UP,2025-09-30 09:49:00,2025-09-30 09:50:00,23542,1.17368,2.114285714286243,1.1734685714285715,1.173997142857143,2025-09-30 09:55:00,1.1734685714285715,SL,5,-0.9999999999995499,0.6621621621621337,-1.7027027027029298
A_Breakout,breakout_A,46,UP,2025-10-01 13:20:00,2025-10-01 13:21:00,25188,1.17303,1.1928571428570274,1.1729107142857143,1.1732089285714287,2025-10-01 13:27:00,1.1732089285714287,TP,6,1.5000000000007976,1.6766467065868038,-0.5868263473055675
A_Breakout,breakout_A,50,UP,2025-10-03 01:50:00,2025-10-03 01:51:00,27368,1.17194,1.1857142857136476,1.1718214285714286,1.172117857142857,2025-10-03 01:55:00,1.1718214285714286,SL,4,-1.0000000000004012,1.0963855421689568,-1.3493975903616489
A_Breakout,breakout_A,60,UP,2025-10-08 13:02:00,2025-10-08 13:03:00,32348,1.16058,1.0142857142856978,1.1604785714285715,1.1607321428571429,2025-10-08 13:05:00,1.1604785714285715,SL,2,-0.9999999999990616,0.0,-2.8591549295765395
A_Breakout,breakout_A,64,UP,2025-10-10 03:50:00,2025-10-10 03:51:00,34660,1.15763,1.5785714285713022,1.1574721428571428,1.1578667857142857,2025-10-10 03:57:00,1.1578667857142857,TP,6,1.500000000000402,1.8371040723991194,-0.6968325791845148
A_Breakout,breakout_A,68,UP,2025-10-12 18:43:00,2025-10-12 18:44:00,35552,1.16042,1.564285714285653,1.1602635714285714,1.160654642857143,2025-10-12 18:45:00,1.1602635714285714,SL,1,-1.0000000000003042,0.0,-2.23744292237498
A_Breakout,breakout_A,72,UP,2025-10-14 04:30:00,2025-10-14 04:31:00,37574,1.15584,2.2071428571425664,1.1556192857142857,1.1561710714285713,2025-10-14 04:37:00,1.1556192857142857,SL,6,-0.9999999999999282,0.9967637540459325,-1.8122977346278708
A_Breakout,breakout_A,74,UP,2025-10-15 09:27:00,2025-10-15 09:28:00,39303,1.16206,1.8928571428570136,1.1618707142857143,1.1623439285714285,2025-10-15 09:32:00,1.1623439285714285,TP,4,1.4999999999994553,2.113207547169723,-0.5811320754720257
A_Breakout,breakout_A,76,UP,2025-10-16 04:43:00,2025-10-16 04:44:00,40455,1.16592,1.542857142856941,1.1657657142857143,1.1661514285714285,2025-10-16 04:45:00,1.1657657142857143,SL,1,-1.000000000000514,0.453703703703857,-1.1666666666672665
A_Breakout,breakout_A,79,DOWN,2025-10-20 02:00:00,2025-10-20 02:01:00,43170,1.16691,1.078571428571516,1.167017857142857,1.1667482142857142,2025-10-20 02:01:00,1.167017857142857,SL,0,-1.0000000000005882,0.2781456953639794,-1.3907284768219554
A_Breakout,breakout_A,81,DOWN,2025-10-20 21:22:00,2025-10-20 21:23:00,44321,1.16489,0.99999999999989,1.16499,1.1647399999999999,2025-10-20 21:29:00,1.1647399999999999,TP,6,1.50000000000111,2.4000000000004436,-0.2999999999997779
A_Breakout,breakout_A,83,DOWN,2025-10-22 02:00:00,2025-10-22 02:01:00,46036,1.1608,1.3214285714283465,1.1609321428571429,1.1606017857142858,2025-10-22 02:02:00,1.1606017857142858,TP,1,1.49999999999964,1.5135135135136044,-0.30270270270305694
A_Breakout,breakout_A,87,DOWN,2025-10-23 04:40:00,2025-10-23 04:41:00,47625,1.15999,1.1285714285712092,1.160102857142857,1.1598207142857144,2025-10-23 04:43:00,1.1598207142857144,TP,2,1.4999999999997187,1.5949367088616808,0.0
A_Breakout,breakout_A,89,DOWN,2025-10-23 21:00:00,2025-10-23 21:01:00,48600,1.1617,0.7642857142861217,1.1617764285714285,1.161585357142857,2025-10-23 21:02:00,1.1617764285714285,SL,1,-0.9999999999989625,0.7850467289708766,-1.439252336448544
A_Breakout,breakout_A,93,DOWN,2025-10-26 20:38:00,2025-10-26 20:39:00,50072,1.1641,1.2285714285713882,1.164222857142857,1.1639157142857142,2025-10-26 20:41:00,1.1639157142857142,TP,2,1.5000000000003229,1.546511627906315,-0.4883720930246639
A_Breakout,breakout_A,97,DOWN,2025-10-28 12:51:00,2025-10-28 12:52:00,52481,1.16615,0.9214285714287396,1.166242142857143,1.1660117857142858,2025-10-28 12:53:00,1.166242142857143,SL,1,-1.0000000000012048,0.7596899224806388,-1.4108527131776407
A_Breakout,breakout_A,105,DOWN,2025-10-31 05:20:00,2025-10-31 05:21:00,56340,1.15687,1.3071428571431731,1.1570007142857144,1.1566739285714287,2025-10-31 05:22:00,1.1570007142857144,SL,1,-1.0,0.1530054644818397,-1.5300546448082049
A_Breakout,breakout_A,114,UP,2025-11-05 03:02:00,2025-11-05 03:03:00,60449,1.14902,1.7000000000000348,1.14885,1.1492749999999998,2025-11-05 03:03:00,1.14885,SL,0,-1.0,0.0,-1.1176470588229916
A_Breakout,breakout_A,116,UP,2025-11-05 09:27:00,2025-11-05 09:28:00,60834,1.14834,1.6142857142856633,1.1481785714285713,1.1485821428571428,2025-11-05 09:37:00,1.1485821428571428,TP,9,1.5000000000000493,1.9203539823011468,-0.9292035398222481
A_Breakout,breakout_A,118,UP,2025-11-07 02:18:00,2025-11-07 02:19:00,63275,1.15341,1.2285714285713882,1.153287142857143,1.1535942857142858,2025-11-07 02:22:00,1.1535942857142858,TP,3,1.5000000000003229,1.6279069767440602,-0.4069767441869187
A_Breakout,breakout_A,128,UP,2025-11-12 20:38:00,2025-11-12 20:39:00,68670,1.15847,1.0571428571429629,1.1583642857142857,1.1586285714285716,2025-11-12 20:49:00,1.1586285714285716,TP,10,1.5000000000000748,1.7972972972962893,-0.18918918919040967
A_Breakout,breakout_A,151,DOWN,2025-11-21 03:51:00,2025-11-21 03:52:00,77722,1.15419,2.2214285714286914,1.154412142857143,1.1538567857142858,2025-11-21 03:54:00,1.154412142857143,SL,2,-1.000000000000357,0.4501607717041062,-2.0257234726689775
A_Breakout,breakout_A,153,DOWN,2025-11-23 17:04:00,2025-11-23 17:05:00,78510,1.15115,1.757142857142632,1.151325714285714,1.1508864285714284,2025-11-23 17:30:00,1.151325714285714,SL,23,-0.9999999999994584,1.3658536585355991,-1.195121951219913
A_Breakout,breakout_A,159,DOWN,2025-11-24 22:20:00,2025-11-24 22:21:00,80259,1.15251,0.5642857142857631,1.1525664285714285,1.152425357142857,2025-11-24 22:21:00,1.152425357142857,TP,0,1.4999999999992975,1.7721518987338285,0.0
A_Breakout,breakout_A,160,UP,2025-11-25 01:26:00,2025-11-25 01:27:00,80445,1.15186,0.935714285713913,1.1517664285714286,1.1520003571428572,2025-11-25 01:30:00,1.1520003571428572,TP,3,1.5000000000000846,1.7099236641221554,-0.4274809160311321
A_Breakout,breakout_A,162,UP,2025-11-26 09:27:00,2025-11-26 09:28:00,82363,1.15604,2.0928571428572136,1.1558307142857143,1.1563539285714286,2025-11-26 09:31:00,1.1563539285714286,TP,3,1.500000000000303,1.5290102389082663,-0.8600682593849052
A_Breakout,breakout_A,164,UP,2025-11-27 05:09:00,2025-11-27 05:10:00,83541,1.15809,0.8571428571426041,1.1580042857142858,1.1582185714285715,2025-11-27 05:10:00,1.1580042857142858,SL,0,-0.999999999999815,0.46666666666727113,-1.283333333334348
A_Breakout,breakout_A,168,UP,2025-11-30 17:31:00,2025-11-30 17:32:00,85678,1.15954,0.9142857142853598,1.1594485714285714,1.1596771428571429,2025-11-30 17:32:00,1.1594485714285714,SL,0,-1.000000000001041,0.4375000000006072,-2.6250000000012146
A_Breakout,breakout_A,170,UP,2025-11-30 22:27:00,2025-11-30 22:28:00,85974,1.15958,0.6499999999998174,1.159515,1.1596775,2025-11-30 22:31:00,1.1596775,TP,3,1.499999999998292,1.5384615384618012,-0.4615384615381988
A_Breakout,breakout_A,176,UP,2025-12-02 12:22:00,2025-12-02 12:23:00,88234,1.15996,1.5642857142853357,1.1598035714285715,1.1601946428571428,2025-12-02 12:25:00,1.1601946428571428,TP,2,1.499999999999341,1.917808219178335,-0.19178082191911103
A_Breakout,breakout_A,178,UP,2025-12-03 04:35:00,2025-12-03 04:36:00,89201,1.1646,1.421428571428526,1.1644578571428572,1.1648132142857144,2025-12-03 04:37:00,1.1644578571428572,SL,1,-1.0000000000001115,0.9849246231158134,-1.3366834170864161
A_Breakout,breakout_A,188,UP,2025-12-09 03:28:00,2025-12-09 03:29:00,94879,1.16447,1.3357142857144717,1.1643364285714284,1.1646703571428572,2025-12-09 03:30:00,1.1646703571428572,TP,1,1.5000000000007123,3.069518716577273,-0.07486631015924547
A_Breakout,breakout_A,190,UP,2025-12-09 10:30:00,2025-12-09 10:31:00,95301,1.16352,2.1714285714286814,1.1633028571428572,1.1638457142857144,2025-12-09 10:33:00,1.1633028571428572,SL,2,-1.000000000000219,0.5526315789468705,-1.0592105263165394
A_Breakout,breakout_A,192,UP,2025-12-11 01:42:00,2025-12-11 01:43:00,97648,1.16864,0.9357142857142302,1.1685464285714284,1.168780357142857,2025-12-11 01:57:00,1.168780357142857,TP,14,1.4999999999995763,2.030534351146596,-0.4274809160286142
A_Breakout,breakout_A,198,UP,2025-12-15 04:06:00,2025-12-15 04:07:00,100668,1.17374,1.692857142856972,1.1735707142857144,1.1739939285714285,2025-12-15 04:12:00,1.1739939285714285,TP,5,1.4999999999995786,2.1265822784807304,-0.1772151898732849
A_Breakout,breakout_A,202,UP,2025-12-15 21:26:00,2025-12-15 21:27:00,101703,1.17546,0.8071428571425938,1.1753792857142857,1.1755810714285713,2025-12-15 21:42:00,1.1755810714285713,TP,15,1.4999999999991158,1.6106194690266216,-0.9911504424764397
A_Breakout,breakout_A,204,UP,2025-12-16 02:31:00,2025-12-16 02:32:00,102007,1.17506,1.1500000000002382,1.174945,1.1752325000000001,2025-12-16 02:35:00,1.174945,SL,3,-1.0000000000005516,0.7826086956513464,-1.4782608695649415
A_Breakout,breakout_A,216,UP,2025-12-22 02:21:00,2025-12-22 02:22:00,107737,1.17193,1.3357142857144717,1.1717964285714284,1.1721303571428572,2025-12-22 02:23:00,1.1717964285714284,SL,1,-1.000000000000475,0.6737967914448458,-1.4224598930472747
A_Breakout,breakout_A,218,UP,2025-12-23 11:22:00,2025-12-23 11:23:00,109716,1.17782,1.5928571428566345,1.1776607142857145,1.1780589285714287,2025-12-23 11:24:00,1.1776607142857145,SL,1,-0.9999999999995021,0.0,-1.757847533633212
A_Breakout,breakout_A,222,UP,2025-12-25 19:23:00,2025-12-25 19:24:00,111831,1.17841,1.3142857142857598,1.1782785714285713,1.1786071428571427,2025-12-25 19:25:00,1.1786071428571427,TP,1,1.4999999999993967,4.336956521738672,-0.5326086956522658
A_Breakout,breakout_A,230,UP,2025-12-29 13:03:00,2025-12-29 13:04:00,114322,1.17542,1.099999999999752,1.1753099999999999,1.1755849999999999,2025-12-29 13:06:00,1.1755849999999999,TP,2,1.5000000000000717,1.5454545454549253,0.0
A_Breakout,breakout_A,234,UP,2025-12-31 10:36:00,2025-12-31 10:37:00,117035,1.17373,1.7571428571427905,1.1735542857142858,1.1739935714285714,2025-12-31 10:37:00,1.1735542857142858,SL,0,-0.9999999999993682,0.0,-1.536585365853674
A_Breakout,breakout_A,240,UP,2026-01-05 09:03:00,2026-01-05 09:04:00,119810,1.16759,1.914285714285884,1.1673985714285713,1.1678771428571428,2026-01-05 09:06:00,1.1678771428571428,TP,2,1.5000000000002485,1.514925373134839,0.0
A_Breakout,breakout_A,242,UP,2026-01-05 20:35:00,2026-01-05 20:36:00,120500,1.17174,1.1214285714286223,1.171627857142857,1.1719082142857142,2026-01-05 20:39:00,1.1719082142857142,TP,3,1.4999999999994345,1.6050955414018162,-0.44585987261238563
A_Breakout,breakout_A,252,UP,2026-01-09 10:46:00,2026-01-09 10:47:00,125651,1.16384,2.2857142857141928,1.1636114285714285,1.1641828571428572,2026-01-09 10:47:00,1.1636114285714285,SL,0,-1.000000000000208,0.0,-1.4875000000000909
A_Breakout,breakout_A,264,UP,2026-01-18 17:39:00,2026-01-18 17:40:00,133238,1.15838,1.185714285714282,1.1582614285714286,1.1585578571428572,2026-01-18 17:42:00,1.1585578571428572,TP,2,1.5000000000007356,2.2771084337348833,-0.5060240963851135
A_Breakout,breakout_A,266,UP,2026-01-19 04:48:00,2026-01-19 04:49:00,133907,1.16263,1.3642857142856115,1.1624935714285716,1.162834642857143,2026-01-19 04:53:00,1.1624935714285716,SL,4,-0.9999999999994187,0.2931937172778022,-2.4921465968588774
A_Breakout,breakout_A,268,UP,2026-01-19 20:05:00,2026-01-19 20:06:00,134805,1.16426,1.6500000000000243,1.164095,1.1645075,2026-01-19 20:16:00,1.164095,SL,10,-0.9999999999998078,0.48484848484761683,-1.0303030303030363
A_Breakout,breakout_A,274,UP,2026-01-21 19:02:00,2026-01-21 19:03:00,137620,1.16767,1.0499999999999,1.167565,1.1678275,2026-01-21 19:04:00,1.167565,SL,1,-1.0000000000003024,0.0,-1.8095238095231483
A_Breakout,breakout_A,276,UP,2026-01-23 03:41:00,2026-01-23 03:42:00,139573,1.17417,2.121428571428671,1.173957857142857,1.1744882142857143,2026-01-23 03:44:00,1.1744882142857143,TP,2,1.5000000000001121,1.649831649831914,-0.047138047137307064
A_Breakout,breakout_A,280,UP,2026-01-27 04:04:00,2026-01-27 04:05:00,142474,1.18617,1.485714285714344,1.1860214285714286,1.186392857142857,2026-01-27 04:09:00,1.186392857142857,TP,4,1.4999999999995197,1.9519230769238316,-0.336538461537664
A_Breakout,breakout_A,284,UP,2026-01-28 14:35:00,2026-01-28 14:36:00,144543,1.19177,4.342857142857363,1.1913357142857142,1.1924214285714285,2026-01-28 14:38:00,1.1924214285714285,TP,2,1.499999999999817,1.7269736842105041,-0.06907894736835882
A_Breakout,breakout_A,299,DOWN,2026-02-04 03:34:00,2026-02-04 03:35:00,151069,1.18255,1.900000000000076,1.18274,1.182265,2026-02-04 03:41:00,1.18274,SL,6,-0.9999999999994992,0.5789473684213162,-1.5789473684208153
A_Breakout,breakout_A,315,DOWN,2026-02-10 10:05:00,2026-02-10 10:06:00,157213,1.19061,2.564285714285542,1.1908664285714285,1.1902253571428572,2026-02-10 10:15:00,1.1902253571428572,TP,9,1.4999999999998457,1.5988857938720573,-0.5069637883007273
A_Breakout,breakout_A,319,DOWN,2026-02-11 21:25:00,2026-02-11 21:26:00,159325,1.18767,1.0500000000000589,1.187775,1.1875125,2026-02-11 21:28:00,1.1875125,TP,2,1.5000000000002263,1.5238095238088474,-0.4761904761914543
A_Breakout,breakout_A,323,DOWN,2026-02-12 20:25:00,2026-02-12 20:26:00,160703,1.18648,1.435714285714651,1.1866235714285716,1.1862646428571428,2026-02-12 20:33:00,1.1866235714285716,SL,7,-1.0000000000007734,1.1840796019897728,-1.4626865671641098
A_Breakout,breakout_A,327,DOWN,2026-02-16 02:11:00,2026-02-16 02:12:00,162488,1.18629,0.8928571428568066,1.1863792857142856,1.1861560714285715,2026-02-16 02:13:00,1.1863792857142856,SL,1,-0.9999999999987566,0.3359999999998408,-2.3520000000013725
A_Breakout,breakout_A,329,DOWN,2026-02-16 03:26:00,2026-02-16 03:27:00,162563,1.18579,1.8500000000000656,1.185975,1.1855125,2026-02-16 03:27:00,1.185975,SL,0,-1.0000000000005145,0.0,-1.7297297297301981
A_Breakout,breakout_A,331,DOWN,2026-02-17 05:00:00,2026-02-17 05:01:00,164061,1.18426,1.192857142857186,1.1843792857142859,1.1840810714285714,2026-02-17 05:01:00,1.1843792857142859,SL,0,-1.0000000000003988,0.08383233532988749,-1.005988023951204
A_Breakout,breakout_A,335,DOWN,2026-02-18 08:28:00,2026-02-18 08:29:00,165707,1.18383,1.2571428571423695,1.1839557142857142,1.1836414285714285,2026-02-18 08:30:00,1.1836414285714285,TP,1,1.500000000000568,2.4659090909103054,-0.15909090909201304
A_Breakout,breakout_A,342,UP,2026-02-20 04:13:00,2026-02-20 04:14:00,168322,1.17652,1.678571428571323,1.1763521428571428,1.1767717857142856,2026-02-20 04:23:00,1.1767717857142856,TP,9,1.499999999999622,1.5489361702124282,-0.9531914893613925
A_Breakout,breakout_A,344,UP,2026-02-20 12:03:00,2026-02-20 12:04:00,168792,1.17831,2.2214285714286914,1.178087857142857,1.1786432142857142,2026-02-20 12:08:00,1.178087857142857,SL,4,-1.000000000000357,0.7652733118970805,-1.5755627009648714
A_Breakout,breakout_A,350,UP,2026-02-24 17:32:00,2026-02-24 17:33:00,171986,1.17741,0.4999999999996277,1.1773600000000002,1.1774850000000001,2026-02-24 17:33:00,1.1773600000000002,SL,0,-0.9999999999984139,0.19999999999701826,-1.0000000000028548
A_Breakout,breakout_A,352,UP,2026-02-25 06:56:00,2026-02-25 06:57:00,172788,1.17763,0.9357142857142302,1.1775364285714285,1.177770357142857,2026-02-25 06:57:00,1.1775364285714285,SL,0,-1.0000000000005085,0.10687022900834005,-1.1755725190846216
A_Breakout,breakout_A,354,UP,2026-02-26 13:27:00,2026-02-26 13:28:00,174617,1.17786,1.257142857142687,1.1777342857142856,1.1780485714285713,2026-02-26 13:30:00,1.1777342857142856,SL,2,-1.0000000000001261,0.7159090909103454,-1.1136363636349786
A_Breakout,breakout_A,363,DOWN,2026-03-05 04:30:00,2026-03-05 04:31:00,181271,1.16231,4.607142857143222,1.1627707142857142,1.1616189285714285,2026-03-05 04:39:00,1.1616189285714285,TP,8,1.5000000000000344,1.5844961240306596,-0.47751937984516
A_Breakout,breakout_A,365,DOWN,2026-03-05 23:53:00,2026-03-05 23:54:00,182426,1.16146,0.8428571428567962,1.1615442857142857,1.1613335714285715,2026-03-05 23:56:00,1.1613335714285715,TP,2,1.4999999999987768,1.542372881356133,-0.2372881355948724
A_Breakout,breakout_A,371,DOWN,2026-03-10 13:06:00,2026-03-10 13:07:00,186159,1.16402,2.2000000000006144,1.1642400000000002,1.16369,2026-03-10 13:13:00,1.1642400000000002,SL_AND_TP_SAME_BAR_SL_FIRST,6,-1.000000000000216,2.1363636363629053,-1.3181818181810019
A_Breakout,breakout_A,373,DOWN,2026-03-11 02:38:00,2026-03-11 02:39:00,186966,1.16202,2.599999999999904,1.16228,1.1616300000000002,2026-03-11 02:43:00,1.1616300000000002,TP,4,1.4999999999996338,2.115384615384887,-0.5769230769226076
A_Breakout,breakout_A,375,DOWN,2026-03-12 07:04:00,2026-03-12 07:05:00,188669,1.15507,2.042857142856886,1.1552742857142857,1.1547635714285716,2026-03-12 07:06:00,1.1547635714285716,TP,1,1.499999999999767,2.300699300699445,-0.14685314685304043
A_Breakout,breakout_A,377,DOWN,2026-03-12 20:33:00,2026-03-12 20:34:00,189477,1.15232,0.9857142857147164,1.1524185714285715,1.1521721428571428,2026-03-12 20:34:00,1.1524185714285715,SL,0,-1.0000000000003217,0.10144927536293911,-1.7246376811587019
A_Breakout,breakout_A,379,DOWN,2026-03-13 09:17:00,2026-03-13 09:18:00,190241,1.14701,2.6071428571432835,1.1472707142857144,1.1466189285714286,2026-03-13 09:20:00,1.1472707142857144,SL,2,-0.9999999999998175,0.26849315068494317,-2.493150684930398
A_Breakout,breakout_A,389,DOWN,2026-03-18 07:07:00,2026-03-18 07:08:00,194423,1.1536,2.914285714285457,1.1538914285714286,1.1531628571428572,2026-03-18 07:09:00,1.1531628571428572,TP,1,1.4999999999999456,1.7500000000001903,-0.2058823529410196
A_Breakout,breakout_A,391,DOWN,2026-03-18 21:45:00,2026-03-18 21:46:00,195301,1.14871,1.3642857142852942,1.1488464285714284,1.1485053571428572,2026-03-18 21:50:00,1.1485053571428572,TP,4,1.499999999999477,1.5392670157059714,-0.7329842931954897
A_Breakout,breakout_A,395,DOWN,2026-03-20 03:45:00,2026-03-20 03:46:00,197100,1.15713,2.0071428571426835,1.1573307142857143,1.1568289285714286,2026-03-20 03:51:00,1.1568289285714286,TP,5,1.4999999999999212,1.6441281138788542,-0.3487544483986789
A_Breakout,breakout_A,397,DOWN,2026-03-22 18:39:00,2026-03-22 18:40:00,197990,1.15597,1.22142857142896,1.156092142857143,1.1557867857142856,2026-03-22 18:40:00,1.156092142857143,SL,0,-1.0000000000005196,0.0,-1.0643274853794793
A_Breakout,breakout_A,401,DOWN,2026-03-24 03:18:00,2026-03-24 03:19:00,199948,1.15974,3.67857142857142,1.1601078571428571,1.1591882142857144,2026-03-24 03:25:00,1.1591882142857144,TP,6,1.4999999999996982,1.6582524271844683,0.0
A_Breakout,breakout_A,403,DOWN,2026-03-24 10:45:00,2026-03-24 10:46:00,200395,1.15859,2.471428571428268,1.158837142857143,1.1582192857142857,2026-03-24 10:49:00,1.1582192857142857,TP,3,1.5000000000003846,1.5375722543356387,-0.08092485549097111
A_Breakout,breakout_A,407,DOWN,2026-03-25 03:54:00,2026-03-25 03:55:00,201423,1.16047,2.649999999999438,1.1607349999999999,1.1600725,2026-03-25 04:01:00,1.1607349999999999,SL,6,-1.00000000000006,1.4339622641505867,-1.1698113207550875
A_Breakout,breakout_A,409,DOWN,2026-03-26 00:18:00,2026-03-26 00:19:00,202644,1.15673,0.8285714285716228,1.156812857142857,1.1566057142857142,2026-03-26 00:21:00,1.1566057142857142,TP,2,1.50000000000067,1.689655172413747,-0.24137931034367247
A_Breakout,breakout_A,413,DOWN,2026-03-27 10:55:00,2026-03-27 10:56:00,204720,1.1525,2.5357142857140857,1.1527535714285715,1.152119642857143,2026-03-27 10:57:00,1.152119642857143,TP,1,1.5,2.8000000000001752,-0.15774647887253396
A_Breakout,breakout_A,415,DOWN,2026-03-30 00:48:00,2026-03-30 00:49:00,205419,1.15162,0.7642857142859631,1.1516964285714286,1.1515053571428573,2026-03-30 00:51:00,1.1515053571428573,TP,2,1.499999999998755,1.8317757009343623,-0.5233644859787562
A_Breakout,breakout_A,417,DOWN,2026-03-30 17:27:00,2026-03-30 17:28:00,206418,1.14554,1.0214285714279672,1.1456421428571428,1.1453867857142859,2026-03-30 17:28:00,1.1456421428571428,SL,0,-1.0000000000003106,0.1958041958034205,-1.0769230769242475
A_Breakout,breakout_A,423,DOWN,2026-04-01 21:31:00,2026-04-01 21:32:00,209533,1.15563,5.5857142857144,1.1561885714285713,1.1547921428571428,2026-04-01 21:34:00,1.1547921428571428,TP,2,1.4999999999999147,1.647058823529435,-0.1969309462916536
A_Breakout,breakout_A,429,DOWN,2026-04-03 07:14:00,2026-04-03 07:15:00,211534,1.15442,0.5857142857144749,1.1544785714285715,1.154332142857143,2026-04-03 07:17:00,1.154332142857143,TP,2,1.4999999999985107,1.8780487804881285,-0.1707317073181365
A_Breakout,breakout_A,431,DOWN,2026-04-03 16:40:00,2026-04-03 16:41:00,212091,1.15137,1.7714285714284397,1.1515471428571429,1.1511042857142857,2026-04-03 16:59:00,1.1511042857142857,TP,18,1.5000000000002685,1.8064516129039132,-0.7338709677417838
A_Breakout,breakout_A,433,DOWN,2026-04-06 10:55:00,2026-04-06 10:56:00,213171,1.15465,2.949999999999659,1.1549449999999999,1.1542075,2026-04-06 10:57:00,1.1549449999999999,SL,1,-0.9999999999998925,1.05084745762735,-1.118644067796541
A_Breakout,breakout_A,437,DOWN,2026-04-09 14:02:00,2026-04-09 14:03:00,217670,1.17101,1.599999999999855,1.17117,1.17077,2026-04-09 14:04:00,1.17077,TP,1,1.5000000000002482,2.500000000001339,-0.2499999999988849
A_Breakout,breakout_A,441,DOWN,2026-04-13 02:36:00,2026-04-13 02:37:00,219860,1.16838,1.6928571428572894,1.1685492857142856,1.1681260714285713,2026-04-13 02:42:00,1.1681260714285713,TP,5,1.5000000000006088,2.7172995780582747,-0.5316455696197551
A_Breakout,breakout_A,445,DOWN,2026-04-15 02:40:00,2026-04-15 02:41:00,222738,1.17872,1.6071428571427595,1.1788807142857143,1.1784789285714286,2026-04-15 02:49:00,1.1784789285714286,TP,8,1.500000000000148,1.5555555555561695,-0.062222222222633634
A_Breakout,breakout_A,447,DOWN,2026-04-15 23:32:00,2026-04-15 23:33:00,223970,1.18145,0.9142857142861528,1.1815414285714285,1.181312857142857,2026-04-15 23:38:00,1.181312857142857,TP,5,1.4999999999990459,1.640624999997818,-0.7656249999997913
A_Breakout,breakout_A,451,DOWN,2026-04-20 19:34:00,2026-04-20 19:35:00,228041,1.17845,0.2714285714279705,1.1784771428571428,1.1784092857142858,2026-04-20 19:35:00,1.1784092857142858,TP,0,1.4999999999991238,2.9473684210621043,0.0
A_Breakout,breakout_A,453,DOWN,2026-04-21 11:01:00,2026-04-21 11:02:00,228968,1.17498,3.007142857142891,1.1752807142857142,1.1745289285714284,2026-04-21 11:03:00,1.1752807142857142,SL,1,-1.0000000000001055,0.232779097387219,-1.2969121140146114
A_Breakout,breakout_A,455,DOWN,2026-04-22 01:55:00,2026-04-22 01:56:00,229859,1.17506,1.092857142857324,1.1751692857142857,1.1748960714285714,2026-04-22 01:58:00,1.1751692857142857,SL,2,-0.9999999999997096,1.00653594771275,-1.00653594771275
A_Breakout,breakout_A,457,DOWN,2026-04-22 21:11:00,2026-04-22 21:12:00,231005,1.17096,1.1571428571429834,1.1710757142857142,1.1707864285714285,2026-04-22 21:12:00,1.1710757142857142,SL,0,-0.9999999999993148,0.0,-1.037037037036042
A_Breakout,breakout_A,461,DOWN,2026-04-23 22:21:00,2026-04-23 22:22:00,232510,1.16829,0.7142857142856356,1.1683614285714286,1.1681828571428572,2026-04-23 22:22:00,1.1681828571428572,TP,0,1.500000000000222,1.9600000000006217,0.0
A_Breakout,breakout_A,465,DOWN,2026-04-27 08:58:00,2026-04-27 08:59:00,234584,1.17448,1.678571428571323,1.1746478571428571,1.1742282142857143,2026-04-27 09:02:00,1.1746478571428571,SL,3,-1.000000000000189,0.9531914893613925,-1.3106382978730722
A_Breakout,breakout_A,467,DOWN,2026-04-27 20:53:00,2026-04-27 20:54:00,235295,1.17188,0.9071428571427732,1.1719707142857143,1.1717439285714286,2026-04-27 20:54:00,1.1717439285714286,TP,0,1.4999999999999998,1.9842519685048812,0.0
A_Breakout,breakout_A,469,DOWN,2026-04-28 21:00:00,2026-04-28 21:01:00,236727,1.17139,0.9285714285711676,1.171482857142857,1.1712507142857143,2026-04-28 21:01:00,1.1712507142857143,TP,0,1.5,2.261538461537174,0.0
A_Breakout,breakout_A,471,DOWN,2026-04-29 07:43:00,2026-04-29 07:44:00,237369,1.17034,1.3499999999999623,1.170475,1.1701375,2026-04-29 07:45:00,1.170475,SL,1,-1.0,0.29629629629660087,-1.1851851851864035
A_Breakout,breakout_A,473,DOWN,2026-04-29 20:32:00,2026-04-29 20:33:00,238133,1.16851,1.035714285714251,1.1686135714285713,1.1683546428571427,2026-04-29 20:37:00,1.1683546428571427,TP,4,1.500000000000536,2.5103448275855857,-0.48275862069069014
A_Breakout,breakout_A,480,UP,2026-05-05 01:23:00,2026-05-05 01:24:00,242727,1.16804,0.8071428571425938,1.1679592857142858,1.1681610714285713,2026-05-05 01:25:00,1.1681610714285713,TP,1,1.4999999999991158,1.6106194690266216,0.0
A_Breakout,breakout_A,482,UP,2026-05-05 17:46:00,2026-05-05 17:47:00,243692,1.16932,0.2214285714287532,1.169297857142857,1.1693532142857141,2026-05-05 17:47:00,1.1693532142857141,TP,0,1.4999999999964189,2.709677419360338,0.0
A_Breakout,breakout_A,486,UP,2026-05-07 03:12:00,2026-05-07 03:13:00,245684,1.17658,2.671428571428309,1.1763128571428572,1.1769807142857143,2026-05-07 03:18:00,1.1763128571428572,SL,5,-0.9999999999998813,1.0481283422463095,-1.272727272727424
A_Breakout,breakout_A,488,UP,2026-05-07 18:11:00,2026-05-07 18:12:00,246582,1.17279,1.2714285714291291,1.172662857142857,1.1729807142857143,2026-05-07 18:14:00,1.172662857142857,SL,2,-1.0000000000006237,0.3932584269669495,-1.258426966291095
A_Breakout,breakout_A,502,UP,2026-05-17 21:31:00,2026-05-17 21:32:00,255207,1.16141,1.3285714285718848,1.161277142857143,1.161609285714286,2026-05-17 21:35:00,1.161609285714286,TP,3,1.5000000000004776,1.8064516129027406,-0.6774193548395723
A_Breakout,breakout_A,504,UP,2026-05-18 15:39:00,2026-05-18 15:40:00,256295,1.16515,1.3071428571428558,1.1650192857142856,1.1653460714285713,2026-05-18 15:48:00,1.1653460714285713,TP,8,1.4999999999995146,2.142076502732686,-0.38251366120129465
A_Breakout,breakout_A,506,UP,2026-05-20 10:31:00,2026-05-20 10:32:00,258855,1.16212,4.928571428571519,1.161627142857143,1.1628592857142859,2026-05-20 10:34:00,1.161627142857143,SL,2,-0.9999999999998392,0.3246376811592884,-1.1971014492755236
A_Breakout,breakout_A,514,UP,2026-05-22 11:05:00,2026-05-22 11:06:00,261631,1.16041,2.000000000000097,1.16021,1.16071,2026-05-22 11:06:00,1.16021,SL,0,-0.9999999999998415,0.29999999999973037,-1.2499999999992466
A_Breakout,breakout_A,516,UP,2026-05-25 03:59:00,2026-05-25 04:00:00,262405,1.16374,1.014285714285539,1.1636385714285715,1.163892142857143,2026-05-25 04:00:00,1.1636385714285715,SL,0,-0.9999999999992182,0.29577464788712354,-3.5492957746476717
A_Breakout,breakout_A,520,UP,2026-05-26 12:07:00,2026-05-26 12:08:00,264317,1.16223,1.1857142857141234,1.1621114285714287,1.162407857142857,2026-05-26 12:11:00,1.162407857142857,TP,3,1.4999999999990636,2.024096385540725,-0.25301204819446327
A_Breakout,breakout_A,522,UP,2026-05-27 08:18:00,2026-05-27 08:19:00,265520,1.16432,2.271428571428544,1.1640928571428573,1.1646607142857144,2026-05-27 08:19:00,1.1640928571428573,SL_AND_TP_SAME_BAR_SL_FIRST,0,-0.9999999999995808,1.5849056603770075,-1.2327044025159934
A_Breakout,breakout_A,524,UP,2026-05-28 00:39:00,2026-05-28 00:40:00,266496,1.15918,0.8571428571430799,1.1590942857142859,1.1593085714285716,2026-05-28 00:42:00,1.1590942857142859,SL,2,-0.9999999999992599,0.9333333333314336,-1.2833333333336356
A_Breakout,breakout_A,530,UP,2026-06-01 11:02:00,2026-06-01 11:03:00,269982,1.16188,2.0642857142862323,1.1616735714285713,1.162189642857143,2026-06-01 11:03:00,1.1616735714285713,SL,0,-1.000000000000461,0.19377162629772302,-1.211072664359962
A_Breakout,breakout_A,531,DOWN,2026-06-02 09:08:00,2026-06-02 09:09:00,271297,1.16477,1.2285714285720228,1.1648928571428572,1.1645857142857143,2026-06-02 09:09:00,1.1648928571428572,SL,0,-0.9999999999990963,0.16279069767540633,-1.465116279067813
A_Breakout,breakout_A,537,DOWN,2026-06-05 05:42:00,2026-06-05 05:43:00,275393,1.16376,0.8642857142861424,1.1638464285714285,1.163630357142857,2026-06-05 05:43:00,1.1638464285714285,SL,0,-0.9999999999998166,0.0,-1.2727272727272727
A_Breakout,breakout_A,549,DOWN,2026-06-10 22:06:00,2026-06-10 22:07:00,280664,1.15516,0.9214285714287396,1.155252142857143,1.1550217857142857,2026-06-10 22:10:00,1.155252142857143,SL,3,-1.0000000000012048,0.10852713178363692,-1.4108527131776407
A_Breakout,breakout_A,553,DOWN,2026-06-12 05:49:00,2026-06-12 05:50:00,282557,1.15834,1.4142857142854632,1.1584814285714284,1.158127857142857,2026-06-12 05:50:00,1.158127857142857,TP,0,1.5000000000004488,2.1919191919198107,0.0
A_Breakout,breakout_A,557,DOWN,2026-06-15 10:13:00,2026-06-15 10:14:00,284260,1.16133,1.4857142857141854,1.1614785714285714,1.161107142857143,2026-06-15 10:15:00,1.1614785714285714,SL,1,-0.9999999999997865,0.6057692307687566,-1.2788461538471454
A_Breakout,breakout_A,559,DOWN,2026-06-15 21:24:00,2026-06-15 21:25:00,284924,1.15892,0.9714285714287498,1.1590171428571427,1.1587742857142855,2026-06-15 21:26:00,1.1590171428571427,SL,1,-0.9999999999991838,0.0,-1.2352941176480674
A_Breakout,breakout_A,565,DOWN,2026-06-18 03:01:00,2026-06-18 03:02:00,288131,1.15173,1.7928571428568345,1.1519092857142856,1.1514610714285713,2026-06-18 03:05:00,1.1514610714285713,TP,3,1.5000000000002653,2.0637450199205705,-0.3904382470121002
A_Breakout,breakout_A,567,DOWN,2026-06-18 11:24:00,2026-06-18 11:25:00,288634,1.14772,1.7142857142858428,1.1478914285714286,1.1474628571428571,2026-06-18 11:33:00,1.1474628571428571,TP,8,1.5000000000004625,1.8083333333333873,-0.6416666666656412
A_Breakout,breakout_A,569,DOWN,2026-06-19 15:39:00,2026-06-19 15:40:00,290323,1.14761,0.3499999999999138,1.147645,1.1475575,2026-06-19 15:40:00,1.1475575,TP,0,1.50000000000068,2.0000000000009064,-0.8571428571423393
A_Breakout,breakout_A,571,DOWN,2026-06-22 06:35:00,2026-06-22 06:36:00,291212,1.14565,1.3857142857143234,1.1457885714285716,1.1454421428571429,2026-06-22 06:41:00,1.1457885714285716,SL,5,-1.0000000000008011,1.4432989690719666,-1.5154639175260458
A_Breakout,breakout_A,573,DOWN,2026-06-22 22:46:00,2026-06-22 22:47:00,292176,1.14284,0.6142857142854563,1.1429014285714287,1.1427478571428573,2026-06-22 22:54:00,1.1427478571428573,TP,7,1.4999999999990963,3.093023255817442,-0.4883720930230457
A_Breakout,breakout_A,575,DOWN,2026-06-23 03:40:00,2026-06-23 03:41:00,292470,1.14201,2.4928571428565034,1.1422592857142857,1.1416360714285716,2026-06-23 03:42:00,1.1416360714285716,TP,1,1.4999999999995866,2.848137535817303,-0.32091690544452933
A_Breakout,breakout_A,587,DOWN,2026-06-28 22:53:00,2026-06-28 22:54:00,297904,1.1388,0.5785714285712539,1.1388578571428571,1.1387132142857144,2026-06-28 22:55:00,1.1388578571428571,SL,1,-0.9999999999997257,0.0,-1.2098765432104923
A_Breakout,breakout_A,591,DOWN,2026-06-30 11:21:00,2026-06-30 11:22:00,300086,1.14232,2.071428571428502,1.1425271428571429,1.1420092857142858,2026-06-30 11:27:00,1.1425271428571429,SL,5,-1.0,0.28965517241355654,-1.0620689655167312
A_Breakout,breakout_A,593,DOWN,2026-07-01 10:27:00,2026-07-01 10:28:00,301468,1.1391,2.54285714285699,1.1393542857142858,1.1387185714285715,2026-07-01 10:32:00,1.1393542857142858,SL,4,-1.0000000000002494,0.3932584269662725,-1.297752808988612
A_Breakout,breakout_A,600,UP,2026-07-06 11:38:00,2026-07-06 11:39:00,305829,1.14193,1.1999999999997726,1.14181,1.14211,2026-07-06 11:41:00,1.14211,TP,2,1.500000000000859,1.833333333334589,-0.5833333333317143
A_Breakout,breakout_A,606,UP,2026-07-08 12:05:00,2026-07-08 12:06:00,308716,1.13976,1.3857142857141649,1.1396214285714288,1.1399678571428573,2026-07-08 12:06:00,1.1399678571428573,TP,0,1.5000000000005722,2.237113402060683,-0.1443298969081746
A_Breakout,breakout_A,616,UP,2026-07-14 03:23:00,2026-07-14 03:24:00,313926,1.1391,1.3714285714280396,1.1389628571428572,1.1393057142857141,2026-07-14 03:28:00,1.1393057142857141,TP,4,1.4999999999995373,1.6770833333336368,-0.36458333333424403
A_Breakout,breakout_A,618,UP,2026-07-14 17:24:00,2026-07-14 17:25:00,314765,1.14209,0.4999999999999449,1.1420400000000002,1.142165,2026-07-14 17:25:00,1.1420400000000002,SL,0,-0.9999999999977796,0.1999999999968914,-1.8000000000031087
A_Breakout,breakout_A,620,UP,2026-07-15 08:30:00,2026-07-15 08:31:00,315665,1.14177,1.8928571428570136,1.1415807142857142,1.1420539285714284,2026-07-15 08:32:00,1.1420539285714284,TP,1,1.4999999999994553,3.381132075471791,-0.2113207547172069
A_Breakout,breakout_A,636,UP,2026-07-22 18:01:00,2026-07-22 18:02:00,323381,1.14087,0.3428571428578029,1.1408357142857142,1.1409214285714286,2026-07-22 18:02:00,1.1408357142857142,SL,0,-1.0000000000027758,0.5833333333295555,-4.083333333326318
A_Breakout,breakout_A,640,UP,2026-07-24 02:16:00,2026-07-24 02:17:00,325304,1.13813,1.099999999999752,1.13802,1.138295,2026-07-24 02:18:00,1.138295,TP,1,1.5000000000000717,1.5454545454549253,-0.4545454545465162
A_Breakout,breakout_A,648,UP,2026-07-28 19:44:00,2026-07-28 19:45:00,329224,1.1386,0.3642857142857217,1.1385635714285716,1.138654642857143,2026-07-28 19:45:00,1.1385635714285716,SL,0,-0.9999999999978231,0.5490196078406274,-4.117647058826039
A_Breakout,breakout_A,652,UP,2026-07-30 04:02:00,2026-07-30 04:03:00,331159,1.14413,1.6285714285717885,1.143967142857143,1.1443742857142858,2026-07-30 04:06:00,1.1443742857142858,TP,3,1.4999999999995617,2.14912280701615,-0.30701754386022917
A_Breakout,breakout_A,656,UP,2026-07-31 10:15:00,2026-07-31 10:16:00,332970,1.14751,2.978571428571116,1.147212142857143,1.1479567857142856,2026-07-31 10:20:00,1.147212142857143,SL,4,-1.0000000000000533,0.9736211031172772,-1.0407673860913453
A_Breakout,breakout_A,657,DOWN,2026-08-02 19:02:00,2026-08-02 19:03:00,333496,1.15474,1.2928571428573652,1.154869285714286,1.1545460714285716,2026-08-02 19:03:00,1.1545460714285716,TP,0,1.4999999999993867,1.6243093922652503,-0.23204419889479042
A_Breakout,breakout_A,659,DOWN,2026-08-03 21:00:00,2026-08-03 21:01:00,335049,1.15038,1.299999999999793,1.15051,1.150185,2026-08-03 21:10:00,1.15051,SL,9,-0.9999999999998782,1.2307692307689495,-0.9999999999998782
A_Breakout,breakout_A,667,DOWN,2026-08-05 15:06:00,2026-08-05 15:07:00,337569,1.15523,0.9285714285713262,1.155322857142857,1.1550907142857143,2026-08-05 15:07:00,1.155322857142857,SL,0,-0.9999999999998292,0.21538461538365888,-1.184615384616102
A_Breakout,breakout_A,671,DOWN,2026-08-10 04:50:00,2026-08-10 04:51:00,341254,1.15612,0.7071428571432075,1.1561907142857144,1.1560139285714286,2026-08-10 04:51:00,1.1561907142857144,SL,0,-1.0000000000006728,0.5656565656568511,-1.8383838383824112
A_Breakout,breakout_A,673,DOWN,2026-08-10 21:44:00,2026-08-10 21:45:00,342263,1.15462,0.6214285714285188,1.1546821428571428,1.1545267857142858,2026-08-10 21:46:00,1.1546821428571428,SL,1,-0.9999999999989791,0.0,-1.126436781609524
A_Breakout,breakout_A,679,DOWN,2026-08-12 20:53:00,2026-08-12 20:54:00,345068,1.15276,0.5714285714288257,1.152817142857143,1.1526742857142858,2026-08-12 20:57:00,1.1526742857142858,TP,3,1.499999999998612,1.9250000000000969,-0.3499999999982513
A_Breakout,breakout_A,687,DOWN,2026-08-17 21:47:00,2026-08-17 21:48:00,349411,1.15802,0.6571428571431971,1.1580857142857144,1.1579214285714285,2026-08-17 21:48:00,1.1579214285714285,TP,0,1.500000000000362,2.1304347826080345,-0.1521739130410175
A_Breakout,breakout_A,691,DOWN,2026-08-18 20:45:00,2026-08-18 20:46:00,350785,1.1575,0.8857142857142198,1.1575885714285714,1.1573671428571428,2026-08-18 20:50:00,1.1575885714285714,SL,4,-1.000000000000179,1.016129032257276,-1.2419354838716754
A_Breakout,breakout_A,701,DOWN,2026-08-23 21:14:00,2026-08-23 21:15:00,355105,1.1681,1.1642857142855705,1.1682164285714285,1.1679253571428572,2026-08-23 21:16:00,1.1679253571428572,TP,1,1.4999999999992504,1.8895705521465016,-0.08588957055272052
A_Breakout,breakout_A,703,DOWN,2026-08-24 20:54:00,2026-08-24 20:55:00,356511,1.16674,0.8000000000001657,1.1668200000000002,1.16662,2026-08-24 20:55:00,1.1668200000000002,SL,0,-1.000000000000793,0.0,-1.374999999997621
A_Breakout,breakout_A,707,DOWN,2026-08-26 04:55:00,2026-08-26 04:56:00,358427,1.16718,0.9500000000001968,1.167275,1.1670375000000002,2026-08-26 04:56:00,1.1670375000000002,TP,0,1.4999999999989981,1.7894736842101922,0.0
A_Breakout,breakout_A,709,DOWN,2026-08-26 17:04:00,2026-08-26 17:05:00,359155,1.16467,0.9071428571429316,1.1647607142857144,1.1645339285714287,2026-08-26 17:05:00,1.1647607142857144,SL,0,-0.9999999999998253,0.0,-1.8740157480313806
A_Breakout,breakout_A,713,DOWN,2026-08-27 04:29:00,2026-08-27 04:30:00,359835,1.16507,1.057142857142804,1.1651757142857144,1.1649114285714286,2026-08-27 04:34:00,1.1649114285714286,TP,4,1.5000000000003002,1.6081081081082218,-0.5675675675671135
A_Breakout,breakout_A,717,DOWN,2026-08-28 10:24:00,2026-08-28 10:25:00,361622,1.16042,3.764285714285633,1.1607964285714285,1.1598553571428571,2026-08-28 10:27:00,1.1598553571428571,TP,2,1.500000000000042,1.833017077799112,-0.21252371916530252
A_Breakout,breakout_A,723,DOWN,2026-08-31 20:56:00,2026-08-31 20:57:00,363687,1.16181,0.935714285713913,1.1619035714285715,1.161669642857143,2026-08-31 21:05:00,1.161669642857143,TP,8,1.5000000000000846,3.099236641221555,-0.7480916030538879
A_Breakout,breakout_A,725,DOWN,2026-09-01 10:49:00,2026-09-01 10:50:00,364518,1.15987,1.3142857142860769,1.1600014285714286,1.159672857142857,2026-09-01 10:50:00,1.1600014285714286,SL,0,-1.0000000000004827,0.6086956521726643,-1.141304347826491
A_Breakout,breakout_A,727,DOWN,2026-09-01 18:43:00,2026-09-01 18:44:00,364988,1.15925,0.3357142857137888,1.1592835714285712,1.1591996428571427,2026-09-01 18:52:00,1.1592835714285712,SL,8,-0.9999999999976378,0.29787234042131017,-1.7872340425609314
