swing_id,direction,trend,economic_regime,bars,swing_pips,median_range_pips,median_body_pips,mean_body_ratio,bullish_candle_pct,strong_directional_candle_pct,break_above_20m_pct,break_below_20m_pct,median_atr14_pips,max_prior_fibo_retracement_pct,endpoint_fibo_zone
14,UP,UP,UP,573,58.400000000000674,1.500000000000945,0.700000000000145,0.5091519499203196,0.5165794066317626,0.2006980802792321,0.11343804537521815,0.04363001745200698,1.6499999999998658,302.590673575135,261.8-361.8
16,UP,UP,UP,989,121.09999999999845,1.500000000000945,0.700000000000145,0.5023857922667713,0.5025278058645096,0.2123356926188069,0.09302325581395349,0.03943377148634985,1.7785714285715022,704.0697674418743,>=423.6
24,UP,UP,UP,1491,93.700000000001,1.100000000000545,0.5000000000010552,0.5385000378847971,0.49295774647887325,0.20590207914151576,0.07578806170355466,0.03420523138832998,1.2857142857144612,141.3273001508329,127.2-161.8
34,UP,UP,UP,51,19.29999999999988,1.500000000000945,0.700000000000145,0.47130951975244356,0.5686274509803921,0.23529411764705882,0.0784313725490196,0.0,1.5857142857145234,126.1437908496881,100-127.2
36,UP,UP,UP,1077,71.699999999999,0.9999999999998899,0.4999999999988347,0.535480875174108,0.49396471680594245,0.22098421541318478,0.06592386258124419,0.04178272980501393,1.1500000000003967,273.66412213739375,261.8-361.8
38,UP,UP,UP,321,46.90000000000083,1.4999999999987246,0.700000000000145,0.5186111398561096,0.514018691588785,0.205607476635514,0.08099688473520249,0.040498442367601244,1.5285714285711332,182.49027237354684,161.8-200
42,UP,UP,UP,237,44.99999999999949,1.9999999999997797,0.8999999999992347,0.5124681509528273,0.5274261603375527,0.2320675105485232,0.11814345991561181,0.04219409282700422,2.185714285714648,99.77827050997638,78.6-100
46,UP,UP,UP,1156,42.899999999999054,0.9999999999998899,0.40000000000040004,0.533002821786027,0.47664359861591693,0.2050173010380623,0.06487889273356401,0.04757785467128028,1.2071428571431524,67.98732171156703,61.8-78.6
50,UP,UP,UP,525,44.500000000000654,1.40000000000029,0.6000000000017103,0.5023640791645478,0.4876190476190476,0.19047619047619047,0.0761904761904762,0.0380952380952381,1.5428571428567825,304.79452054794615,261.8-361.8
60,UP,UP,UP,751,49.70000000000141,0.8000000000008001,0.40000000000040004,0.5404042981694706,0.45006657789613846,0.20505992010652463,0.07323568575233022,0.03861517976031957,0.8999999999998691,107.11206896552079,100-127.2
64,UP,UP,UP,96,28.599999999998627,1.9000000000002348,0.8000000000008001,0.48719810265735175,0.5833333333333334,0.1875,0.08333333333333333,0.03125,2.3535714285713834,169.23076923076417,161.8-200
68,UP,UP,UP,483,37.8999999999996,1.100000000000545,0.5000000000010552,0.5278173770058758,0.515527950310559,0.2194616977225673,0.09109730848861283,0.035196687370600416,1.2928571428572067,97.93281653747127,78.6-100
72,UP,UP,UP,1499,102.99999999999976,1.2999999999996348,0.5999999999994898,0.5158031590399041,0.4916611074049366,0.19079386257505004,0.07071380920613743,0.04136090727151434,1.5428571428567825,201.17187499999898,200-261.8
74,UP,UP,UP,764,65.10000000000016,1.100000000000545,0.5000000000010552,0.5194082283740672,0.4869109947643979,0.21335078534031413,0.09554973821989529,0.031413612565445025,1.3142857142854427,185.99999999999736,161.8-200
76,UP,UP,UP,1320,85.39999999999992,1.2000000000012,0.5999999999994898,0.5311557477972575,0.4856060606060606,0.1962121212121212,0.07878787878787878,0.038636363636363635,1.414285714285939,262.76923076923254,261.8-361.8
79,DOWN,DOWN,DOWN,763,37.0999999999988,1.2999999999996348,0.5999999999994898,0.4960444856236775,0.4456094364351245,0.17300131061598953,0.047182175622542594,0.07077326343381389,1.4571428571430456,144.357976653694,127.2-161.8
81,DOWN,DOWN,DOWN,840,57.49999999999922,1.40000000000029,0.5999999999994898,0.5108679922002521,0.4238095238095238,0.20476190476190476,0.036904761904761905,0.075,1.5642857142857323,342.2619047619197,261.8-361.8
83,DOWN,DOWN,DOWN,430,38.89999999999949,1.40000000000029,0.700000000000145,0.5123047636606667,0.44651162790697674,0.20930232558139536,0.030232558139534883,0.08604651162790698,1.5249999999998398,214.91712707183615,200-261.8
87,DOWN,DOWN,DOWN,180,20.7999999999986,1.0999999999983245,0.49999999999994493,0.5322048306725349,0.45,0.2,0.022222222222222223,0.1,1.2321428571426818,133.33333333332385,127.2-161.8
89,DOWN,DOWN,DOWN,336,20.700000000000163,0.5000000000010552,0.20000000000131024,0.4933433314282209,0.39880952380952384,0.20833333333333334,0.01488095238095238,0.06547619047619048,0.6392857142862545,57.182320441990086,50-61.8
93,DOWN,DOWN,DOWN,411,29.90000000000048,0.7999999999985796,0.40000000000040004,0.5533521976533939,0.40875912408759124,0.23114355231143552,0.038929440389294405,0.09002433090024331,0.8142857142856563,111.56716417910562,100-127.2
97,DOWN,DOWN,DOWN,967,50.09999999999959,0.7999999999985796,0.3999999999981796,0.532325093135624,0.4250258531540848,0.20992761116856257,0.033092037228541885,0.06825232678386763,0.9428571428572927,116.24129930394238,100-127.2
105,DOWN,DOWN,DOWN,525,55.30000000000035,1.40000000000029,0.700000000000145,0.5201854563112198,0.4228571428571429,0.21904761904761905,0.03619047619047619,0.10285714285714286,1.5642857142858115,252.5114155251256,200-261.8
114,UP,UP,UP,48,11.900000000000244,1.100000000000545,0.4500000000007276,0.49492047429261676,0.5,0.20833333333333334,0.125,0.0,1.1785714285716158,82.06896551724581,78.6-100
116,UP,UP,UP,1763,83.49999999999858,0.9000000000014552,0.40000000000040004,0.5359719487068032,0.45830969937606353,0.20249574588769143,0.07430516165626773,0.041406693136698806,1.0214285714289189,315.09433962263125,261.8-361.8
118,UP,UP,UP,549,61.59999999999943,1.1999999999989797,0.5999999999994898,0.5109784896508638,0.5136612021857924,0.21493624772313297,0.0947176684881603,0.029143897996357013,1.2857142857143027,270.17543859650795,261.8-361.8
128,UP,UP,UP,993,76.99999999999818,1.1999999999989797,0.5999999999994898,0.537538356866195,0.49647532729103727,0.229607250755287,0.10171198388721048,0.0513595166163142,1.4428571428572377,409.5744680851225,361.8-423.6
151,DOWN,DOWN,DOWN,496,61.500000000001,1.80000000000069,0.8000000000008001,0.4902270019247847,0.4314516129032258,0.21370967741935484,0.03024193548387097,0.09879032258064516,1.9499999999997693,211.34020618557275,200-261.8
153,DOWN,DOWN,DOWN,172,19.000000000000128,0.6000000000006,0.30000000000196536,0.5895280082281917,0.37209302325581395,0.29069767441860467,0.011627906976744186,0.09883720930232558,0.8214285714287188,63.54515050167164,61.8-78.6
159,DOWN,DOWN,DOWN,158,18.700000000000383,0.5000000000010552,0.2999999999997449,0.5571745489979768,0.3227848101265823,0.27848101265822783,0.02531645569620253,0.17088607594936708,0.6142857142857735,100.0,100-127.2
160,UP,UP,UP,1490,84.40000000000003,1.100000000000545,0.5999999999994898,0.5373791756905555,0.489261744966443,0.1966442953020134,0.09463087248322148,0.0610738255033557,1.2071428571430731,451.3368983957128,>=423.6
162,UP,UP,UP,755,66.19999999999848,0.8999999999992347,0.40000000000040004,0.5351848438592405,0.4821192052980132,0.22781456953642384,0.10198675496688742,0.04370860927152318,1.0428571428569964,135.65573770491505,127.2-161.8
164,UP,UP,UP,854,25.50000000000052,0.5999999999994898,0.2999999999997449,0.571280891362894,0.4238875878220141,0.22131147540983606,0.08196721311475409,0.04566744730679157,0.7535714285713693,69.10569105691252,61.8-78.6
168,UP,UP,UP,201,24.600000000001288,1.1999999999989797,0.4999999999988347,0.4989029317790617,0.5074626865671642,0.19900497512437812,0.0945273631840796,0.029850746268656716,1.2928571428573652,150.92024539877903,127.2-161.8
170,UP,UP,UP,597,62.89999999999907,1.2999999999996348,0.6000000000017103,0.5326462104046824,0.49748743718592964,0.23618090452261306,0.09380234505862646,0.03685092127303183,1.3642857142860874,237.35849056603053,200-261.8
176,UP,UP,UP,854,61.59999999999943,0.5999999999994898,0.2999999999997449,0.5457587427903806,0.477751756440281,0.2306791569086651,0.09836065573770492,0.03395784543325527,0.6642857142855458,192.49999999999272,161.8-200
178,UP,UP,UP,634,41.90000000000138,1.2999999999996348,0.6000000000017103,0.5137337049438444,0.5220820189274448,0.20031545741324921,0.09305993690851735,0.026813880126182965,1.3857142857145612,246.47058823529719,200-261.8
188,UP,UP,UP,102,23.699999999999832,1.4499999999995072,0.5999999999994898,0.494135092836482,0.5882352941176471,0.17647058823529413,0.08823529411764706,0.00980392156862745,1.5071428571429766,141.07142857143563,127.2-161.8
190,UP,UP,UP,2032,92.30000000000072,0.9000000000014552,0.40000000000040004,0.5410321738558141,0.4734251968503937,0.21013779527559054,0.07677165354330709,0.047244094488188976,1.0428571428569964,218.72037914691532,200-261.8
192,UP,UP,UP,653,80.59999999999957,1.40000000000029,0.700000000000145,0.5200358155524057,0.5038284839203675,0.2327718223583461,0.12404287901990811,0.05053598774885146,1.485714285714344,321.1155378486023,261.8-361.8
198,UP,UP,UP,414,42.40000000000022,1.1999999999989797,0.5000000000010552,0.5037503084960159,0.5169082125603864,0.2246376811594203,0.10869565217391304,0.03140096618357488,1.2999999999998726,181.97424892702665,161.8-200
202,UP,UP,UP,75,12.299999999998423,0.700000000000145,0.2999999999997449,0.5768650134085814,0.5333333333333333,0.29333333333333333,0.09333333333333334,0.013333333333333334,0.7714285714283913,109.8214285714353,100-127.2
204,UP,UP,UP,472,59.79999999999875,1.40000000000029,0.700000000000145,0.5361704587813649,0.5127118644067796,0.2330508474576271,0.10805084745762712,0.038135593220338986,1.4928571428570894,404.05405405406583,361.8-423.6
216,UP,UP,UP,1776,89.39999999999948,0.9999999999998899,0.4999999999988347,0.5447580538701423,0.4600225225225225,0.21677927927927929,0.08277027027027027,0.051238738738738736,1.114285714286115,951.0638297872883,>=423.6
218,UP,UP,UP,625,44.200000000000905,0.8000000000008001,0.40000000000040004,0.5402090609899242,0.488,0.2288,0.0944,0.0432,0.8999999999997106,115.10416666666706,100-127.2
222,UP,UP,UP,304,27.099999999999905,0.9999999999998899,0.40000000000040004,0.5174813988350264,0.4868421052631579,0.18421052631578946,0.039473684210526314,0.046052631578947366,1.224999999999857,157.5581395348883,127.2-161.8
230,UP,UP,UP,769,30.39999999999932,0.6000000000017103,0.2999999999997449,0.567240084121526,0.44733420026007803,0.21976592977893367,0.07932379713914174,0.04031209362808843,0.7071428571430489,76.5743073047836,61.8-78.6
234,UP,UP,UP,748,44.69999999999974,0.7999999999985796,0.40000000000040004,0.5617094427642411,0.47459893048128343,0.23663101604278075,0.0855614973262032,0.040106951871657755,0.8142857142857356,114.61538461538352,100-127.2
240,UP,UP,UP,358,69.79999999999987,1.500000000000945,0.700000000000145,0.49358757981424556,0.5251396648044693,0.21508379888268156,0.1452513966480447,0.030726256983240222,1.7285714285712541,193.88888888888593,161.8-200
242,UP,UP,UP,388,32.2,0.8000000000008001,0.40000000000040004,0.5743035153610098,0.4948453608247423,0.2345360824742268,0.13917525773195877,0.03865979381443299,0.8892857142855133,178.88888888888656,161.8-200
252,UP,UP,UP,1348,80.4999999999989,1.100000000000545,0.5000000000010552,0.5544093603026468,0.4814540059347181,0.22403560830860533,0.08234421364985163,0.05712166172106825,1.2428571428570376,189.4117647058858,161.8-200
264,UP,UP,UP,545,63.50000000000078,1.100000000000545,0.5999999999994898,0.5493090058345617,0.4954128440366973,0.22935779816513763,0.10458715596330276,0.062385321100917435,1.2142857142858978,128.02419354838673,127.2-161.8
266,UP,UP,UP,538,37.700000000000514,0.9999999999998899,0.4999999999988347,0.5378632517292352,0.49256505576208176,0.22304832713754646,0.10223048327137546,0.055762081784386616,1.078571428571516,124.83443708609347,100-127.2
268,UP,UP,UP,774,136.39999999999876,1.2999999999996348,0.5000000000010552,0.5104059612104689,0.520671834625323,0.20930232558139536,0.10981912144702842,0.037467700258397935,1.435714285714334,836.8098159509021,>=423.6
274,UP,UP,UP,1413,89.39999999999948,1.100000000000545,0.5000000000010552,0.5507980075210519,0.4989384288747346,0.23849964614295824,0.10332625619249823,0.03821656050955414,1.1642857142850944,121.96452933151633,100-127.2
276,UP,UP,UP,897,169.2999999999989,1.500000000000945,0.700000000000145,0.5097858760082906,0.5217391304347826,0.22408026755852842,0.11705685618729098,0.032329988851727984,1.6785714285716402,549.6753246753261,>=423.6
280,UP,UP,UP,725,232.00000000000108,2.100000000000435,1.0999999999983245,0.5304856958448042,0.5006896551724138,0.2413793103448276,0.12137931034482759,0.041379310344827586,2.5285714285721337,409.1710758377398,361.8-423.6
284,UP,UP,UP,720,100.70000000000024,1.5500000000001624,0.7499999999993623,0.5348430070001697,0.5152777777777777,0.23333333333333334,0.11388888888888889,0.05416666666666667,1.6071428571428388,77.46153846153923,61.8-78.6
299,DOWN,DOWN,DOWN,1132,55.29999999999813,1.40000000000029,0.6000000000017103,0.5184153638005342,0.4584805653710247,0.21201413427561838,0.053003533568904596,0.061837455830388695,1.6285714285714712,95.50949913643953,78.6-100
315,DOWN,DOWN,DOWN,561,42.29999999999956,0.9999999999998899,0.4999999999988347,0.5331825719921128,0.43137254901960786,0.23172905525846701,0.0338680926916221,0.06951871657754011,1.1571428571425078,105.7499999999988,100-127.2
319,DOWN,DOWN,DOWN,269,32.40000000000131,0.9999999999998899,0.5000000000010552,0.559035848084214,0.4423791821561338,0.2527881040892193,0.02973977695167286,0.09665427509293681,1.1142857142861942,62.91262135922601,61.8-78.6
323,DOWN,DOWN,DOWN,397,26.50000000000041,0.8999999999992347,0.40000000000040004,0.5467752165725307,0.4357682619647355,0.23425692695214106,0.03526448362720403,0.08312342569269521,0.9857142857143991,153.17919075144664,127.2-161.8
327,DOWN,DOWN,DOWN,50,9.899999999998244,0.700000000000145,0.34999999999896225,0.5283903325430126,0.38,0.22,0.02,0.16,0.796428571428555,43.805309734506885,38.2-50
329,DOWN,DOWN,DOWN,1395,41.70000000000008,0.700000000000145,0.2999999999997449,0.5481362963277284,0.4222222222222222,0.2172043010752688,0.03655913978494624,0.06810035842293907,0.871428571428412,412.8712871287318,361.8-423.6
331,DOWN,DOWN,DOWN,376,44.8000000000004,1.40000000000029,0.700000000000145,0.5151501359369502,0.4627659574468085,0.22872340425531915,0.007978723404255319,0.08776595744680851,1.5178571428570153,212.32227488151278,200-261.8
335,DOWN,DOWN,DOWN,530,66.69999999999953,1.2999999999996348,0.5999999999994898,0.5312242627041378,0.40943396226415096,0.2358490566037736,0.024528301886792454,0.09811320754716982,1.4428571428573962,331.8407960198871,261.8-361.8
342,UP,UP,UP,319,38.89999999999949,1.3000000000018552,0.6000000000017103,0.5223251270950571,0.5078369905956113,0.20376175548589343,0.09404388714733543,0.047021943573667714,1.3714285714289913,201.5544041450764,200-261.8
344,UP,UP,UP,525,79.49999999999902,1.7000000000000348,0.700000000000145,0.5134317971464465,0.4895238095238095,0.18476190476190477,0.09333333333333334,0.049523809523809526,1.9999999999997797,294.444444444449,261.8-361.8
350,UP,UP,UP,543,36.30000000000023,0.8999999999992347,0.40000000000040004,0.5634672256077538,0.4880294659300184,0.23572744014732966,0.09392265193370165,0.011049723756906077,1.0000000000002072,196.2162162162037,161.8-200
352,UP,UP,UP,856,57.89999999999962,0.9999999999998899,0.5000000000010552,0.548993758517888,0.46845794392523366,0.23948598130841123,0.09579439252336448,0.026869158878504672,1.0785714285716745,156.91056910569125,127.2-161.8
354,UP,UP,UP,856,47.90000000000072,0.8999999999992347,0.40000000000040004,0.54071920180823,0.477803738317757,0.20794392523364486,0.08878504672897196,0.038551401869158876,0.9785714285713366,86.93284936479411,78.6-100
363,DOWN,DOWN,DOWN,439,85.80000000000032,2.6999999999999247,1.2999999999996348,0.511934049191546,0.44646924829157175,0.214123006833713,0.03644646924829157,0.0979498861047836,2.928571428571423,136.1904761904773,127.2-161.8
365,DOWN,DOWN,DOWN,591,75.3999999999988,1.80000000000069,0.8999999999992347,0.5153472520290804,0.43993231810490696,0.21489001692047377,0.028764805414551606,0.09306260575296109,1.9999999999997797,120.83333333333096,100-127.2
371,DOWN,DOWN,DOWN,317,64.50000000000067,1.7000000000000348,0.700000000000145,0.539494984618517,0.38801261829652994,0.2302839116719243,0.015772870662460567,0.11987381703470032,1.9999999999997797,106.9651741293547,100-127.2
373,DOWN,DOWN,DOWN,1293,113.60000000000036,1.500000000000945,0.700000000000145,0.517547620911151,0.4539829853054911,0.21036349574632637,0.037122969837587005,0.07733952049497293,1.7142857142858428,266.666666666658,261.8-361.8
375,DOWN,DOWN,DOWN,562,56.59999999999998,1.80000000000069,0.8000000000008001,0.5194512282741871,0.45195729537366547,0.2188612099644128,0.042704626334519574,0.08896797153024912,2.042857142857124,164.05797101449494,161.8-200
377,DOWN,DOWN,DOWN,431,96.7999999999991,0.9999999999998899,0.5000000000010552,0.5360542500124644,0.39211136890951276,0.26450116009280744,0.018561484918793503,0.16473317865429235,1.0285714285715055,483.9999999999951,>=423.6
379,DOWN,DOWN,DOWN,415,79.29999999999993,1.80000000000069,0.8000000000008001,0.5047387169097494,0.42650602409638555,0.24096385542168675,0.021686746987951807,0.13734939759036144,1.9714285714284812,138.39441535776572,127.2-161.8
389,DOWN,DOWN,DOWN,560,105.5000000000006,2.500000000000835,1.1999999999989797,0.5078669385207167,0.475,0.20357142857142857,0.05,0.10714285714285714,2.8035714285710798,281.3333333333242,261.8-361.8
391,DOWN,DOWN,DOWN,383,48.2999999999989,1.2999999999996348,0.700000000000145,0.5355217524017152,0.4386422976501306,0.20887728459530025,0.02610966057441253,0.09399477806788512,1.3714285714291499,116.1057692307682,100-127.2
395,DOWN,DOWN,DOWN,364,56.0000000000005,2.2999999999995246,1.100000000000545,0.5057734537503932,0.46153846153846156,0.2032967032967033,0.04945054945054945,0.12087912087912088,2.310714285714198,198.58156028368654,161.8-200
397,DOWN,DOWN,DOWN,834,87.50000000000036,1.7000000000000348,0.7999999999985796,0.5286558127796088,0.447242206235012,0.2170263788968825,0.049160671462829736,0.08513189448441247,1.9499999999998485,184.98942917547163,161.8-200
401,DOWN,DOWN,DOWN,393,50.49999999999999,2.4000000000001798,1.100000000000545,0.4985188578184806,0.49363867684478374,0.19083969465648856,0.030534351145038167,0.058524173027989825,2.6642857142861978,120.23809523809574,100-127.2
403,DOWN,DOWN,DOWN,134,49.99999999999893,2.2999999999995246,0.9999999999998899,0.44053222330734504,0.43283582089552236,0.15671641791044777,0.03731343283582089,0.09701492537313433,2.3928571428569585,125.62814070351192,100-127.2
407,DOWN,DOWN,DOWN,971,62.60000000000154,1.500000000000945,0.5999999999994898,0.5005503972076187,0.43666323377960864,0.19670442842430483,0.03913491246138002,0.08444902162718847,1.8500000000005417,210.06711409396615,200-261.8
409,DOWN,DOWN,DOWN,937,52.59999999999821,1.5999999999993797,0.700000000000145,0.5163002843531617,0.4599786552828175,0.20917822838847386,0.04589114194236926,0.0736392742796158,1.7428571428569826,287.4316939890615,261.8-361.8
413,DOWN,DOWN,DOWN,432,59.8999999999994,1.2999999999996348,0.5000000000010552,0.4854074126029601,0.4027777777777778,0.18055555555555555,0.020833333333333332,0.10648148148148148,1.478571428571123,130.78602620087122,127.2-161.8
415,DOWN,DOWN,DOWN,649,78.09999999999873,1.500000000000945,0.700000000000145,0.5274751225786676,0.44838212634822805,0.22033898305084745,0.03697996918335902,0.09399075500770417,1.6071428571426007,233.8323353293446,200-261.8
417,DOWN,DOWN,DOWN,202,20.300000000001983,0.7499999999993623,0.40000000000040004,0.6077006736101013,0.39603960396039606,0.2623762376237624,0.04455445544554455,0.07425742574257425,0.9035714285710832,83.19672131148361,78.6-100
423,DOWN,DOWN,DOWN,604,96.49999999999936,1.5999999999993797,0.8000000000008001,0.5216049080852408,0.4271523178807947,0.21026490066225165,0.03145695364238411,0.08443708609271523,1.7142857142857633,330.47945205478857,261.8-361.8
429,DOWN,DOWN,DOWN,537,35.09999999999902,0.700000000000145,0.2999999999997449,0.5241868251314975,0.409683426443203,0.18808193668528864,0.0260707635009311,0.05027932960893855,0.8499999999998588,179.08163265305973,161.8-200
431,DOWN,DOWN,DOWN,105,24.999999999999467,0.5000000000010552,0.10000000000065512,0.573171128834979,0.24761904761904763,0.2571428571428571,0.0761904761904762,0.10476190476190476,1.2000000000000899,156.25000000001387,127.2-161.8
433,DOWN,DOWN,DOWN,691,47.39999999999967,0.8999999999992347,0.40000000000040004,0.5201987875880058,0.4283646888567294,0.22286541244573083,0.04341534008683068,0.06801736613603473,1.0642857142860254,71.27819548872083,61.8-78.6
437,DOWN,DOWN,DOWN,863,46.10000000000003,0.8000000000008001,0.30000000000196536,0.5286241223533734,0.4101969872537659,0.22595596755504055,0.03592120509849363,0.07184241019698726,0.842857142857272,57.55305867665529,50-61.8
441,DOWN,DOWN,DOWN,37,17.000000000000348,1.4999999999987246,0.8999999999992347,0.503035740344164,0.32432432432432434,0.24324324324324326,0.0,0.13513513513513514,1.900000000000076,54.83870967741866,50-61.8
445,DOWN,DOWN,DOWN,268,27.400000000001867,1.3000000000018552,0.6999999999979245,0.516229144758275,0.44776119402985076,0.1828358208955224,0.048507462686567165,0.06716417910447761,1.4142857142856218,133.65853658536798,127.2-161.8
447,DOWN,DOWN,DOWN,652,57.000000000000384,1.1999999999989797,0.5999999999994898,0.5229413547597397,0.4371165644171779,0.2147239263803681,0.0352760736196319,0.09202453987730061,1.3285714285714882,109.61538461538338,100-127.2
451,DOWN,DOWN,DOWN,819,36.79999999999906,0.8000000000008001,0.40000000000040004,0.5256016214894741,0.43833943833943834,0.1978021978021978,0.03663003663003663,0.06593406593406594,0.9285714285713262,59.35483870967606,50-61.8
453,DOWN,DOWN,DOWN,302,56.89999999999973,1.7499999999992522,0.8000000000008001,0.5174825100741188,0.4503311258278146,0.22847682119205298,0.046357615894039736,0.13245033112582782,2.0607142857142255,258.6363636363648,200-261.8
455,DOWN,DOWN,DOWN,1126,70.40000000000157,0.9999999999998899,0.4999999999988347,0.5096642747648601,0.43072824156305506,0.19982238010657194,0.03374777975133215,0.06660746003552398,1.2321428571428403,161.8390804597709,161.8-200
457,DOWN,DOWN,DOWN,663,34.600000000000186,1.0999999999983245,0.40000000000040004,0.479378876234563,0.44042232277526394,0.1870286576168929,0.02865761689291101,0.058823529411764705,1.1785714285715367,161.68224299065275,127.2-161.8
461,DOWN,DOWN,DOWN,93,16.499999999999293,0.700000000000145,0.3999999999981796,0.5584698815677167,0.40860215053763443,0.3010752688172043,0.0,0.1935483870967742,0.7785714285714538,82.0895522387997,78.6-100
465,DOWN,DOWN,DOWN,520,36.89999999999971,0.9999999999998899,0.4999999999988347,0.5032908330543666,0.4230769230769231,0.20961538461538462,0.032692307692307694,0.075,1.1964285714284792,59.51612903225776,50-61.8
467,DOWN,DOWN,DOWN,720,49.5000000000001,0.9000000000014552,0.40000000000040004,0.5160314836318273,0.41944444444444445,0.20833333333333334,0.041666666666666664,0.08333333333333333,1.1107142857143457,550.0000000000616,>=423.6
469,DOWN,DOWN,DOWN,488,26.80000000000016,0.7999999999996898,0.3999999999981796,0.5380534295951536,0.4180327868852459,0.2336065573770492,0.036885245901639344,0.0860655737704918,0.9285714285713262,62.32558139534963,61.8-78.6
471,DOWN,DOWN,DOWN,468,48.60000000000086,1.5999999999993797,0.700000000000145,0.4944614781782598,0.47435897435897434,0.202991452991453,0.029914529914529916,0.06837606837606838,1.6928571428571308,301.8633540372516,261.8-361.8
473,DOWN,DOWN,DOWN,272,34.30000000000044,0.9999999999998899,0.40000000000040004,0.4993752124688773,0.375,0.21691176470588236,0.014705882352941176,0.11397058823529412,1.0785714285714367,121.20141342755868,100-127.2
480,UP,UP,UP,644,37.199999999999456,1.40000000000029,0.5999999999994898,0.47908715418219255,0.4891304347826087,0.16770186335403728,0.07142857142857142,0.03881987577639751,1.4714285714288535,34.22263109475591,23.6-38.2
482,UP,UP,UP,816,105.69999999999968,1.1999999999989797,0.5000000000010552,0.509417306250231,0.4803921568627451,0.20098039215686275,0.08946078431372549,0.04534313725490196,1.3714285714284362,465.63876651982355,>=423.6
486,UP,UP,UP,175,33.499999999999645,1.500000000000945,0.7999999999985796,0.5134171343498879,0.56,0.22285714285714286,0.08571428571428572,0.022857142857142857,1.6357142857146925,181.0810810810665,161.8-200
488,UP,UP,UP,1435,65.60000000000122,0.9999999999998899,0.4999999999988347,0.5167965628075348,0.4759581881533101,0.19790940766550522,0.07456445993031359,0.04808362369337979,1.0928571428574825,117.35241502683613,100-127.2
502,UP,UP,UP,714,49.00000000000127,0.9999999999998899,0.4999999999988347,0.5233288333442888,0.4887955182072829,0.2030812324929972,0.07142857142857142,0.05042016806722689,1.1142857142857185,103.8135593220353,100-127.2
504,UP,UP,UP,181,32.90000000000015,1.0999999999983245,0.40000000000040004,0.5338594998810855,0.4419889502762431,0.2154696132596685,0.09944751381215469,0.049723756906077346,1.3142857142854427,115.43859649122783,100-127.2
506,UP,UP,UP,67,62.40000000000023,2.9999999999996696,1.40000000000029,0.5075332889643135,0.5074626865671642,0.19402985074626866,0.08955223880597014,0.029850746268656716,3.3357142857144098,78.987341772152,78.6-100
514,UP,UP,UP,398,60.7000000000002,0.9999999999998899,0.4999999999988347,0.5289581757546944,0.4748743718592965,0.2135678391959799,0.04522613065326633,0.04271356783919598,1.3107142857143077,200.99337748344283,200-261.8
516,UP,UP,UP,328,23.100000000000342,0.700000000000145,0.3500000000000725,0.5258931520320677,0.49390243902439024,0.2073170731707317,0.09146341463414634,0.039634146341463415,0.8571428571429214,120.31250000000668,100-127.2
520,UP,UP,UP,903,32.90000000000015,0.5999999999994898,0.2999999999997449,0.5292309971687524,0.4496124031007752,0.20487264673311184,0.0753045404208195,0.028792912513842746,0.7214285714290154,114.2361111111119,100-127.2
522,UP,UP,UP,41,28.500000000000192,2.100000000000435,1.2000000000012,0.49456264309933806,0.5121951219512195,0.2682926829268293,0.0975609756097561,0.0,1.542857142856941,174.84662576687015,161.8-200
524,UP,UP,UP,740,74.89999999999996,1.1999999999989797,0.5999999999994898,0.5160981788569347,0.5162162162162162,0.21486486486486486,0.08108108108108109,0.04054054054054054,1.2428571428572754,99.46879150066349,78.6-100
530,UP,UP,UP,1344,48.79999999999996,0.700000000000145,0.30000000000085514,0.5324115366808011,0.45014880952380953,0.18898809523809523,0.060267857142857144,0.046875,0.821428571428481,83.9931153184183,78.6-100
531,DOWN,DOWN,DOWN,2012,60.99999999999994,0.8000000000008001,0.3999999999981796,0.5309428160172591,0.43439363817097415,0.20526838966202784,0.041749502982107355,0.07654075546719682,0.914285714285677,125.0,100-127.2
537,DOWN,DOWN,DOWN,745,136.099999999999,1.2000000000012,0.5999999999994898,0.5137137745340723,0.42416107382550333,0.20268456375838925,0.032214765100671144,0.11677852348993288,1.2785714285715573,377.0083102492929,361.8-423.6
549,DOWN,DOWN,DOWN,941,53.19999999999992,1.100000000000545,0.5000000000010552,0.5138517380218259,0.43251859723698194,0.20935175345377258,0.04675876726886291,0.08926673751328375,1.1571428571433007,174.4262295081966,161.8-200
553,DOWN,DOWN,DOWN,693,25.300000000001432,1.100000000000545,0.5000000000010552,0.5058469120197074,0.43722943722943725,0.21356421356421357,0.04040404040404041,0.07503607503607504,1.2928571428573652,90.76923076923171,61.8-78.6
557,DOWN,DOWN,DOWN,381,36.89999999999971,0.9999999999998899,0.4999999999988347,0.5352988252854022,0.4146981627296588,0.23097112860892388,0.031496062992125984,0.11811023622047244,0.9999999999997312,157.69230769230586,127.2-161.8
559,DOWN,DOWN,DOWN,296,20.199999999999108,0.700000000000145,0.40000000000040004,0.5394634738165991,0.4189189189189189,0.2195945945945946,0.030405405405405407,0.08445945945945946,0.7999999999998484,175.6521739130381,161.8-200
565,DOWN,DOWN,DOWN,330,75.00000000000063,1.7499999999992522,0.8999999999992347,0.5358124589235193,0.403030303030303,0.23939393939393938,0.024242424242424242,0.1484848484848485,1.9142857142850116,148.809523809527,127.2-161.8
567,DOWN,DOWN,DOWN,863,69.6999999999992,0.8000000000008001,0.40000000000040004,0.5405481685767853,0.4264194669756663,0.23754345307068367,0.03707995365005794,0.10312862108922363,0.9285714285713262,203.2069970845432,200-261.8
569,DOWN,DOWN,DOWN,793,39.20000000000145,0.9000000000014552,0.40000000000040004,0.5432752805344263,0.43505674653215637,0.21941992433795712,0.04918032786885246,0.08953341740226986,1.042857142857472,62.42038216560678,61.8-78.6
571,DOWN,DOWN,DOWN,567,44.49999999999843,1.1999999999989797,0.5000000000010552,0.5006468415580058,0.42857142857142855,0.21516754850088182,0.03350970017636684,0.09876543209876543,1.3214285714286638,202.27272727272202,200-261.8
573,DOWN,DOWN,DOWN,60,13.299999999998311,0.6000000000017103,0.40000000000040004,0.5829226829228228,0.31666666666666665,0.31666666666666665,0.0,0.18333333333333332,0.7035714285715969,102.30769230769059,100-127.2
575,DOWN,DOWN,DOWN,1782,114.4999999999996,1.0999999999983245,0.4999999999988347,0.5194168762036375,0.45230078563411896,0.20987654320987653,0.045454545454545456,0.0718294051627385,1.2142857142853427,561.2745098039692,>=423.6
587,DOWN,DOWN,DOWN,150,12.499999999999734,0.5999999999994898,0.2999999999997449,0.5568354343051527,0.3933333333333333,0.26,0.04,0.1,0.635714285714406,92.5925925925932,78.6-100
591,DOWN,DOWN,DOWN,1330,74.89999999999996,0.8500000000000174,0.40000000000040004,0.5430173746175426,0.43157894736842106,0.22105263157894736,0.03458646616541353,0.07894736842105263,0.9714285714285913,138.44731977819066,127.2-161.8
593,DOWN,DOWN,DOWN,422,37.90000000000183,1.1999999999989797,0.5999999999994898,0.5143390894016314,0.42890995260663506,0.20616113744075829,0.035545023696682464,0.08767772511848342,1.2678571428571221,75.64870259481128,61.8-78.6
600,UP,UP,UP,531,39.59999999999964,0.700000000000145,0.2999999999997449,0.5426576390855898,0.4689265536723164,0.2222222222222222,0.0847457627118644,0.02448210922787194,0.7571428571422663,121.10091743119584,100-127.2
606,UP,UP,UP,881,58.10000000000093,0.7999999999985796,0.3999999999981796,0.5337602070467399,0.4540295119182747,0.19863791146424517,0.08172531214528944,0.046538024971623154,0.9000000000000277,143.45679012345522,127.2-161.8
616,UP,UP,UP,328,78.30000000000004,1.1999999999989797,0.5000000000010552,0.47671744049025383,0.4878048780487805,0.18292682926829268,0.08841463414634146,0.039634146341463415,1.2464285714280932,621.428571428662,>=423.6
618,UP,UP,UP,557,28.10000000000201,0.6000000000017103,0.2999999999997449,0.5580539649812648,0.4614003590664273,0.22980251346499103,0.09694793536804308,0.03590664272890485,0.7285714285717606,60.17130620985217,50-61.8
620,UP,UP,UP,385,76.6,1.500000000000945,0.700000000000145,0.50301631484645,0.548051948051948,0.21558441558441557,0.13506493506493505,0.012987012987012988,1.6642857142856737,202.64550264549638,200-261.8
636,UP,UP,UP,433,30.19999999999801,0.5999999999994898,0.20000000000131024,0.5542747022066025,0.47344110854503463,0.23787528868360278,0.07621247113163972,0.023094688221709007,0.6714285714285292,187.5776397515533,161.8-200
640,UP,UP,UP,96,24.800000000000377,1.1999999999989797,0.6499999999998174,0.5383346623599348,0.5625,0.2916666666666667,0.25,0.0,1.153571428571135,219.46902654866128,200-261.8
648,UP,UP,UP,339,21.500000000000963,0.700000000000145,0.2999999999997449,0.5453668360893931,0.5014749262536873,0.22713864306784662,0.07964601769911504,0.029498525073746312,0.7785714285717711,93.07359307359586,78.6-100
652,UP,UP,UP,393,102.70000000000002,1.5999999999993797,0.8000000000008001,0.5417681619603048,0.5318066157760815,0.2366412213740458,0.16030534351145037,0.022900763358778626,1.6499999999995487,252.95566502463353,200-261.8
656,UP,UP,UP,515,103.6999999999999,1.500000000000945,0.700000000000145,0.5076555895576902,0.537864077669903,0.21359223300970873,0.1087378640776699,0.02524271844660194,1.800000000000214,145.85091420534548,127.2-161.8
657,DOWN,DOWN,DOWN,1038,58.49999999999911,1.1999999999989797,0.5999999999994898,0.527515299101097,0.47398843930635837,0.21965317919075145,0.04431599229287091,0.06069364161849711,1.3285714285712504,56.412729026035834,50-61.8
659,DOWN,DOWN,DOWN,23,12.699999999998823,1.100000000000545,0.5000000000010552,0.5354113703858584,0.17391304347826086,0.30434782608695654,0.043478260869565216,0.2608695652173913,0.957142857142942,86.39455782312946,78.6-100
667,DOWN,DOWN,DOWN,1311,44.899999999998826,0.7999999999985796,0.3999999999981796,0.5327553747716175,0.43173150266971777,0.20900076277650648,0.04042715484363082,0.05873379099923722,0.8571428571430799,158.09859154929424,127.2-161.8
671,DOWN,DOWN,DOWN,767,29.700000000001392,0.8000000000008001,0.40000000000040004,0.5456535380480503,0.43415906127770537,0.22816166883963493,0.03780964797913951,0.06779661016949153,0.9071428571427731,166.85393258426672,161.8-200
673,DOWN,DOWN,DOWN,450,18.500000000001293,0.6000000000017103,0.2999999999997449,0.5206484046378018,0.42,0.20444444444444446,0.03333333333333333,0.08222222222222222,0.714285714285477,134.0579710144867,127.2-161.8
679,DOWN,DOWN,DOWN,363,19.400000000000528,0.5000000000010552,0.20000000000131024,0.500193355545984,0.3774104683195592,0.209366391184573,0.030303030303030304,0.09366391184573003,0.5714285714286671,170.1754385964748,161.8-200
687,DOWN,DOWN,DOWN,325,19.20000000000144,0.6000000000017103,0.2999999999997449,0.5408747863129124,0.4307692307692308,0.2246153846153846,0.04923076923076923,0.09230769230769231,0.6714285714280533,129.7297297297265,127.2-161.8
691,DOWN,DOWN,DOWN,60,11.6000000000005,0.8999999999992347,0.40000000000040004,0.513549668930104,0.31666666666666665,0.3,0.0,0.13333333333333333,0.9392857142856821,117.17171717171672,100-127.2
701,DOWN,DOWN,DOWN,1046,31.90000000000026,0.9999999999998899,0.40000000000040004,0.5079483041783748,0.4560229445506692,0.20650095602294455,0.03441682600382409,0.07074569789674952,1.0428571428567586,173.36956521740763,161.8-200
703,DOWN,DOWN,DOWN,403,19.799999999998708,0.5999999999994898,0.2999999999997449,0.5208619782532775,0.37965260545905705,0.22580645161290322,0.007444168734491315,0.0794044665012407,0.6500000000001346,126.92307692306817,100-127.2
707,DOWN,DOWN,DOWN,362,34.79999999999927,0.9999999999998899,0.5000000000010552,0.5309438125190501,0.40331491712707185,0.23480662983425415,0.03314917127071823,0.10220994475138122,0.9857142857143198,204.70588235293272,200-261.8
709,DOWN,DOWN,DOWN,24,8.099999999999774,0.3999999999992898,0.20000000000020002,0.5792653810837799,0.2916666666666667,0.2916666666666667,0.0,0.125,0.42857142857138136,62.79069767441621,61.8-78.6
713,DOWN,DOWN,DOWN,222,21.5999999999994,0.9500000000006725,0.5000000000010552,0.5366513962316926,0.3738738738738739,0.23423423423423423,0.04054054054054054,0.0990990990990991,1.0499999999999794,337.5000000000044,261.8-361.8
717,DOWN,DOWN,DOWN,421,83.10000000000039,1.1999999999989797,0.5999999999994898,0.5038232233944989,0.45368171021377673,0.2161520190023753,0.028503562945368172,0.10451306413301663,1.242857142856879,421.8274111675089,361.8-423.6
723,DOWN,DOWN,DOWN,462,36.599999999999966,0.700000000000145,0.2999999999997449,0.5196385340955085,0.4069264069264069,0.22294372294372294,0.023809523809523808,0.10173160173160173,0.8071428571430695,307.56302521007746,261.8-361.8
725,DOWN,DOWN,DOWN,127,23.399999999997867,1.100000000000545,0.5000000000010552,0.494053819984979,0.3858267716535433,0.2440944881889764,0.0,0.11811023622047244,1.2142857142855805,115.27093596058198,100-127.2
727,DOWN,DOWN,DOWN,519,29.799999999999827,0.6000000000017103,0.2999999999997449,0.5332734440522333,0.3988439306358382,0.2138728323699422,0.030828516377649325,0.09441233140655106,0.7285714285712849,263.7168141593247,261.8-361.8
