swing_id,direction,trend,swing_pips,bars,swing_trend_aligned,prior_direction,prior_swing_pips,prior_bars,current_end_retracement_pct,current_end_fib_zone,reversal_pct,reversal_fib_zone
5,DOWN,DOWN,71.699999999999,1296,True,UP,48.20000000000047,467.0,148.75518672198817,127.2-161.8,148.75518672198817,127.2-161.8
6,UP,UP,87.09999999999995,174,True,DOWN,71.699999999999,1296.0,121.47838214783984,100.0-127.2,121.47838214783984,100-127.2
9,DOWN,DOWN,46.200000000000685,319,True,UP,26.89999999999859,183.0,171.74721189592233,161.8-200.0,171.74721189592233,161.8-200
14,UP,UP,58.400000000000674,572,True,DOWN,19.299999999999876,126.0,302.590673575135,261.8-361.8,302.590673575135,261.8-361.8
16,UP,UP,121.09999999999845,988,True,DOWN,17.199999999999438,530.0,704.0697674418743,>=423.6,704.0697674418743,>=423.6
19,DOWN,DOWN,138.39999999999853,724,True,UP,85.9999999999994,476.0,160.93023255813893,127.2-161.8,160.93023255813893,127.2-161.8
23,DOWN,DOWN,66.29999999999913,1262,True,UP,42.49999999999865,835.0,156.00000000000293,127.2-161.8,156.00000000000293,127.2-161.8
24,UP,UP,93.700000000001,1490,True,DOWN,66.29999999999913,1262.0,141.3273001508329,127.2-161.8,141.3273001508329,127.2-161.8
27,DOWN,DOWN,90.99999999999886,967,True,UP,40.29999999999978,893.0,225.8064516129016,200.0-261.8,225.8064516129016,200-261.8
31,DOWN,DOWN,108.40000000000182,447,True,UP,23.300000000001653,164.0,465.2360515021208,>=423.6,465.2360515021208,>=423.6
34,UP,UP,19.299999999999876,50,True,DOWN,15.299999999998091,103.0,126.1437908496881,100.0-127.2,126.1437908496881,100-127.2
36,UP,UP,71.699999999999,1076,True,DOWN,26.200000000000667,133.0,273.66412213739375,261.8-361.8,273.66412213739375,261.8-361.8
38,UP,UP,46.90000000000083,320,True,DOWN,25.69999999999961,198.0,182.49027237354684,161.8-200.0,182.49027237354684,161.8-200
42,UP,UP,44.99999999999949,236,True,DOWN,45.100000000000136,283.0,99.77827050997638,78.6-100.0,99.77827050997638,78.6-100
43,DOWN,DOWN,31.799999999999606,399,True,UP,44.99999999999949,236.0,70.6666666666666,61.8-78.6,70.6666666666666,61.8-78.6
45,DOWN,DOWN,63.10000000000038,570,True,UP,48.90000000000061,428.0,129.03885480572515,127.2-161.8,129.03885480572515,127.2-161.8
46,UP,UP,42.899999999999054,1155,True,DOWN,63.10000000000038,570.0,67.98732171156703,61.8-78.6,67.98732171156703,61.8-78.6
50,UP,UP,44.500000000000654,524,True,DOWN,14.600000000000168,210.0,304.7945205479461,261.8-361.8,304.7945205479461,261.8-361.8
51,DOWN,DOWN,107.50000000000036,1087,True,UP,44.500000000000654,524.0,241.5730337078625,200.0-261.8,241.5730337078625,200-261.8
55,DOWN,DOWN,74.19999999999982,864,True,UP,27.199999999998337,259.0,272.79411764707487,261.8-361.8,272.79411764707487,261.8-361.8
57,DOWN,DOWN,29.399999999999427,108,True,UP,28.500000000000192,88.0,103.1578947368394,100.0-127.2,103.1578947368394,100-127.2
60,UP,UP,49.70000000000141,750,True,DOWN,46.39999999999978,197.0,107.1120689655208,100.0-127.2,107.1120689655208,100-127.2
61,DOWN,DOWN,106.00000000000163,822,True,UP,49.70000000000141,750.0,213.2796780684077,200.0-261.8,213.2796780684077,200-261.8
64,UP,UP,28.599999999998627,95,True,DOWN,16.899999999999693,64.0,169.23076923076417,161.8-200.0,169.23076923076417,161.8-200
68,UP,UP,37.8999999999996,482,True,DOWN,38.69999999999818,404.0,97.93281653747128,78.6-100.0,97.93281653747128,78.6-100
69,DOWN,DOWN,74.80000000000153,1081,True,UP,37.8999999999996,482.0,197.3614775725655,161.8-200.0,197.3614775725655,161.8-200
72,UP,UP,102.99999999999976,1498,True,DOWN,51.20000000000013,123.0,201.17187499999895,200.0-261.8,201.17187499999895,200-261.8
74,UP,UP,65.10000000000016,763,True,DOWN,35.00000000000058,254.0,185.99999999999736,161.8-200.0,185.99999999999736,161.8-200
76,UP,UP,85.39999999999992,1319,True,DOWN,32.49999999999975,366.0,262.76923076923254,261.8-361.8,262.76923076923254,261.8-361.8
77,DOWN,DOWN,78.70000000000044,902,True,UP,85.39999999999992,1319.0,92.15456674473128,78.6-100.0,92.15456674473128,78.6-100
79,DOWN,DOWN,37.0999999999988,762,True,UP,25.69999999999961,515.0,144.357976653694,127.2-161.8,144.357976653694,127.2-161.8
81,DOWN,DOWN,57.49999999999922,839,True,UP,16.799999999999038,387.0,342.2619047619197,261.8-361.8,342.2619047619197,261.8-361.8
83,DOWN,DOWN,38.89999999999949,429,True,UP,18.099999999998676,880.0,214.91712707183612,200.0-261.8,214.91712707183612,200-261.8
87,DOWN,DOWN,20.7999999999986,179,True,UP,15.600000000000058,96.0,133.33333333332385,127.2-161.8,133.33333333332385,127.2-161.8
88,UP,UP,36.19999999999956,796,True,DOWN,20.7999999999986,179.0,174.03846153847118,161.8-200.0,174.03846153847118,161.8-200
89,DOWN,DOWN,20.700000000000163,335,True,UP,36.19999999999956,796.0,57.182320441990086,50.0-61.8,57.182320441990086,50-61.8
92,UP,UP,26.80000000000016,269,True,DOWN,28.300000000001106,495.0,94.6996466431064,78.6-100.0,94.6996466431064,78.6-100
93,DOWN,DOWN,29.90000000000048,410,True,UP,26.80000000000016,269.0,111.56716417910562,100.0-127.2,111.56716417910562,100-127.2
94,UP,UP,50.3000000000009,1256,True,DOWN,29.90000000000048,410.0,168.22742474916416,161.8-200.0,168.22742474916416,161.8-200
97,DOWN,DOWN,50.09999999999959,966,True,UP,43.10000000000037,220.0,116.24129930394238,100.0-127.2,116.24129930394238,100-127.2
98,UP,UP,47.50000000000032,411,True,DOWN,50.09999999999959,966.0,94.81037924151838,78.6-100.0,94.81037924151838,78.6-100
105,DOWN,DOWN,55.30000000000035,524,True,UP,21.899999999999142,168.0,252.5114155251256,200.0-261.8,252.5114155251256,200-261.8
107,DOWN,DOWN,36.30000000000023,467,True,UP,19.900000000001583,663.0,182.4120603014941,161.8-200.0,182.4120603014941,161.8-200
109,DOWN,DOWN,39.80000000000095,479,True,UP,32.7999999999995,172.0,121.3414634146389,100.0-127.2,121.3414634146389,100-127.2
111,DOWN,DOWN,60.50000000000111,419,True,UP,35.400000000000986,372.0,170.90395480225826,161.8-200.0,170.90395480225826,161.8-200
114,UP,UP,11.900000000000244,47,True,DOWN,14.499999999999512,335.0,82.06896551724581,78.6-100.0,82.06896551724581,78.6-100
115,DOWN,DOWN,26.50000000000041,355,True,UP,11.900000000000244,47.0,222.689075630251,200.0-261.8,222.689075630251,200-261.8
116,UP,UP,83.49999999999858,1762,True,DOWN,26.50000000000041,355.0,315.09433962263125,261.8-361.8,315.09433962263125,261.8-361.8
118,UP,UP,61.59999999999943,548,True,DOWN,22.799999999998377,652.0,270.17543859650795,261.8-361.8,270.17543859650795,261.8-361.8
125,DOWN,DOWN,25.50000000000052,428,True,UP,18.199999999999328,151.0,140.10989010989817,127.2-161.8,140.10989010989817,127.2-161.8
128,UP,UP,76.99999999999818,992,True,DOWN,18.799999999998818,544.0,409.5744680851225,361.8-423.6,409.5744680851225,361.8-423.6
131,DOWN,DOWN,39.70000000000029,315,True,UP,25.19999999999856,399.0,157.5396825396927,127.2-161.8,157.5396825396927,127.2-161.8
135,DOWN,DOWN,29.50000000000008,424,True,UP,18.399999999998418,429.0,160.32608695653596,127.2-161.8,160.32608695653596,127.2-161.8
137,DOWN,DOWN,33.09999999999924,440,True,UP,20.000000000000018,100.0,165.49999999999605,161.8-200.0,165.49999999999605,161.8-200
141,DOWN,DOWN,36.30000000000023,134,True,UP,28.300000000001106,301.0,128.2685512367449,127.2-161.8,128.2685512367449,127.2-161.8
143,DOWN,DOWN,79.29999999999993,684,True,UP,25.800000000000267,835.0,307.3643410852679,261.8-361.8,307.3643410852679,261.8-361.8
145,DOWN,DOWN,31.89999999999804,266,True,UP,24.199999999998667,250.0,131.818181818181,127.2-161.8,131.818181818181,127.2-161.8
147,DOWN,DOWN,28.199999999998223,190,True,UP,19.399999999998307,394.0,145.36082474227155,127.2-161.8,145.36082474227155,127.2-161.8
150,UP,UP,29.09999999999968,548,True,DOWN,26.599999999998847,522.0,109.39849624060504,100.0-127.2,109.39849624060504,100-127.2
151,DOWN,DOWN,61.500000000001,495,True,UP,29.09999999999968,548.0,211.34020618557275,200.0-261.8,211.34020618557275,200-261.8
153,DOWN,DOWN,19.000000000000128,171,True,UP,29.90000000000048,280.0,63.54515050167164,61.8-78.6,63.54515050167164,61.8-78.6
156,UP,UP,40.599999999999525,286,True,DOWN,18.399999999998418,172.0,220.6521739130599,200.0-261.8,220.6521739130599,200-261.8
159,DOWN,DOWN,18.700000000000383,157,True,UP,18.700000000000383,591.0,100.0,100.0-127.2,100.0,100-127.2
160,UP,UP,84.40000000000003,1489,True,DOWN,18.700000000000383,157.0,451.3368983957128,>=423.6,451.3368983957128,>=423.6
161,DOWN,DOWN,48.79999999999996,452,True,UP,84.40000000000003,1489.0,57.81990521327006,50.0-61.8,57.81990521327006,50-61.8
162,UP,UP,66.19999999999848,754,True,DOWN,48.79999999999996,452.0,135.65573770491503,127.2-161.8,135.65573770491503,127.2-161.8
164,UP,UP,25.50000000000052,853,True,DOWN,36.89999999999971,407.0,69.10569105691252,61.8-78.6,69.10569105691252,61.8-78.6
165,DOWN,DOWN,46.800000000000175,642,True,UP,25.50000000000052,853.0,183.5294117647028,161.8-200.0,183.5294117647028,161.8-200
168,UP,UP,24.600000000001288,200,True,DOWN,16.300000000000203,355.0,150.92024539877903,127.2-161.8,150.92024539877903,127.2-161.8
170,UP,UP,62.89999999999907,596,True,DOWN,26.50000000000041,100.0,237.35849056603053,200.0-261.8,237.35849056603053,200-261.8
176,UP,UP,61.59999999999943,853,True,DOWN,32.00000000000092,170.0,192.49999999999272,161.8-200.0,192.49999999999272,161.8-200
178,UP,UP,41.90000000000138,633,True,DOWN,17.000000000000348,91.0,246.4705882352972,200.0-261.8,246.4705882352972,200-261.8
183,DOWN,DOWN,43.80000000000051,520,True,UP,30.79999999999972,613.0,142.20779220779517,127.2-161.8,142.20779220779517,127.2-161.8
188,UP,UP,23.699999999999832,101,True,DOWN,16.799999999999038,128.0,141.07142857143563,127.2-161.8,141.07142857143563,127.2-161.8
189,DOWN,DOWN,42.200000000001125,322,True,UP,23.699999999999832,101.0,178.05907172996382,161.8-200.0,178.05907172996382,161.8-200
190,UP,UP,92.30000000000072,2031,True,DOWN,42.200000000001125,322.0,218.7203791469153,200.0-261.8,218.7203791469153,200-261.8
192,UP,UP,80.59999999999957,652,True,DOWN,25.10000000000012,314.0,321.1155378486023,261.8-361.8,321.1155378486023,261.8-361.8
195,DOWN,DOWN,23.699999999999832,315,True,UP,12.199999999999989,198.0,194.262295081966,161.8-200.0,194.262295081966,161.8-200
197,DOWN,DOWN,23.300000000001653,818,True,UP,30.200000000000227,343.0,77.15231788079959,61.8-78.6,77.15231788079959,61.8-78.6
198,UP,UP,42.40000000000022,413,True,DOWN,23.300000000001653,818.0,181.97424892702665,161.8-200.0,181.97424892702665,161.8-200
202,UP,UP,12.299999999998423,74,True,DOWN,11.199999999997878,99.0,109.8214285714353,100.0-127.2,109.8214285714353,100-127.2
204,UP,UP,59.79999999999875,471,True,DOWN,14.799999999999258,245.0,404.0540540540658,361.8-423.6,404.0540540540658,361.8-423.6
205,DOWN,DOWN,100.99999999999996,982,True,UP,59.79999999999875,471.0,168.89632107023763,161.8-200.0,168.89632107023763,161.8-200
209,DOWN,DOWN,37.30000000000011,320,True,UP,14.600000000000168,312.0,255.47945205479232,200.0-261.8,255.47945205479232,200-261.8
211,DOWN,DOWN,60.59999999999954,1398,True,UP,50.39999999999934,87.0,120.23809523809592,100.0-127.2,120.23809523809592,100-127.2
216,UP,UP,89.39999999999948,1775,True,DOWN,9.399999999999409,96.0,951.0638297872885,>=423.6,951.0638297872885,>=423.6
218,UP,UP,44.200000000000905,624,True,DOWN,38.40000000000066,195.0,115.10416666666706,100.0-127.2,115.10416666666706,100-127.2
221,DOWN,DOWN,17.199999999999438,135,True,UP,14.00000000000068,55.0,122.8571428571329,100.0-127.2,122.8571428571329,100-127.2
222,UP,UP,27.099999999999905,303,True,DOWN,17.199999999999438,135.0,157.5581395348883,127.2-161.8,157.5581395348883,127.2-161.8
229,DOWN,DOWN,39.70000000000029,465,True,UP,35.30000000000033,254.0,112.46458923512724,100.0-127.2,112.46458923512724,100-127.2
230,UP,UP,30.39999999999932,768,True,DOWN,39.70000000000029,465.0,76.5743073047836,61.8-78.6,76.5743073047836,61.8-78.6
231,DOWN,DOWN,59.79999999999875,1589,True,UP,30.39999999999932,768.0,196.71052631578976,161.8-200.0,196.71052631578976,161.8-200
234,UP,UP,44.69999999999974,747,True,DOWN,39.00000000000014,141.0,114.61538461538352,100.0-127.2,114.61538461538352,100-127.2
237,DOWN,DOWN,82.09999999999829,682,True,UP,40.99999999999993,333.0,200.24390243902056,200.0-261.8,200.24390243902056,200-261.8
239,DOWN,DOWN,36.00000000000048,312,True,UP,22.699999999999942,303.0,158.59030837004656,127.2-161.8,158.59030837004656,127.2-161.8
240,UP,UP,69.79999999999987,357,True,DOWN,36.00000000000048,312.0,193.88888888888596,161.8-200.0,193.88888888888596,161.8-200
242,UP,UP,32.2,387,True,DOWN,18.000000000000238,301.0,178.88888888888656,161.8-200.0,178.88888888888656,161.8-200
243,DOWN,DOWN,59.10000000000082,749,True,UP,32.2,387.0,183.54037267081,161.8-200.0,183.54037267081,161.8-200
247,DOWN,DOWN,26.10000000000001,662,True,UP,25.69999999999961,400.0,101.5564202334646,100.0-127.2,101.5564202334646,100-127.2
249,DOWN,DOWN,57.40000000000079,2030,True,UP,10.3999999999993,71.0,551.9230769231217,>=423.6,551.9230769231217,>=423.6
251,DOWN,DOWN,42.49999999999865,104,True,UP,35.00000000000058,7.0,121.42857142856552,100.0-127.2,121.42857142856552,100-127.2
252,UP,UP,80.4999999999989,1347,True,DOWN,42.49999999999865,104.0,189.4117647058858,161.8-200.0,189.4117647058858,161.8-200
253,DOWN,DOWN,44.69999999999974,1004,True,UP,80.4999999999989,1347.0,55.52795031055944,50.0-61.8,55.52795031055944,50-61.8
257,DOWN,DOWN,43.5999999999992,169,True,UP,27.49999999999808,4.0,158.54545454546266,127.2-161.8,158.54545454546266,127.2-161.8
259,DOWN,DOWN,35.60000000000008,912,True,UP,27.500000000000306,1427.0,129.4545454545443,127.2-161.8,129.4545454545443,127.2-161.8
261,DOWN,DOWN,47.90000000000072,248,True,UP,15.000000000000568,190.0,319.33333333332604,261.8-361.8,319.33333333332604,261.8-361.8
263,DOWN,DOWN,49.60000000000076,413,True,UP,34.30000000000044,1462.0,144.60641399416943,127.2-161.8,144.60641399416943,127.2-161.8
264,UP,UP,63.50000000000078,544,True,DOWN,49.60000000000076,413.0,128.02419354838673,127.2-161.8,128.02419354838673,127.2-161.8
266,UP,UP,37.700000000000514,537,True,DOWN,30.200000000000227,132.0,124.83443708609347,100.0-127.2,124.83443708609347,100-127.2
268,UP,UP,136.39999999999876,773,True,DOWN,16.300000000000203,360.0,836.8098159509021,>=423.6,836.8098159509021,>=423.6
271,DOWN,DOWN,32.999999999998586,500,True,UP,23.599999999999177,333.0,139.83050847457517,127.2-161.8,139.83050847457517,127.2-161.8
273,DOWN,DOWN,73.29999999999836,578,True,UP,41.799999999998505,237.0,175.35885167464352,161.8-200.0,175.35885167464352,161.8-200
274,UP,UP,89.39999999999948,1412,True,DOWN,73.29999999999836,578.0,121.96452933151632,100.0-127.2,121.96452933151632,100-127.2
276,UP,UP,169.2999999999989,896,True,DOWN,30.79999999999972,548.0,549.6753246753261,>=423.6,549.6753246753261,>=423.6
280,UP,UP,232.00000000000108,724,True,DOWN,56.70000000000064,998.0,409.1710758377398,361.8-423.6,409.1710758377398,361.8-423.6
283,DOWN,DOWN,129.999999999999,707,True,UP,50.89999999999817,133.0,255.4027504911664,200.0-261.8,255.4027504911664,200-261.8
284,UP,UP,100.70000000000024,719,True,DOWN,129.999999999999,707.0,77.46153846153923,61.8-78.6,77.46153846153923,61.8-78.6
287,DOWN,DOWN,66.59999999999889,28,True,UP,34.600000000000186,237.0,192.4855491329437,161.8-200.0,192.4855491329437,161.8-200
291,DOWN,DOWN,44.99999999999949,109,True,UP,48.2999999999989,343.0,93.16770186335508,78.6-100.0,93.16770186335508,78.6-100
293,DOWN,DOWN,115.09999999999908,674,True,UP,56.49999999999933,129.0,203.7168141592928,200.0-261.8,203.7168141592928,200-261.8
295,DOWN,DOWN,95.3999999999988,453,True,UP,31.69999999999895,737.0,300.9463722397538,261.8-361.8,300.9463722397538,261.8-361.8
297,DOWN,DOWN,44.30000000000156,382,True,UP,48.50000000000021,756.0,91.34020618556984,78.6-100.0,91.34020618556984,78.6-100
298,UP,UP,57.89999999999962,1079,True,DOWN,44.30000000000156,382.0,130.6997742663602,127.2-161.8,130.6997742663602,127.2-161.8
299,DOWN,DOWN,55.29999999999813,1131,True,UP,57.89999999999962,1079.0,95.50949913643952,78.6-100.0,95.50949913643952,78.6-100
306,UP,UP,40.50000000000109,401,True,DOWN,16.100000000001113,99.0,251.5527950310453,200.0-261.8,251.5527950310453,200-261.8
308,UP,UP,116.89999999999978,948,True,DOWN,16.300000000000203,499.0,717.1779141104191,>=423.6,717.1779141104191,>=423.6
315,DOWN,DOWN,42.29999999999956,560,True,UP,40.00000000000004,93.0,105.7499999999988,100.0-127.2,105.7499999999988,100-127.2
316,UP,UP,40.99999999999993,654,True,DOWN,42.29999999999956,560.0,96.92671394799136,78.6-100.0,96.92671394799136,78.6-100
319,DOWN,DOWN,32.40000000000131,268,True,UP,51.49999999999988,751.0,62.91262135922601,61.8-78.6,62.91262135922601,61.8-78.6
320,UP,UP,37.700000000000514,574,True,DOWN,32.40000000000131,268.0,116.35802469135488,100.0-127.2,116.35802469135488,100-127.2
323,DOWN,DOWN,26.50000000000041,396,True,UP,17.300000000000093,396.0,153.17919075144664,127.2-161.8,153.17919075144664,127.2-161.8
326,UP,UP,22.599999999999287,885,True,DOWN,37.10000000000102,149.0,60.91644204851392,50.0-61.8,60.91644204851392,50-61.8
327,DOWN,DOWN,9.899999999998244,49,True,UP,22.599999999999287,885.0,43.805309734506885,38.2-50.0,43.805309734506885,38.2-50
329,DOWN,DOWN,41.70000000000008,1394,True,UP,10.099999999999554,31.0,412.8712871287318,361.8-423.6,412.8712871287318,361.8-423.6
331,DOWN,DOWN,44.8000000000004,375,True,UP,21.100000000000563,100.0,212.3222748815128,200.0-261.8,212.3222748815128,200-261.8
332,UP,UP,52.39999999999911,437,True,DOWN,44.8000000000004,375.0,116.9642857142827,100.0-127.2,116.9642857142827,100-127.2
335,DOWN,DOWN,66.69999999999953,529,True,UP,20.100000000000676,264.0,331.8407960198871,261.8-361.8,331.8407960198871,261.8-361.8
341,DOWN,DOWN,19.299999999999876,36,True,UP,12.399999999999078,147.0,155.64516129033314,127.2-161.8,155.64516129033314,127.2-161.8
342,UP,UP,38.89999999999949,318,True,DOWN,19.299999999999876,36.0,201.5544041450764,200.0-261.8,201.5544041450764,200-261.8
344,UP,UP,79.49999999999902,524,True,DOWN,26.999999999999247,96.0,294.444444444449,261.8-361.8,294.444444444449,261.8-361.8
345,DOWN,DOWN,66.69999999999953,1715,True,UP,79.49999999999902,524.0,83.89937106918285,78.6-100.0,83.89937106918285,78.6-100
350,UP,UP,36.30000000000023,542,True,DOWN,18.500000000001293,330.0,196.2162162162037,161.8-200.0,196.2162162162037,161.8-200
352,UP,UP,57.89999999999962,855,True,DOWN,36.89999999999971,264.0,156.91056910569125,127.2-161.8,156.91056910569125,127.2-161.8
353,DOWN,DOWN,55.09999999999904,962,True,UP,57.89999999999962,855.0,95.1640759930905,78.6-100.0,95.1640759930905,78.6-100
354,UP,UP,47.90000000000072,855,True,DOWN,55.09999999999904,962.0,86.93284936479411,78.6-100.0,86.93284936479411,78.6-100
357,DOWN,DOWN,296.7999999999993,2768,True,UP,36.49999999999931,201.0,813.1506849315203,>=423.6,813.1506849315203,>=423.6
363,DOWN,DOWN,85.80000000000032,438,True,UP,62.99999999999972,38.0,136.1904761904773,127.2-161.8,136.1904761904773,127.2-161.8
364,UP,UP,62.40000000000023,719,True,DOWN,85.80000000000032,438.0,72.72727272727273,61.8-78.6,72.72727272727273,61.8-78.6
365,DOWN,DOWN,75.3999999999988,590,True,UP,62.40000000000023,719.0,120.83333333333096,100.0-127.2,120.83333333333096,100-127.2
368,UP,UP,138.49999999999918,1222,True,DOWN,114.40000000000116,513.0,121.0664335664316,100.0-127.2,121.0664335664316,100-127.2
370,UP,UP,60.2999999999998,807,True,DOWN,38.49999999999909,345.0,156.62337662337978,127.2-161.8,156.62337662337978,127.2-161.8
371,DOWN,DOWN,64.50000000000067,316,True,UP,60.2999999999998,807.0,106.9651741293547,100.0-127.2,106.9651741293547,100-127.2
373,DOWN,DOWN,113.60000000000036,1292,True,UP,42.60000000000153,507.0,266.666666666658,261.8-361.8,266.666666666658,261.8-361.8
375,DOWN,DOWN,56.59999999999998,561,True,UP,34.49999999999953,407.0,164.05797101449494,161.8-200.0,164.05797101449494,161.8-200
377,DOWN,DOWN,96.7999999999991,430,True,UP,20.000000000000018,253.0,483.9999999999951,>=423.6,483.9999999999951,>=423.6
379,DOWN,DOWN,79.29999999999993,414,True,UP,57.300000000000125,326.0,138.39441535776572,127.2-161.8,138.39441535776572,127.2-161.8
382,UP,UP,110.90000000000045,690,True,DOWN,42.50000000000087,399.0,260.9411764705839,200.0-261.8,260.9411764705839,200-261.8
384,UP,UP,81.2999999999997,716,True,DOWN,59.00000000000016,660.0,137.79661016949066,127.2-161.8,137.79661016949066,127.2-161.8
389,DOWN,DOWN,105.5000000000006,559,True,UP,37.50000000000142,173.0,281.3333333333242,261.8-361.8,281.3333333333242,261.8-361.8
391,DOWN,DOWN,48.2999999999989,382,True,UP,41.59999999999941,342.0,116.1057692307682,100.0-127.2,116.1057692307682,100-127.2
392,UP,UP,173.20000000000002,626,True,DOWN,48.2999999999989,382.0,358.59213250518417,261.8-361.8,358.59213250518417,261.8-361.8
395,DOWN,DOWN,56.0000000000005,363,True,UP,28.200000000000447,154.0,198.5815602836865,161.8-200.0,198.5815602836865,161.8-200
397,DOWN,DOWN,87.50000000000036,833,True,UP,47.30000000000123,391.0,184.98942917547163,161.8-200.0,184.98942917547163,161.8-200
398,UP,UP,155.39999999999887,222,True,DOWN,87.50000000000036,833.0,177.59999999999798,161.8-200.0,177.59999999999798,161.8-200
401,DOWN,DOWN,50.49999999999999,392,True,UP,41.999999999999815,166.0,120.23809523809574,100.0-127.2,120.23809523809574,100-127.2
403,DOWN,DOWN,49.99999999999893,133,True,UP,39.80000000000095,67.0,125.62814070351192,100.0-127.2,125.62814070351192,100-127.2
404,UP,UP,73.59999999999812,453,True,DOWN,49.99999999999893,133.0,147.19999999999936,127.2-161.8,147.19999999999936,127.2-161.8
407,DOWN,DOWN,62.60000000000154,970,True,UP,29.799999999999827,144.0,210.06711409396613,200.0-261.8,210.06711409396613,200-261.8
409,DOWN,DOWN,52.59999999999821,936,True,UP,18.299999999999983,227.0,287.4316939890615,261.8-361.8,287.4316939890615,261.8-361.8
413,DOWN,DOWN,59.8999999999994,431,True,UP,45.80000000000028,198.0,130.78602620087122,127.2-161.8,130.78602620087122,127.2-161.8
415,DOWN,DOWN,78.09999999999873,648,True,UP,33.39999999999898,269.0,233.8323353293446,200.0-261.8,233.8323353293446,200-261.8
417,DOWN,DOWN,20.300000000001983,201,True,UP,24.399999999999977,347.0,83.19672131148361,78.6-100.0,83.19672131148361,78.6-100
420,UP,UP,169.6999999999993,1674,True,DOWN,33.199999999999896,571.0,511.1445783132525,>=423.6,511.1445783132525,>=423.6
423,DOWN,DOWN,96.49999999999936,603,True,UP,29.200000000000337,368.0,330.47945205478857,261.8-361.8,330.47945205478857,261.8-361.8
426,UP,UP,13.400000000001189,171,True,DOWN,32.300000000000665,386.0,41.48606811145794,38.2-50.0,41.48606811145794,38.2-50
428,UP,UP,19.599999999999618,327,True,DOWN,15.600000000000058,312.0,125.64102564102274,100.0-127.2,125.64102564102274,100-127.2
429,DOWN,DOWN,35.09999999999902,536,True,UP,19.599999999999618,327.0,179.08163265305973,161.8-200.0,179.08163265305973,161.8-200
431,DOWN,DOWN,24.999999999999467,104,True,UP,15.999999999998238,13.0,156.25000000001387,127.2-161.8,156.25000000001387,127.2-161.8
432,UP,UP,66.50000000000045,984,True,DOWN,24.999999999999467,104.0,266.0000000000075,261.8-361.8,266.0000000000075,261.8-361.8
433,DOWN,DOWN,47.39999999999967,690,True,UP,66.50000000000045,984.0,71.27819548872083,61.8-78.6,71.27819548872083,61.8-78.6
434,UP,UP,197.7999999999991,2093,True,DOWN,47.39999999999967,690.0,417.2995780590728,361.8-423.6,417.2995780590728,361.8-423.6
437,DOWN,DOWN,46.10000000000003,862,True,UP,80.0999999999985,1355.0,57.55305867665529,50.0-61.8,57.55305867665529,50-61.8
438,UP,UP,61.9000000000014,440,True,DOWN,46.10000000000003,862.0,134.2733188720203,127.2-161.8,134.2733188720203,127.2-161.8
441,DOWN,DOWN,17.000000000000348,36,True,UP,31.000000000001027,406.0,54.83870967741866,50.0-61.8,54.83870967741866,50-61.8
442,UP,UP,133.30000000000064,1927,True,DOWN,17.000000000000348,36.0,784.1176470588113,>=423.6,784.1176470588113,>=423.6
445,DOWN,DOWN,27.400000000001867,267,True,UP,20.500000000001076,214.0,133.65853658536798,127.2-161.8,133.65853658536798,127.2-161.8
446,UP,UP,52.00000000000094,971,True,DOWN,27.400000000001867,267.0,189.7810218978007,161.8-200.0,189.7810218978007,161.8-200
447,DOWN,DOWN,57.000000000000384,651,True,UP,52.00000000000094,971.0,109.61538461538338,100.0-127.2,109.61538461538338,100-127.2
448,UP,UP,82.2999999999996,1388,True,DOWN,57.000000000000384,651.0,144.385964912279,127.2-161.8,144.385964912279,127.2-161.8
450,UP,UP,61.99999999999983,1497,True,DOWN,120.29999999999986,526.0,51.53782211138813,50.0-61.8,51.53782211138813,50-61.8
451,DOWN,DOWN,36.79999999999906,818,True,UP,61.99999999999983,1497.0,59.35483870967606,50.0-61.8,59.35483870967606,50-61.8
453,DOWN,DOWN,56.89999999999973,301,True,UP,21.9999999999998,123.0,258.6363636363648,200.0-261.8,258.6363636363648,200-261.8
455,DOWN,DOWN,70.40000000000157,1125,True,UP,43.50000000000076,576.0,161.8390804597709,161.8-200.0,161.8390804597709,161.8-200
457,DOWN,DOWN,34.600000000000186,662,True,UP,21.400000000000308,15.0,161.68224299065275,127.2-161.8,161.68224299065275,127.2-161.8
461,DOWN,DOWN,16.499999999999293,92,True,UP,20.100000000000676,489.0,82.0895522387997,78.6-100.0,82.0895522387997,78.6-100
462,UP,UP,50.20000000000024,1045,True,DOWN,16.499999999999293,92.0,304.24242424243874,261.8-361.8,304.24242424243874,261.8-361.8
464,UP,UP,61.99999999999983,916,True,DOWN,30.09999999999957,3.0,205.9800664451851,200.0-261.8,205.9800664451851,200-261.8
465,DOWN,DOWN,36.89999999999971,519,True,UP,61.99999999999983,916.0,59.51612903225776,50.0-61.8,59.51612903225776,50-61.8
467,DOWN,DOWN,49.5000000000001,719,True,UP,8.999999999999009,190.0,550.0000000000616,>=423.6,550.0000000000616,>=423.6
468,UP,UP,42.9999999999997,698,True,DOWN,49.5000000000001,719.0,86.8686868686861,78.6-100.0,86.8686868686861,78.6-100
469,DOWN,DOWN,26.80000000000016,487,True,UP,42.9999999999997,698.0,62.32558139534963,61.8-78.6,62.32558139534963,61.8-78.6
471,DOWN,DOWN,48.60000000000086,467,True,UP,16.100000000001113,168.0,301.8633540372516,261.8-361.8,301.8633540372516,261.8-361.8
473,DOWN,DOWN,34.30000000000044,271,True,UP,28.300000000001106,317.0,121.20141342755868,100.0-127.2,121.20141342755868,100-127.2
474,UP,UP,86.50000000000047,870,True,DOWN,34.30000000000044,271.0,252.18658892128093,200.0-261.8,252.18658892128093,200-261.8
476,UP,UP,12.199999999999989,205,True,DOWN,17.500000000001403,300.0,69.71428571428005,61.8-78.6,69.71428571428005,61.8-78.6
478,UP,UP,66.39999999999979,471,True,DOWN,17.599999999999838,173.0,377.2727272727296,361.8-423.6,377.2727272727296,361.8-423.6
479,DOWN,DOWN,108.69999999999936,2304,True,UP,66.39999999999979,471.0,163.70481927710796,161.8-200.0,163.70481927710796,161.8-200
480,UP,UP,37.199999999999456,643,True,DOWN,108.69999999999936,2304.0,34.22263109475591,23.6-38.2,34.22263109475591,23.6-38.2
482,UP,UP,105.69999999999968,815,True,DOWN,22.699999999999942,315.0,465.6387665198236,>=423.6,465.6387665198236,>=423.6
486,UP,UP,33.499999999999645,174,True,DOWN,18.500000000001293,306.0,181.0810810810665,161.8-200.0,181.0810810810665,161.8-200
488,UP,UP,65.60000000000122,1434,True,DOWN,55.89999999999984,672.0,117.35241502683613,100.0-127.2,117.35241502683613,100-127.2
491,DOWN,DOWN,66.19999999999848,1354,True,UP,43.10000000000037,1063.0,153.59628770301143,127.2-161.8,153.59628770301143,127.2-161.8
493,DOWN,DOWN,9.300000000000974,127,True,UP,19.499999999998963,399.0,47.692307692315225,38.2-50.0,47.692307692315225,38.2-50
495,DOWN,DOWN,46.29999999999912,459,True,UP,9.900000000000464,32.0,467.6767676767368,>=423.6,467.6767676767368,>=423.6
499,DOWN,DOWN,104.40000000000003,1578,True,UP,14.899999999999912,40.0,700.6711409396016,>=423.6,700.6711409396016,>=423.6
501,DOWN,DOWN,47.20000000000057,832,True,UP,38.40000000000066,97.0,122.91666666666607,100.0-127.2,122.91666666666607,100-127.2
502,UP,UP,49.00000000000127,713,True,DOWN,47.20000000000057,832.0,103.8135593220353,100.0-127.2,103.8135593220353,100-127.2
504,UP,UP,32.90000000000015,180,True,DOWN,28.500000000000192,372.0,115.43859649122784,100.0-127.2,115.43859649122784,100-127.2
505,DOWN,DOWN,79.00000000000018,2400,True,UP,32.90000000000015,180.0,240.12158054711196,200.0-261.8,240.12158054711196,200-261.8
506,UP,UP,62.40000000000023,66,True,DOWN,79.00000000000018,2400.0,78.987341772152,78.6-100.0,78.987341772152,78.6-100
509,DOWN,DOWN,59.00000000000016,326,True,UP,41.49999999999877,50.0,142.1686746987998,127.2-161.8,142.1686746987998,127.2-161.8
513,DOWN,DOWN,30.200000000000227,65,True,UP,25.10000000000012,42.0,120.3187250996019,100.0-127.2,120.3187250996019,100-127.2
514,UP,UP,60.7000000000002,397,True,DOWN,30.200000000000227,65.0,200.99337748344283,200.0-261.8,200.99337748344283,200-261.8
516,UP,UP,23.100000000000342,327,True,DOWN,19.199999999999218,385.0,120.31250000000668,100.0-127.2,120.31250000000668,100-127.2
517,DOWN,DOWN,28.799999999999937,1084,True,UP,23.100000000000342,327.0,124.67532467532256,100.0-127.2,124.67532467532256,100-127.2
520,UP,UP,32.90000000000015,902,True,DOWN,28.799999999999937,307.0,114.2361111111119,100.0-127.2,114.2361111111119,100-127.2
522,UP,UP,28.500000000000192,40,True,DOWN,16.300000000000203,309.0,174.84662576687015,161.8-200.0,174.84662576687015,161.8-200
523,DOWN,DOWN,75.30000000000037,924,True,UP,28.500000000000192,40.0,264.21052631578897,261.8-361.8,264.21052631578897,261.8-361.8
524,UP,UP,74.89999999999996,739,True,DOWN,75.30000000000037,924.0,99.46879150066349,78.6-100.0,99.46879150066349,78.6-100
530,UP,UP,48.79999999999996,1343,True,DOWN,58.09999999999871,423.0,83.9931153184183,78.6-100.0,83.9931153184183,78.6-100
531,DOWN,DOWN,60.99999999999994,2011,True,UP,48.79999999999996,1343.0,125.0,100.0-127.2,125.0,100-127.2
532,UP,UP,20.299999999999763,498,True,DOWN,60.99999999999994,2011.0,33.2786885245898,23.6-38.2,33.2786885245898,23.6-38.2
534,UP,UP,46.69999999999952,258,True,DOWN,16.40000000000086,66.0,284.75609756095776,261.8-361.8,284.75609756095776,261.8-361.8
537,DOWN,DOWN,136.099999999999,744,True,UP,36.10000000000113,763.0,377.0083102492929,361.8-423.6,377.0083102492929,361.8-423.6
542,UP,UP,51.09999999999948,793,True,DOWN,27.60000000000096,626.0,185.1449275362236,161.8-200.0,185.1449275362236,161.8-200
549,DOWN,DOWN,53.19999999999992,940,True,UP,30.49999999999997,148.0,174.4262295081966,161.8-200.0,174.4262295081966,161.8-200
553,DOWN,DOWN,25.300000000001432,692,True,UP,32.49999999999975,106.0,77.84615384615886,61.8-78.6,77.84615384615886,61.8-78.6
554,UP,UP,58.00000000000027,494,True,DOWN,25.300000000001432,692.0,229.2490118576956,200.0-261.8,229.2490118576956,200-261.8
556,UP,UP,23.400000000000087,291,True,DOWN,25.10000000000012,215.0,93.22709163346605,78.6-100.0,93.22709163346605,78.6-100
557,DOWN,DOWN,36.89999999999971,380,True,UP,23.400000000000087,291.0,157.69230769230586,127.2-161.8,157.69230769230586,127.2-161.8
559,DOWN,DOWN,20.199999999999108,295,True,UP,11.499999999999844,297.0,175.6521739130381,161.8-200.0,175.6521739130381,161.8-200
562,UP,UP,31.800000000001827,108,True,DOWN,25.10000000000012,253.0,126.69322709164013,100.0-127.2,126.69322709164013,100-127.2
565,DOWN,DOWN,75.00000000000063,329,True,UP,50.39999999999934,647.0,148.809523809527,127.2-161.8,148.809523809527,127.2-161.8
567,DOWN,DOWN,69.6999999999992,862,True,UP,34.30000000000044,178.0,203.2069970845432,200.0-261.8,203.2069970845432,200-261.8
568,UP,UP,62.80000000000064,804,True,DOWN,69.6999999999992,862.0,90.1004304160708,78.6-100.0,90.1004304160708,78.6-100
569,DOWN,DOWN,39.20000000000145,792,True,UP,62.80000000000064,804.0,62.42038216560678,61.8-78.6,62.42038216560678,61.8-78.6
571,DOWN,DOWN,44.49999999999843,566,True,UP,21.9999999999998,118.0,202.272727272722,200.0-261.8,202.272727272722,200-261.8
573,DOWN,DOWN,13.299999999998311,59,True,UP,12.999999999998568,397.0,102.3076923076906,100.0-127.2,102.3076923076906,100-127.2
575,DOWN,DOWN,114.4999999999996,1781,True,UP,20.3999999999982,242.0,561.2745098039692,>=423.6,561.2745098039692,>=423.6
578,UP,UP,23.599999999999177,191,True,DOWN,20.49999999999885,477.0,115.12195121951464,100.0-127.2,115.12195121951464,100-127.2
580,UP,UP,29.29999999999877,134,True,DOWN,26.299999999999105,208.0,111.40684410646304,100.0-127.2,111.40684410646304,100-127.2
584,UP,UP,79.80000000000098,631,True,DOWN,33.90000000000004,648.0,235.39823008849817,200.0-261.8,235.39823008849817,200-261.8
587,DOWN,DOWN,12.499999999999734,149,True,UP,13.499999999999623,271.0,92.5925925925932,78.6-100.0,92.5925925925932,78.6-100
588,UP,UP,49.79999999999984,716,True,DOWN,12.499999999999734,149.0,398.40000000000725,361.8-423.6,398.40000000000725,361.8-423.6
591,DOWN,DOWN,74.89999999999996,1329,True,UP,54.09999999999915,543.0,138.44731977819066,127.2-161.8,138.44731977819066,127.2-161.8
593,DOWN,DOWN,37.90000000000183,421,True,UP,50.10000000000181,31.0,75.64870259481128,61.8-78.6,75.64870259481128,61.8-78.6
594,UP,UP,98.8000000000011,941,True,DOWN,37.90000000000183,421.0,260.68601583112496,200.0-261.8,260.68601583112496,200-261.8
596,UP,UP,41.90000000000138,380,True,DOWN,52.30000000000068,691.0,80.11472275334768,78.6-100.0,80.11472275334768,78.6-100
599,DOWN,DOWN,32.69999999999884,820,True,UP,8.999999999999009,184.0,363.3333333333605,361.8-423.6,363.3333333333605,361.8-423.6
600,UP,UP,39.59999999999964,530,True,DOWN,32.69999999999884,820.0,121.10091743119584,100.0-127.2,121.10091743119584,100-127.2
603,DOWN,DOWN,43.80000000000051,792,True,UP,18.700000000000383,150.0,234.2245989304792,200.0-261.8,234.2245989304792,200-261.8
605,DOWN,DOWN,40.50000000000109,492,True,UP,33.20000000000212,347.0,121.98795180722442,100.0-127.2,121.98795180722442,100-127.2
606,UP,UP,58.10000000000093,880,True,DOWN,40.50000000000109,492.0,143.45679012345522,127.2-161.8,143.45679012345522,127.2-161.8
611,DOWN,DOWN,76.30000000000025,1345,True,UP,35.20000000000189,407.0,216.7613636363527,200.0-261.8,216.7613636363527,200-261.8
616,UP,UP,78.30000000000004,327,True,DOWN,12.599999999998168,205.0,621.428571428662,>=423.6,621.428571428662,>=423.6
618,UP,UP,28.10000000000201,556,True,DOWN,46.70000000000174,512.0,60.17130620985217,50.0-61.8,60.17130620985217,50-61.8
619,DOWN,DOWN,37.80000000000116,343,True,UP,28.10000000000201,556.0,134.51957295373117,127.2-161.8,134.51957295373117,127.2-161.8
620,UP,UP,76.6,384,True,DOWN,37.80000000000116,343.0,202.6455026454964,200.0-261.8,202.6455026454964,200-261.8
623,DOWN,DOWN,13.499999999999623,230,True,UP,17.000000000000348,455.0,79.41176470587851,78.6-100.0,79.41176470587851,78.6-100
629,DOWN,DOWN,47.199999999998354,443,True,UP,26.10000000000001,624.0,180.84291187738825,161.8-200.0,180.84291187738825,161.8-200
631,DOWN,DOWN,34.39999999999888,682,True,UP,26.299999999999105,1110.0,130.79847908745265,127.2-161.8,130.79847908745265,127.2-161.8
636,UP,UP,30.19999999999801,432,True,DOWN,16.099999999998893,462.0,187.5776397515533,161.8-200.0,187.5776397515533,161.8-200
637,DOWN,DOWN,71.89999999999807,587,True,UP,30.19999999999801,432.0,238.07947019868485,200.0-261.8,238.07947019868485,200-261.8
640,UP,UP,24.800000000000377,95,True,DOWN,11.300000000000754,204.0,219.46902654866128,200.0-261.8,219.46902654866128,200-261.8
643,DOWN,DOWN,51.699999999998965,858,True,UP,53.300000000000566,1049.0,96.99812382738916,78.6-100.0,96.99812382738916,78.6-100
645,DOWN,DOWN,26.999999999999247,397,True,UP,13.699999999998711,391.0,197.08029197081595,161.8-200.0,197.08029197081595,161.8-200
648,UP,UP,21.500000000000963,338,True,DOWN,23.100000000000342,396.0,93.07359307359586,78.6-100.0,93.07359307359586,78.6-100
652,UP,UP,102.70000000000002,392,True,DOWN,40.599999999999525,504.0,252.95566502463356,200.0-261.8,252.95566502463356,200-261.8
655,DOWN,DOWN,71.0999999999995,282,True,UP,21.899999999999142,249.0,324.6575342465857,261.8-361.8,324.6575342465857,261.8-361.8
656,UP,UP,103.6999999999999,514,True,DOWN,71.0999999999995,282.0,145.85091420534548,127.2-161.8,145.85091420534548,127.2-161.8
657,DOWN,DOWN,58.49999999999911,1037,True,UP,103.6999999999999,514.0,56.41272902603584,50.0-61.8,56.41272902603584,50-61.8
659,DOWN,DOWN,12.699999999998823,22,True,UP,14.699999999998605,542.0,86.39455782312946,78.6-100.0,86.39455782312946,78.6-100
662,UP,UP,32.300000000000665,918,True,DOWN,13.799999999999368,103.0,234.05797101450827,200.0-261.8,234.05797101450827,200-261.8
664,UP,UP,20.000000000000018,336,True,DOWN,8.900000000000574,55.0,224.71910112358125,200.0-261.8,224.71910112358125,200-261.8
666,UP,UP,28.399999999999537,582,True,DOWN,15.600000000000058,103.0,182.0512820512784,161.8-200.0,182.0512820512784,161.8-200
667,DOWN,DOWN,44.899999999998826,1310,True,UP,28.399999999999537,582.0,158.09859154929424,127.2-161.8,158.09859154929424,127.2-161.8
671,DOWN,DOWN,29.700000000001392,766,True,UP,17.80000000000115,248.0,166.85393258426672,161.8-200.0,166.85393258426672,161.8-200
673,DOWN,DOWN,18.500000000001293,449,True,UP,13.800000000001589,217.0,134.0579710144867,127.2-161.8,134.0579710144867,127.2-161.8
679,DOWN,DOWN,19.400000000000528,362,True,UP,11.400000000001407,378.0,170.1754385964748,161.8-200.0,170.1754385964748,161.8-200
680,UP,UP,33.69999999999873,465,True,DOWN,19.400000000000528,362.0,173.7113402061743,161.8-200.0,173.7113402061743,161.8-200
682,UP,UP,61.59999999999943,1039,True,DOWN,21.5999999999994,400.0,285.18518518519056,261.8-361.8,285.18518518519056,261.8-361.8
684,UP,UP,52.70000000000108,642,True,DOWN,23.999999999999577,429.0,219.58333333334167,200.0-261.8,219.58333333334167,200-261.8
687,DOWN,DOWN,19.20000000000144,324,True,UP,14.80000000000148,385.0,129.7297297297265,127.2-161.8,129.7297297297265,127.2-161.8
691,DOWN,DOWN,11.6000000000005,59,True,UP,9.900000000000464,245.0,117.17171717171672,100.0-127.2,117.17171717171672,100-127.2
692,UP,UP,110.09999999999964,1238,True,DOWN,11.6000000000005,59.0,949.1379310344388,>=423.6,949.1379310344388,>=423.6
694,UP,UP,40.70000000000018,547,True,DOWN,10.300000000000864,185.0,395.1456310679298,361.8-423.6,395.1456310679298,361.8-423.6
698,UP,UP,24.89999999999881,84,True,DOWN,14.099999999999111,294.0,176.59574468085376,161.8-200.0,176.59574468085376,161.8-200
701,DOWN,DOWN,31.90000000000026,1045,True,UP,18.399999999998418,576.0,173.36956521740763,161.8-200.0,173.36956521740763,161.8-200
703,DOWN,DOWN,19.799999999998708,402,True,UP,15.600000000000058,371.0,126.92307692306817,100.0-127.2,126.92307692306817,100-127.2
704,UP,UP,28.500000000000192,794,True,DOWN,19.799999999998708,402.0,143.9393939394043,127.2-161.8,143.9393939394043,127.2-161.8
707,DOWN,DOWN,34.79999999999927,361,True,UP,17.000000000000348,111.0,204.70588235293272,200.0-261.8,204.70588235293272,200-261.8
709,DOWN,DOWN,8.099999999999774,23,True,UP,12.900000000000134,370.0,62.79069767441621,61.8-78.6,62.79069767441621,61.8-78.6
713,DOWN,DOWN,21.5999999999994,221,True,UP,6.399999999999739,38.0,337.5000000000044,261.8-361.8,337.5000000000044,261.8-361.8
717,DOWN,DOWN,83.10000000000039,420,True,UP,19.700000000000276,237.0,421.8274111675089,361.8-423.6,421.8274111675089,361.8-423.6
720,UP,UP,36.00000000000048,531,True,DOWN,9.799999999999809,314.0,367.34693877552223,361.8-423.6,367.34693877552223,361.8-423.6
722,UP,UP,11.900000000000244,89,True,DOWN,8.100000000001994,432.0,146.91358024688043,127.2-161.8,146.91358024688043,127.2-161.8
723,DOWN,DOWN,36.599999999999966,461,True,UP,11.900000000000244,89.0,307.56302521007746,261.8-361.8,307.56302521007746,261.8-361.8
725,DOWN,DOWN,23.399999999997867,126,True,UP,20.299999999999763,358.0,115.27093596058198,100.0-127.2,115.27093596058198,100-127.2
727,DOWN,DOWN,29.799999999999827,518,True,UP,11.299999999998532,358.0,263.7168141593247,261.8-361.8,263.7168141593247,261.8-361.8
730,UP,UP,58.50000000000133,1296,True,DOWN,26.400000000001977,347.0,221.59090909089755,200.0-261.8,221.59090909089755,200-261.8
