model,roundtrip_cost_pips,trades,wins_net,losses_net,win_rate_net_pct,gross_total_R,cost_total_R,net_total_R,gross_expectancy_R,net_expectancy_R,net_median_R,net_std_R,net_profit_factor,net_max_drawdown_R,trade_sharpe,trades_per_year,avg_hold_bars,median_hold_bars,start_time,end_time,avg_cost_pips,avg_cost_R
A_Breakout,0.0,162,83,79,51.23456790123457,45.49999999999247,0.0,45.49999999999247,0.2808641975308177,0.2808641975308177,1.4999999999984013,1.253493699023878,1.5759493670885476,-7.999999999997783,2.851883195569193,168.25734597156398,2.8641975308641974,2.0,2025-09-15 02:52:00,2026-09-01 18:52:00,0.0,0.0
A_Breakout,0.5,162,81,81,50.0,45.49999999999247,72.88944255950072,-27.389442559508254,0.2808641975308177,-0.16907063308338427,-0.1353383458669748,1.2831551458459767,0.7621615528659755,-28.008245357446803,-1.6770519509790058,168.25734597156398,2.8641975308641974,2.0,2025-09-15 02:52:00,2026-09-01 18:52:00,0.5,0.449934830614202
A_Breakout,1.0,162,74,88,45.67901234567901,45.49999999999247,145.77888511900144,-100.27888511900898,0.2808641975308177,-0.6190054636975862,-1.2677200592102684,1.3792546272048145,0.3596267918513961,-99.04095408452675,-5.712254388781256,168.25734597156398,2.8641975308641974,2.0,2025-09-15 02:52:00,2026-09-01 18:52:00,1.0,0.899869661228404
A_Breakout,1.5,162,61,101,37.65432098765432,45.49999999999247,218.66832767850218,-173.16832767850968,0.2808641975308177,-1.0689402943117883,-1.4015800888154166,1.5293184915370677,0.15654681521780583,-171.06143112678578,-8.896373665482225,168.25734597156398,2.8641975308641974,2.0,2025-09-15 02:52:00,2026-09-01 18:52:00,1.5,1.349804491842606
A_Breakout,2.0,162,38,124,23.456790123456788,45.49999999999247,291.5577702380029,-246.05777023801045,0.2808641975308177,-1.5188751249259904,-1.7516900413682643,1.7192737693529119,0.06615490091668058,-243.44857483571147,-11.244354770950336,168.25734597156398,2.8641975308641974,2.0,2025-09-15 02:52:00,2026-09-01 18:52:00,2.0,1.799739322456808
A_Breakout,2.5,162,25,137,15.432098765432098,45.49999999999247,364.44721279750365,-318.94721279751116,0.2808641975308177,-1.9688099555401923,-1.991573033708101,1.9374222727503585,0.02983841202487782,-315.9357185446372,-12.934123871801843,168.25734597156398,2.8641975308641974,2.0,2025-09-15 02:52:00,2026-09-01 18:52:00,2.5,2.2496741530710103
B_Break_Retest,0.0,158,80,78,50.63291139240506,41.99999999999906,0.0,41.99999999999906,0.26582278481012067,0.26582278481012067,1.4999999999988987,1.2538741061714713,1.5384615384615064,-7.000000000000149,2.6648134586177132,164.1034917199515,3.481012658227848,2.0,2025-09-15 02:54:00,2026-09-01 18:52:00,0.0,0.0
B_Break_Retest,0.5,158,79,79,50.0,41.99999999999906,67.02125309338862,-25.021253093389564,0.26582278481012067,-0.15836236135056686,0.21794871795111015,1.3050484284631025,0.7793203180260638,-31.650677922062076,-1.5252951326176307,164.1034917199515,3.481012658227848,2.0,2025-09-15 02:54:00,2026-09-01 18:52:00,0.5,0.4241851461606875
B_Break_Retest,1.0,158,77,81,48.734177215189874,41.99999999999906,134.04250618677725,-92.04250618677818,0.26582278481012067,-0.5825475075112543,-0.6094369547971635,1.4030429006235612,0.3876455253322251,-90.83518911360537,-5.219019761843155,164.1034917199515,3.481012658227848,2.0,2025-09-15 02:54:00,2026-09-01 18:52:00,1.0,0.848370292321375
B_Break_Retest,1.5,158,62,96,39.24050632911392,41.99999999999906,201.06375928016587,-159.06375928016683,0.26582278481012067,-1.006732653671942,-1.039155432195975,1.5389393149815211,0.1730935285246101,-157.00278367040835,-8.22282796415732,164.1034917199515,3.481012658227848,2.0,2025-09-15 02:54:00,2026-09-01 18:52:00,1.5,1.2725554384820625
B_Break_Retest,2.0,158,42,116,26.582278481012654,41.99999999999906,268.0850123735545,-226.08501237355546,0.26582278481012067,-1.4309177998326295,-1.446633174686268,1.7036918451559444,0.07258787648996368,-223.37769530038312,-10.557283522142974,164.1034917199515,3.481012658227848,2.0,2025-09-15 02:54:00,2026-09-01 18:52:00,2.0,1.69674058464275
B_Break_Retest,2.5,158,26,132,16.455696202531644,41.99999999999906,335.1062654669431,-293.1062654669441,0.26582278481012067,-1.855102945993317,-1.8691012852464963,1.8897683575389326,0.03130277201075165,-289.972119125479,-12.339227905871455,164.1034917199515,3.481012658227848,2.0,2025-09-15 02:54:00,2026-09-01 18:52:00,2.5,2.1209257308034375
C_Fibonacci_Rejection,0.0,136,50,86,36.76470588235294,-11.000000000005924,0.0,-11.000000000005924,-0.08088235294122004,-0.08088235294122004,-0.9999999999996934,1.209867743361651,0.872093023255751,-17.00000000000603,-0.7796242386489967,141.23578866726427,2.9926470588235294,2.0,2025-09-15 03:09:00,2026-09-01 20:11:00,0.0,0.0
C_Fibonacci_Rejection,0.5,136,50,86,36.76470588235294,-11.000000000005924,48.521415358431796,-59.521415358437736,-0.08088235294122004,-0.4376574658708657,-1.202639296187756,1.231523439282104,0.4914582975444364,-63.15786415185823,-4.144394736653228,141.23578866726427,2.9926470588235294,2.0,2025-09-15 03:09:00,2026-09-01 20:11:00,0.5,0.35677511292964553
C_Fibonacci_Rejection,1.0,136,47,89,34.55882352941176,-11.000000000005924,97.04283071686359,-108.04283071686953,-0.08088235294122004,-0.7944325788005112,-1.4052785923754527,1.2839562238691473,0.2764345705440894,-109.81572830371061,-7.215663687854477,141.23578866726427,2.9926470588235294,2.0,2025-09-15 03:09:00,2026-09-01 20:11:00,1.0,0.7135502258592911
C_Fibonacci_Rejection,1.5,136,41,95,30.14705882352941,-11.000000000005924,145.5642460752954,-156.56424607530133,-0.08088235294122004,-1.1512076917301568,-1.6185687761367333,1.3636204627242534,0.1552009917207878,-157.3450679931101,-9.845315254427724,141.23578866726427,2.9926470588235294,2.0,2025-09-15 03:09:00,2026-09-01 20:11:00,1.5,1.0703253387889367
C_Fibonacci_Rejection,2.0,136,35,101,25.735294117647058,-11.000000000005924,194.08566143372718,-205.08566143373312,-0.08088235294122004,-1.5079828046598023,-1.8384436076742816,1.466083737767111,0.08343906873495857,-205.6267573241445,-11.99518822249153,141.23578866726427,2.9926470588235294,2.0,2025-09-15 03:09:00,2026-09-01 20:11:00,2.0,1.4271004517185821
C_Fibonacci_Rejection,2.5,136,28,108,20.588235294117645,-11.000000000005924,242.607076792159,-253.60707679216492,-0.08088235294122004,-1.864757917589448,-2.0671128462538917,1.5869359987620635,0.04430163498312178,-253.90844665517912,-13.70353148643426,141.23578866726427,2.9926470588235294,2.0,2025-09-15 03:09:00,2026-09-01 20:11:00,2.5,1.783875564648228
D_M1_Structure_Break,0.0,162,85,77,52.46913580246913,50.49999999999565,0.0,50.49999999999565,0.3117283950617016,0.3117283950617016,1.4999999999989286,1.2523461610668774,1.6558441558441033,-15.500000000003482,3.16817732988254,168.2546879196221,3.888888888888889,2.0,2025-09-15 02:46:00,2026-09-01 18:54:00,0.0,0.0
D_M1_Structure_Break,0.5,162,84,78,51.85185185185185,50.49999999999565,73.87252528216015,-23.372525282164503,0.3117283950617016,-0.14427484742076854,0.6708718811330957,1.358927716669286,0.79763563123846,-33.58569525670126,-1.3512999925313411,168.2546879196221,3.888888888888889,2.0,2025-09-15 02:46:00,2026-09-01 18:54:00,0.5,0.4560032424824701
D_M1_Structure_Break,1.0,162,76,86,46.913580246913575,50.49999999999565,147.7450505643203,-97.24505056432466,0.3117283950617016,-0.6002780899032386,-0.1582562377341702,1.5855849685932621,0.37936196076530304,-97.99236239228114,-4.81859559390733,168.2546879196221,3.888888888888889,2.0,2025-09-15 02:46:00,2026-09-01 18:54:00,1.0,0.9120064849649402
D_M1_Structure_Break,1.5,162,61,101,37.65432098765432,50.49999999999565,221.61757584648046,-171.11757584648484,0.3117283950617016,-1.056281332385709,-0.9873843566014361,1.8895915875208686,0.17685867706986128,-171.48854358841967,-7.114905973470872,168.2546879196221,3.888888888888889,2.0,2025-09-15 02:46:00,2026-09-01 18:54:00,1.5,1.3680097274474103
D_M1_Structure_Break,2.0,162,43,119,26.543209876543212,50.49999999999565,295.4901011286406,-244.99010112864497,0.3117283950617016,-1.5122845748681788,-1.5345072326613458,2.239668404950657,0.08480012650988777,-244.9847247845584,-8.594236611530867,168.2546879196221,3.888888888888889,2.0,2025-09-15 02:46:00,2026-09-01 18:54:00,2.0,1.8240129699298804
D_M1_Structure_Break,2.5,162,31,131,19.1358024691358,50.49999999999565,369.36262641080083,-318.86262641080515,0.3117283950617016,-1.968287817350649,-1.8158308911322234,2.6173945598901684,0.044036827445330315,-318.4809059806966,-9.571431956598271,168.2546879196221,3.888888888888889,2.0,2025-09-15 02:46:00,2026-09-01 18:54:00,2.5,2.2800162124123506
E_Momentum_Continuation,0.0,162,85,77,52.46913580246913,50.49999999999628,0.0,50.49999999999628,0.3117283950617054,0.3117283950617054,1.4999999999987714,1.2523461610669486,1.6558441558440649,-5.000000000000071,3.1681773298823983,168.25668145070517,3.228395061728395,2.0,2025-09-15 02:50:00,2026-09-01 18:52:00,0.0,0.0
E_Momentum_Continuation,0.5,162,85,77,52.46913580246913,50.49999999999628,70.9032845157241,-20.403284515727815,0.3117283950617054,-0.12594620071436924,0.5787878787877887,1.2565969195588296,0.8132521326090235,-26.51214392890096,-1.275694219574741,168.25668145070517,3.228395061728395,2.0,2025-09-15 02:50:00,2026-09-01 18:52:00,0.5,0.43767459577607465
E_Momentum_Continuation,1.0,162,76,86,46.913580246913575,50.49999999999628,141.8065690314482,-91.30656903145191,0.3117283950617054,-0.5636207964904439,-0.3424242424242362,1.3041441956926103,0.3735427609728925,-92.63780504934847,-5.500711956227323,168.25668145070517,3.228395061728395,2.0,2025-09-15 02:50:00,2026-09-01 18:52:00,1.0,0.8753491915521493
E_Momentum_Continuation,1.5,162,57,105,35.18518518518518,50.49999999999628,212.70985354717232,-162.209853547176,0.3117283950617054,-1.0012953922665186,-1.2421553354848807,1.3905537392999532,0.15613899873172055,-162.7067075740209,-9.164988991781728,168.25668145070517,3.228395061728395,2.0,2025-09-15 02:50:00,2026-09-01 18:52:00,1.5,1.3130237873282242
E_Momentum_Continuation,2.0,162,35,127,21.604938271604937,50.49999999999628,283.6131380628964,-233.11313806290008,0.3117283950617054,-1.438969988042593,-1.588752815315337,1.509164893049069,0.06804037241675549,-233.1548047295658,-12.13591565825251,168.25668145070517,3.228395061728395,2.0,2025-09-15 02:50:00,2026-09-01 18:52:00,2.0,1.7506983831042986
E_Momentum_Continuation,2.5,162,25,137,15.432098765432098,50.49999999999628,354.51642257862045,-304.0164225786242,0.3117283950617054,-1.8766445838186678,-1.896300036724364,1.653060495187912,0.03314822514740932,-303.693505911956,-14.44943247343052,168.25668145070517,3.228395061728395,2.0,2025-09-15 02:50:00,2026-09-01 18:52:00,2.5,2.188372978880373
