swing_id,start_time,end_time,start_kind,end_kind,start_price,end_price,direction,bars,swing_pips
1,2025-09-09 01:55:00,2025-09-09 21:30:00,high,low,1.17799,1.16891,DOWN,1171,90.80000000000199
2,2025-09-09 21:30:00,2025-09-10 02:22:00,low,high,1.16891,1.17184,UP,292,29.300000000000992
3,2025-09-10 02:22:00,2025-09-10 03:01:00,high,low,1.17184,1.16824,DOWN,39,36.000000000000476
4,2025-09-10 03:01:00,2025-09-10 10:48:00,low,high,1.16824,1.17306,UP,467,48.200000000000465
5,2025-09-10 10:48:00,2025-09-11 08:30:00,high,low,1.17306,1.16589,DOWN,1296,71.699999999999
6,2025-09-11 08:30:00,2025-09-11 11:24:00,low,high,1.16589,1.1746,UP,174,87.09999999999995
7,2025-09-11 11:24:00,2025-09-12 00:19:00,high,low,1.1746,1.17206,DOWN,773,25.399999999999867
8,2025-09-12 00:19:00,2025-09-12 03:22:00,low,high,1.17206,1.17475,UP,183,26.89999999999859
9,2025-09-12 03:22:00,2025-09-12 08:41:00,high,low,1.17475,1.17013,DOWN,319,46.200000000000685
10,2025-09-12 08:41:00,2025-09-12 14:59:00,low,high,1.17013,1.17416,UP,378,40.300000000002
11,2025-09-12 14:59:00,2025-09-14 20:30:00,high,low,1.17416,1.17218,DOWN,320,19.800000000000928
12,2025-09-14 20:30:00,2025-09-15 00:24:00,low,high,1.17218,1.17353,UP,234,13.499999999999623
13,2025-09-15 00:24:00,2025-09-15 02:31:00,high,low,1.17353,1.1716,DOWN,126,19.299999999999873
14,2025-09-15 02:31:00,2025-09-15 12:03:00,low,high,1.1716,1.17744,UP,572,58.400000000000674
15,2025-09-15 12:03:00,2025-09-15 20:54:00,high,low,1.17744,1.17572,DOWN,530,17.199999999999438
16,2025-09-15 20:54:00,2025-09-16 13:22:00,low,high,1.17572,1.18783,UP,988,121.09999999999843
17,2025-09-16 13:22:00,2025-09-17 06:13:00,high,low,1.18783,1.18326,DOWN,1009,45.69999999999963
18,2025-09-17 06:13:00,2025-09-17 14:09:00,low,high,1.18326,1.19186,UP,476,85.9999999999994
19,2025-09-17 14:09:00,2025-09-18 02:14:00,high,low,1.19186,1.17802,DOWN,724,138.39999999999853
20,2025-09-18 02:14:00,2025-09-18 05:42:00,low,high,1.17802,1.18482,UP,208,67.99999999999918
21,2025-09-18 05:42:00,2025-09-18 09:45:00,high,low,1.18482,1.175,DOWN,243,98.19999999999939
22,2025-09-18 09:45:00,2025-09-18 23:48:00,low,high,1.175,1.17925,UP,835,42.49999999999865
23,2025-09-18 23:48:00,2025-09-21 20:56:00,high,low,1.17925,1.17262,DOWN,1262,66.29999999999913
24,2025-09-21 20:56:00,2025-09-22 21:50:00,low,high,1.17262,1.18199,UP,1490,93.70000000000101
25,2025-09-22 21:50:00,2025-09-23 03:15:00,high,low,1.18199,1.17787,DOWN,325,41.20000000000124
26,2025-09-23 03:15:00,2025-09-23 18:09:00,low,high,1.17787,1.1819,UP,893,40.299999999999784
27,2025-09-23 18:09:00,2025-09-24 10:20:00,high,low,1.1819,1.1728,DOWN,967,90.99999999999886
28,2025-09-24 10:20:00,2025-09-24 23:57:00,low,high,1.1728,1.17535,UP,816,25.499999999998302
29,2025-09-24 23:57:00,2025-09-25 04:01:00,high,low,1.17535,1.17305,DOWN,244,22.999999999999687
30,2025-09-25 04:01:00,2025-09-25 06:45:00,low,high,1.17305,1.17538,UP,164,23.300000000001653
31,2025-09-25 06:45:00,2025-09-25 14:12:00,high,low,1.17538,1.16454,DOWN,447,108.40000000000182
32,2025-09-25 14:12:00,2025-09-26 02:09:00,low,high,1.16454,1.16837,UP,713,38.3
33,2025-09-26 02:09:00,2025-09-26 03:52:00,high,low,1.16837,1.16684,DOWN,103,15.299999999998093
34,2025-09-26 03:52:00,2025-09-26 04:42:00,low,high,1.16684,1.16877,UP,50,19.299999999999873
35,2025-09-26 04:42:00,2025-09-26 06:55:00,high,low,1.16877,1.16615,DOWN,133,26.200000000000667
36,2025-09-26 06:55:00,2025-09-29 01:08:00,low,high,1.16615,1.17332,UP,1076,71.699999999999
37,2025-09-29 01:08:00,2025-09-29 04:26:00,high,low,1.17332,1.17075,DOWN,198,25.699999999999612
38,2025-09-29 04:26:00,2025-09-29 09:46:00,low,high,1.17075,1.17544,UP,320,46.90000000000083
39,2025-09-29 09:46:00,2025-09-29 22:01:00,high,low,1.17544,1.17119,DOWN,723,42.50000000000087
40,2025-09-29 22:01:00,2025-09-30 04:43:00,low,high,1.17119,1.17615,UP,402,49.600000000000755
41,2025-09-30 04:43:00,2025-09-30 09:26:00,high,low,1.17615,1.17164,DOWN,283,45.100000000000136
42,2025-09-30 09:26:00,2025-09-30 13:22:00,low,high,1.17164,1.17614,UP,236,44.99999999999949
43,2025-09-30 13:22:00,2025-09-30 20:06:00,high,low,1.17614,1.17296,DOWN,399,31.799999999999606
44,2025-09-30 20:06:00,2025-10-01 03:14:00,low,high,1.17296,1.17785,UP,428,48.90000000000061
45,2025-10-01 03:14:00,2025-10-01 12:44:00,high,low,1.17785,1.17154,DOWN,570,63.10000000000038
46,2025-10-01 12:44:00,2025-10-02 08:05:00,low,high,1.17154,1.17583,UP,1155,42.899999999999054
47,2025-10-02 08:05:00,2025-10-02 11:51:00,high,low,1.17583,1.16829,DOWN,226,75.3999999999988
48,2025-10-02 11:51:00,2025-10-02 21:53:00,low,high,1.16829,1.17292,UP,598,46.299999999999116
49,2025-10-02 21:53:00,2025-10-03 01:23:00,high,low,1.17292,1.17146,DOWN,210,14.600000000000168
50,2025-10-03 01:23:00,2025-10-03 10:07:00,low,high,1.17146,1.17591,UP,524,44.500000000000654
51,2025-10-03 10:07:00,2025-10-06 04:17:00,high,low,1.17591,1.16516,DOWN,1087,107.50000000000037
52,2025-10-06 04:17:00,2025-10-06 11:04:00,low,high,1.16516,1.17211,UP,407,69.50000000000011
53,2025-10-06 11:04:00,2025-10-07 07:52:00,high,low,1.17211,1.16538,DOWN,1244,67.29999999999903
54,2025-10-07 07:52:00,2025-10-07 12:11:00,low,high,1.16538,1.1681,UP,259,27.199999999998337
55,2025-10-07 12:11:00,2025-10-08 02:40:00,high,low,1.1681,1.16068,DOWN,864,74.19999999999982
56,2025-10-08 02:40:00,2025-10-08 04:08:00,low,high,1.16068,1.16353,UP,88,28.500000000000192
57,2025-10-08 04:08:00,2025-10-08 05:56:00,high,low,1.16353,1.16059,DOWN,108,29.399999999999427
58,2025-10-08 05:56:00,2025-10-08 09:18:00,low,high,1.16059,1.16447,UP,202,38.79999999999883
59,2025-10-08 09:18:00,2025-10-08 12:35:00,high,low,1.16447,1.15983,DOWN,197,46.39999999999978
60,2025-10-08 12:35:00,2025-10-09 01:10:00,low,high,1.15983,1.1648,UP,750,49.70000000000141
61,2025-10-09 01:10:00,2025-10-09 14:52:00,high,low,1.1648,1.1542,DOWN,822,106.00000000000165
62,2025-10-09 14:52:00,2025-10-10 01:47:00,low,high,1.1542,1.15778,UP,644,35.80000000000139
63,2025-10-10 01:47:00,2025-10-10 02:51:00,high,low,1.15778,1.15609,DOWN,64,16.899999999999693
64,2025-10-10 02:51:00,2025-10-10 04:26:00,low,high,1.15609,1.15895,UP,95,28.599999999998627
65,2025-10-10 04:26:00,2025-10-10 08:01:00,high,low,1.15895,1.1559,DOWN,215,30.49999999999997
66,2025-10-10 08:01:00,2025-10-10 11:36:00,low,high,1.1559,1.16305,UP,215,71.4999999999999
67,2025-10-10 11:36:00,2025-10-12 18:21:00,high,low,1.16305,1.15918,DOWN,404,38.699999999998184
68,2025-10-12 18:21:00,2025-10-13 02:23:00,low,high,1.15918,1.16297,UP,482,37.8999999999996
69,2025-10-13 02:23:00,2025-10-13 20:29:00,high,low,1.16297,1.15549,DOWN,1081,74.80000000000153
70,2025-10-13 20:29:00,2025-10-14 01:41:00,low,high,1.15549,1.15935,UP,312,38.60000000000197
71,2025-10-14 01:41:00,2025-10-14 03:44:00,high,low,1.15935,1.15423,DOWN,123,51.20000000000013
72,2025-10-14 03:44:00,2025-10-15 04:50:00,low,high,1.15423,1.16453,UP,1498,102.99999999999976
73,2025-10-15 04:50:00,2025-10-15 09:04:00,high,low,1.16453,1.16103,DOWN,254,35.00000000000058
74,2025-10-15 09:04:00,2025-10-15 21:51:00,low,high,1.16103,1.16754,UP,763,65.10000000000016
75,2025-10-15 21:51:00,2025-10-16 03:57:00,high,low,1.16754,1.16429,DOWN,366,32.49999999999975
76,2025-10-16 03:57:00,2025-10-17 01:57:00,low,high,1.16429,1.17283,UP,1319,85.39999999999992
77,2025-10-17 01:57:00,2025-10-17 16:59:00,high,low,1.17283,1.16496,DOWN,902,78.70000000000044
78,2025-10-17 16:59:00,2025-10-20 01:35:00,low,high,1.16496,1.16753,UP,515,25.699999999999612
79,2025-10-20 01:35:00,2025-10-20 14:17:00,high,low,1.16753,1.16382,DOWN,762,37.0999999999988
80,2025-10-20 14:17:00,2025-10-20 20:55:00,low,high,1.16382,1.1655,UP,387,16.799999999999038
81,2025-10-20 20:55:00,2025-10-21 10:54:00,high,low,1.1655,1.15975,DOWN,839,57.49999999999922
82,2025-10-21 10:54:00,2025-10-22 01:37:00,low,high,1.15975,1.16156,UP,880,18.099999999998673
83,2025-10-22 01:37:00,2025-10-22 08:46:00,high,low,1.16156,1.15767,DOWN,429,38.899999999999494
84,2025-10-22 08:46:00,2025-10-22 12:30:00,low,high,1.15767,1.16224,UP,224,45.69999999999963
85,2025-10-22 12:30:00,2025-10-23 02:41:00,high,low,1.16224,1.15905,DOWN,840,31.90000000000026
86,2025-10-23 02:41:00,2025-10-23 04:17:00,low,high,1.15905,1.16061,UP,96,15.600000000000058
87,2025-10-23 04:17:00,2025-10-23 07:16:00,high,low,1.16061,1.15853,DOWN,179,20.799999999998597
88,2025-10-23 07:16:00,2025-10-23 20:37:00,low,high,1.15853,1.16215,UP,796,36.19999999999956
89,2025-10-23 20:37:00,2025-10-24 02:14:00,high,low,1.16215,1.16008,DOWN,335,20.700000000000163
90,2025-10-24 02:14:00,2025-10-24 08:30:00,low,high,1.16008,1.1649,UP,376,48.200000000000465
91,2025-10-24 08:30:00,2025-10-24 16:45:00,high,low,1.1649,1.16207,DOWN,495,28.300000000001102
92,2025-10-24 16:45:00,2025-10-26 20:18:00,low,high,1.16207,1.16475,UP,269,26.800000000000157
93,2025-10-26 20:18:00,2025-10-27 03:09:00,high,low,1.16475,1.16176,DOWN,410,29.90000000000048
94,2025-10-27 03:09:00,2025-10-28 00:08:00,low,high,1.16176,1.16679,UP,1256,50.3000000000009
95,2025-10-28 00:08:00,2025-10-28 08:20:00,high,low,1.16679,1.16255,DOWN,492,42.40000000000022
96,2025-10-28 08:20:00,2025-10-28 12:00:00,low,high,1.16255,1.16686,UP,220,43.100000000000364
97,2025-10-28 12:00:00,2025-10-29 04:11:00,high,low,1.16686,1.16185,DOWN,966,50.09999999999959
98,2025-10-29 04:11:00,2025-10-29 11:02:00,low,high,1.16185,1.1666,UP,411,47.50000000000032
99,2025-10-29 11:02:00,2025-10-29 14:30:00,high,low,1.1666,1.15773,DOWN,208,88.70000000000155
100,2025-10-29 14:30:00,2025-10-29 23:28:00,low,high,1.15773,1.16374,UP,533,60.100000000000705
101,2025-10-29 23:28:00,2025-10-30 08:10:00,high,low,1.16374,1.1547,DOWN,522,90.39999999999937
102,2025-10-30 08:10:00,2025-10-30 20:29:00,low,high,1.1547,1.15775,UP,739,30.49999999999997
103,2025-10-30 20:29:00,2025-10-31 02:10:00,high,low,1.15775,1.15548,DOWN,341,22.699999999999942
104,2025-10-31 02:10:00,2025-10-31 04:58:00,low,high,1.15548,1.15767,UP,168,21.899999999999142
105,2025-10-31 04:58:00,2025-10-31 13:42:00,high,low,1.15767,1.15214,DOWN,524,55.30000000000035
106,2025-10-31 13:42:00,2025-11-03 01:45:00,low,high,1.15214,1.15413,UP,663,19.900000000001583
107,2025-11-03 01:45:00,2025-11-03 09:32:00,high,low,1.15413,1.1505,DOWN,467,36.300000000000225
108,2025-11-03 09:32:00,2025-11-03 12:24:00,low,high,1.1505,1.15378,UP,172,32.7999999999995
109,2025-11-03 12:24:00,2025-11-03 20:29:00,high,low,1.15378,1.1498,DOWN,479,39.80000000000095
110,2025-11-03 20:29:00,2025-11-04 02:42:00,low,high,1.1498,1.15334,UP,372,35.400000000000986
111,2025-11-04 02:42:00,2025-11-04 09:41:00,high,low,1.15334,1.14729,DOWN,419,60.50000000000111
112,2025-11-04 09:41:00,2025-11-04 20:44:00,low,high,1.14729,1.14978,UP,660,24.900000000001032
113,2025-11-04 20:44:00,2025-11-05 02:22:00,high,low,1.14978,1.14833,DOWN,335,14.499999999999513
114,2025-11-05 02:22:00,2025-11-05 03:09:00,low,high,1.14833,1.14952,UP,47,11.900000000000244
115,2025-11-05 03:09:00,2025-11-05 09:04:00,high,low,1.14952,1.14687,DOWN,355,26.500000000000412
116,2025-11-05 09:04:00,2025-11-06 14:33:00,low,high,1.14687,1.15522,UP,1762,83.49999999999858
117,2025-11-06 14:33:00,2025-11-07 01:28:00,high,low,1.15522,1.15294,DOWN,652,22.799999999998377
118,2025-11-07 01:28:00,2025-11-07 10:36:00,low,high,1.15294,1.1591,UP,548,61.59999999999943
119,2025-11-07 10:36:00,2025-11-09 18:47:00,high,low,1.1591,1.15413,DOWN,483,49.69999999999919
120,2025-11-09 18:47:00,2025-11-10 03:38:00,low,high,1.15413,1.15829,UP,529,41.59999999999941
121,2025-11-10 03:38:00,2025-11-10 12:02:00,high,low,1.15829,1.15409,DOWN,504,41.999999999999815
122,2025-11-10 12:02:00,2025-11-11 08:57:00,low,high,1.15409,1.16057,UP,1248,64.80000000000041
123,2025-11-11 08:57:00,2025-11-11 23:48:00,high,low,1.16057,1.157,DOWN,888,35.70000000000073
124,2025-11-11 23:48:00,2025-11-12 02:19:00,low,high,1.157,1.15882,UP,151,18.199999999999328
125,2025-11-12 02:19:00,2025-11-12 09:27:00,high,low,1.15882,1.15627,DOWN,428,25.500000000000522
126,2025-11-12 09:27:00,2025-11-12 11:08:00,low,high,1.15627,1.15977,UP,101,35.00000000000058
127,2025-11-12 11:08:00,2025-11-12 20:17:00,high,low,1.15977,1.15789,DOWN,544,18.799999999998818
128,2025-11-12 20:17:00,2025-11-13 12:50:00,low,high,1.15789,1.16559,UP,992,76.99999999999818
129,2025-11-13 12:50:00,2025-11-13 18:23:00,high,low,1.16559,1.16233,DOWN,329,32.59999999999819
130,2025-11-13 18:23:00,2025-11-14 01:02:00,low,high,1.16233,1.16485,UP,399,25.199999999998557
131,2025-11-14 01:02:00,2025-11-14 06:17:00,high,low,1.16485,1.16088,DOWN,315,39.70000000000029
132,2025-11-14 06:17:00,2025-11-14 08:00:00,low,high,1.16088,1.16536,UP,103,44.800000000000395
133,2025-11-14 08:00:00,2025-11-14 10:53:00,high,low,1.16536,1.1606,DOWN,173,47.59999999999876
134,2025-11-14 10:53:00,2025-11-16 18:05:00,low,high,1.1606,1.16244,UP,429,18.399999999998418
135,2025-11-16 18:05:00,2025-11-17 01:10:00,high,low,1.16244,1.15949,DOWN,424,29.50000000000008
136,2025-11-17 01:10:00,2025-11-17 02:50:00,low,high,1.15949,1.16149,UP,100,20.000000000000018
137,2025-11-17 02:50:00,2025-11-17 10:10:00,high,low,1.16149,1.15818,DOWN,440,33.09999999999924
138,2025-11-17 10:10:00,2025-11-18 03:14:00,low,high,1.15818,1.16062,UP,1021,24.399999999999977
139,2025-11-18 03:14:00,2025-11-18 05:30:00,high,low,1.16062,1.15793,DOWN,136,26.900000000000812
140,2025-11-18 05:30:00,2025-11-18 10:31:00,low,high,1.15793,1.16076,UP,301,28.300000000001102
141,2025-11-18 10:31:00,2025-11-18 12:45:00,high,low,1.16076,1.15713,DOWN,134,36.300000000000225
142,2025-11-18 12:45:00,2025-11-19 02:43:00,low,high,1.15713,1.15971,UP,835,25.800000000000267
143,2025-11-19 02:43:00,2025-11-19 14:07:00,high,low,1.15971,1.15178,DOWN,684,79.29999999999993
144,2025-11-19 14:07:00,2025-11-19 18:20:00,low,high,1.15178,1.1542,UP,250,24.199999999998667
145,2025-11-19 18:20:00,2025-11-19 22:46:00,high,low,1.1542,1.15101,DOWN,266,31.89999999999804
146,2025-11-19 22:46:00,2025-11-20 05:20:00,low,high,1.15101,1.15295,UP,394,19.399999999998307
147,2025-11-20 05:20:00,2025-11-20 08:30:00,high,low,1.15295,1.15013,DOWN,190,28.199999999998226
148,2025-11-20 08:30:00,2025-11-20 09:33:00,low,high,1.15013,1.15499,UP,63,48.599999999998644
149,2025-11-20 09:33:00,2025-11-20 18:18:00,high,low,1.15499,1.15233,DOWN,522,26.599999999998847
150,2025-11-20 18:18:00,2025-11-21 03:26:00,low,high,1.15233,1.15524,UP,548,29.09999999999968
151,2025-11-21 03:26:00,2025-11-21 11:41:00,high,low,1.15524,1.14909,DOWN,495,61.500000000000995
152,2025-11-21 11:41:00,2025-11-21 16:21:00,low,high,1.14909,1.15208,UP,280,29.90000000000048
153,2025-11-21 16:21:00,2025-11-23 19:19:00,high,low,1.15208,1.15018,DOWN,171,19.000000000000128
154,2025-11-23 19:19:00,2025-11-24 00:08:00,low,high,1.15018,1.15281,UP,287,26.299999999999102
155,2025-11-24 00:08:00,2025-11-24 03:00:00,high,low,1.15281,1.15097,DOWN,172,18.399999999998418
156,2025-11-24 03:00:00,2025-11-24 07:46:00,low,high,1.15097,1.15503,UP,286,40.599999999999525
157,2025-11-24 07:46:00,2025-11-24 12:06:00,high,low,1.15503,1.15114,DOWN,260,38.899999999999494
158,2025-11-24 12:06:00,2025-11-24 22:00:00,low,high,1.15114,1.15301,UP,591,18.700000000000383
159,2025-11-24 22:00:00,2025-11-25 00:37:00,high,low,1.15301,1.15114,DOWN,157,18.700000000000383
160,2025-11-25 00:37:00,2025-11-26 01:29:00,low,high,1.15114,1.15958,UP,1489,84.40000000000003
161,2025-11-26 01:29:00,2025-11-26 09:01:00,high,low,1.15958,1.1547,DOWN,452,48.799999999999955
162,2025-11-26 09:01:00,2025-11-26 21:39:00,low,high,1.1547,1.16132,UP,754,66.19999999999848
163,2025-11-26 21:39:00,2025-11-27 04:26:00,high,low,1.16132,1.15763,DOWN,407,36.89999999999971
164,2025-11-27 04:26:00,2025-11-27 19:13:00,low,high,1.15763,1.16018,UP,853,25.500000000000522
165,2025-11-27 19:13:00,2025-11-28 05:55:00,high,low,1.16018,1.1555,DOWN,642,46.800000000000175
166,2025-11-28 05:55:00,2025-11-28 10:59:00,low,high,1.1555,1.16075,UP,304,52.49999999999977
167,2025-11-28 10:59:00,2025-11-30 17:03:00,high,low,1.16075,1.15912,DOWN,355,16.300000000000203
168,2025-11-30 17:03:00,2025-11-30 20:25:00,low,high,1.15912,1.16158,UP,200,24.600000000001288
169,2025-11-30 20:25:00,2025-11-30 22:05:00,high,low,1.16158,1.15893,DOWN,100,26.500000000000412
170,2025-11-30 22:05:00,2025-12-01 08:05:00,low,high,1.15893,1.16522,UP,596,62.89999999999907
171,2025-12-01 08:05:00,2025-12-01 19:32:00,high,low,1.16522,1.16037,DOWN,678,48.50000000000021
172,2025-12-01 19:32:00,2025-12-02 02:20:00,low,high,1.16037,1.16162,UP,406,12.500000000001954
173,2025-12-02 02:20:00,2025-12-02 05:23:00,high,low,1.16162,1.15983,DOWN,183,17.900000000001803
174,2025-12-02 05:23:00,2025-12-02 09:08:00,low,high,1.15983,1.1623,UP,225,24.700000000001943
175,2025-12-02 09:08:00,2025-12-02 11:58:00,high,low,1.1623,1.1591,DOWN,170,32.00000000000092
176,2025-12-02 11:58:00,2025-12-03 02:17:00,low,high,1.1591,1.16526,UP,853,61.59999999999943
177,2025-12-03 02:17:00,2025-12-03 03:48:00,high,low,1.16526,1.16356,DOWN,91,17.000000000000348
178,2025-12-03 03:48:00,2025-12-03 14:21:00,low,high,1.16356,1.16775,UP,633,41.900000000001384
179,2025-12-03 14:21:00,2025-12-04 01:23:00,high,low,1.16775,1.16529,DOWN,657,24.600000000001288
180,2025-12-04 01:23:00,2025-12-04 03:56:00,low,high,1.16529,1.16819,UP,153,29.000000000001247
181,2025-12-04 03:56:00,2025-12-04 16:23:00,high,low,1.16819,1.16409,DOWN,747,40.99999999999993
182,2025-12-04 16:23:00,2025-12-05 02:40:00,low,high,1.16409,1.16717,UP,613,30.799999999999716
183,2025-12-05 02:40:00,2025-12-05 11:20:00,high,low,1.16717,1.16279,DOWN,520,43.80000000000051
184,2025-12-05 11:20:00,2025-12-08 01:04:00,low,high,1.16279,1.16718,UP,823,43.90000000000116
185,2025-12-08 01:04:00,2025-12-08 11:25:00,high,low,1.16718,1.16163,DOWN,621,55.50000000000166
186,2025-12-08 11:25:00,2025-12-09 00:59:00,low,high,1.16163,1.16502,UP,809,33.90000000000004
187,2025-12-09 00:59:00,2025-12-09 03:07:00,high,low,1.16502,1.16334,DOWN,128,16.799999999999038
188,2025-12-09 03:07:00,2025-12-09 04:48:00,low,high,1.16334,1.16571,UP,101,23.699999999999832
189,2025-12-09 04:48:00,2025-12-09 10:10:00,high,low,1.16571,1.16149,DOWN,322,42.200000000001125
190,2025-12-09 10:10:00,2025-12-10 20:06:00,low,high,1.16149,1.17072,UP,2031,92.30000000000072
191,2025-12-10 20:06:00,2025-12-11 01:20:00,high,low,1.17072,1.16821,DOWN,314,25.100000000000122
192,2025-12-11 01:20:00,2025-12-11 12:12:00,low,high,1.16821,1.17627,UP,652,80.59999999999957
193,2025-12-11 12:12:00,2025-12-11 23:16:00,high,low,1.17627,1.1731,DOWN,663,31.69999999999895
194,2025-12-11 23:16:00,2025-12-12 02:35:00,low,high,1.1731,1.17432,UP,198,12.199999999999989
195,2025-12-12 02:35:00,2025-12-12 07:50:00,high,low,1.17432,1.17195,DOWN,315,23.699999999999832
196,2025-12-12 07:50:00,2025-12-12 13:33:00,low,high,1.17195,1.17497,UP,343,30.200000000000227
197,2025-12-12 13:33:00,2025-12-15 03:13:00,high,low,1.17497,1.17264,DOWN,818,23.300000000001653
198,2025-12-15 03:13:00,2025-12-15 10:06:00,low,high,1.17264,1.17688,UP,413,42.40000000000022
199,2025-12-15 10:06:00,2025-12-15 14:17:00,high,low,1.17688,1.17382,DOWN,251,30.599999999998406
200,2025-12-15 14:17:00,2025-12-15 19:11:00,low,high,1.17382,1.17579,UP,289,19.699999999998052
201,2025-12-15 19:11:00,2025-12-15 20:50:00,high,low,1.17579,1.17467,DOWN,99,11.199999999997878
202,2025-12-15 20:50:00,2025-12-15 22:04:00,low,high,1.17467,1.1759,UP,74,12.299999999998423
203,2025-12-15 22:04:00,2025-12-16 02:10:00,high,low,1.1759,1.17442,DOWN,245,14.799999999999258
204,2025-12-16 02:10:00,2025-12-16 10:01:00,low,high,1.17442,1.1804,UP,471,59.79999999999875
205,2025-12-16 10:01:00,2025-12-17 02:24:00,high,low,1.1804,1.1703,DOWN,982,100.99999999999997
206,2025-12-17 02:24:00,2025-12-17 10:39:00,low,high,1.1703,1.1758,UP,495,55.000000000000604
207,2025-12-17 10:39:00,2025-12-17 20:53:00,high,low,1.1758,1.1735,DOWN,606,22.999999999999687
208,2025-12-17 20:53:00,2025-12-18 02:05:00,low,high,1.1735,1.17496,UP,312,14.600000000000168
209,2025-12-18 02:05:00,2025-12-18 07:25:00,high,low,1.17496,1.17123,DOWN,320,37.30000000000011
210,2025-12-18 07:25:00,2025-12-18 08:52:00,low,high,1.17123,1.17627,UP,87,50.39999999999934
211,2025-12-18 08:52:00,2025-12-19 08:21:00,high,low,1.17627,1.17021,DOWN,1398,60.59999999999954
212,2025-12-19 08:21:00,2025-12-19 09:27:00,low,high,1.17021,1.17377,UP,66,35.60000000000008
213,2025-12-19 09:27:00,2025-12-21 18:57:00,high,low,1.17377,1.17058,DOWN,570,31.90000000000026
214,2025-12-21 18:57:00,2025-12-22 00:18:00,low,high,1.17058,1.17221,UP,321,16.300000000000203
215,2025-12-22 00:18:00,2025-12-22 01:54:00,high,low,1.17221,1.17127,DOWN,96,9.399999999999409
216,2025-12-22 01:54:00,2025-12-23 07:31:00,low,high,1.17127,1.18021,UP,1775,89.39999999999948
217,2025-12-23 07:31:00,2025-12-23 10:46:00,high,low,1.18021,1.17637,DOWN,195,38.40000000000066
218,2025-12-23 10:46:00,2025-12-23 21:11:00,low,high,1.17637,1.18079,UP,624,44.200000000000905
219,2025-12-23 21:11:00,2025-12-24 17:10:00,high,low,1.18079,1.17695,DOWN,1188,38.40000000000066
220,2025-12-24 17:10:00,2025-12-24 20:23:00,low,high,1.17695,1.17835,UP,55,14.000000000000679
221,2025-12-24 20:23:00,2025-12-25 02:47:00,high,low,1.17835,1.17663,DOWN,135,17.199999999999438
222,2025-12-25 02:47:00,2025-12-25 21:57:00,low,high,1.17663,1.17934,UP,303,27.099999999999902
223,2025-12-25 21:57:00,2025-12-26 03:07:00,high,low,1.17934,1.17662,DOWN,309,27.200000000000557
224,2025-12-26 03:07:00,2025-12-26 08:46:00,low,high,1.17662,1.17966,UP,339,30.399999999999316
225,2025-12-26 08:46:00,2025-12-26 12:33:00,high,low,1.17966,1.17615,DOWN,227,35.09999999999902
226,2025-12-26 12:33:00,2025-12-28 20:47:00,low,high,1.17615,1.17862,UP,487,24.699999999999722
227,2025-12-28 20:47:00,2025-12-29 00:26:00,high,low,1.17862,1.17537,DOWN,218,32.49999999999975
228,2025-12-29 00:26:00,2025-12-29 04:40:00,low,high,1.17537,1.1789,UP,254,35.30000000000033
229,2025-12-29 04:40:00,2025-12-29 12:25:00,high,low,1.1789,1.17493,DOWN,465,39.70000000000029
230,2025-12-29 12:25:00,2025-12-30 01:19:00,low,high,1.17493,1.17797,UP,768,30.399999999999316
231,2025-12-30 01:19:00,2025-12-31 04:02:00,high,low,1.17797,1.17199,DOWN,1589,59.79999999999875
232,2025-12-31 04:02:00,2025-12-31 07:55:00,low,high,1.17199,1.17592,UP,233,39.29999999999989
233,2025-12-31 07:55:00,2025-12-31 10:16:00,high,low,1.17592,1.17202,DOWN,141,39.00000000000014
234,2025-12-31 10:16:00,2026-01-01 22:52:00,low,high,1.17202,1.17649,UP,747,44.69999999999974
235,2026-01-01 22:52:00,2026-01-02 05:30:00,high,low,1.17649,1.17132,DOWN,397,51.70000000000119
236,2026-01-02 05:30:00,2026-01-02 11:03:00,low,high,1.17132,1.17542,UP,333,40.99999999999993
237,2026-01-02 11:03:00,2026-01-04 22:27:00,high,low,1.17542,1.16721,DOWN,682,82.09999999999829
238,2026-01-04 22:27:00,2026-01-05 03:30:00,low,high,1.16721,1.16948,UP,303,22.699999999999942
239,2026-01-05 03:30:00,2026-01-05 08:42:00,high,low,1.16948,1.16588,DOWN,312,36.000000000000476
240,2026-01-05 08:42:00,2026-01-05 14:39:00,low,high,1.16588,1.17286,UP,357,69.79999999999987
241,2026-01-05 14:39:00,2026-01-05 19:42:00,high,low,1.17286,1.17106,DOWN,301,18.000000000000238
242,2026-01-05 19:42:00,2026-01-06 02:09:00,low,high,1.17106,1.17428,UP,387,32.2
243,2026-01-06 02:09:00,2026-01-06 14:38:00,high,low,1.17428,1.16837,DOWN,749,59.10000000000082
244,2026-01-06 14:38:00,2026-01-06 21:13:00,low,high,1.16837,1.17025,UP,394,18.800000000001038
245,2026-01-06 21:13:00,2026-01-07 03:28:00,high,low,1.17025,1.16728,DOWN,375,29.69999999999917
246,2026-01-07 03:28:00,2026-01-07 10:08:00,low,high,1.16728,1.16985,UP,400,25.699999999999612
247,2026-01-07 10:08:00,2026-01-07 21:21:00,high,low,1.16985,1.16724,DOWN,662,26.100000000000012
248,2026-01-07 21:21:00,2026-01-07 22:32:00,low,high,1.16724,1.16828,UP,71,10.399999999999299
249,2026-01-07 22:32:00,2026-01-09 08:30:00,high,low,1.16828,1.16254,DOWN,2030,57.40000000000079
250,2026-01-09 08:30:00,2026-01-09 08:37:00,low,high,1.16254,1.16604,UP,7,35.00000000000058
251,2026-01-09 08:37:00,2026-01-09 10:21:00,high,low,1.16604,1.16179,DOWN,104,42.49999999999865
252,2026-01-09 10:21:00,2026-01-12 08:52:00,low,high,1.16179,1.16984,UP,1347,80.4999999999989
253,2026-01-12 08:52:00,2026-01-13 01:40:00,high,low,1.16984,1.16537,DOWN,1004,44.69999999999974
254,2026-01-13 01:40:00,2026-01-13 05:00:00,low,high,1.16537,1.16742,UP,200,20.499999999998852
255,2026-01-13 05:00:00,2026-01-13 08:26:00,high,low,1.16742,1.16501,DOWN,206,24.099999999998012
256,2026-01-13 08:26:00,2026-01-13 08:30:00,low,high,1.16501,1.16776,UP,4,27.49999999999808
257,2026-01-13 08:30:00,2026-01-13 11:19:00,high,low,1.16776,1.1634,DOWN,169,43.5999999999992
258,2026-01-13 11:19:00,2026-01-14 11:11:00,low,high,1.1634,1.16615,UP,1427,27.500000000000302
259,2026-01-14 11:11:00,2026-01-15 02:25:00,high,low,1.16615,1.16259,DOWN,912,35.60000000000008
260,2026-01-15 02:25:00,2026-01-15 05:35:00,low,high,1.16259,1.16409,UP,190,15.000000000000568
261,2026-01-15 05:35:00,2026-01-15 09:43:00,high,low,1.16409,1.1593,DOWN,248,47.900000000000716
262,2026-01-15 09:43:00,2026-01-16 10:15:00,low,high,1.1593,1.16273,UP,1462,34.30000000000044
263,2026-01-16 10:15:00,2026-01-18 17:08:00,high,low,1.16273,1.15777,DOWN,413,49.600000000000755
264,2026-01-18 17:08:00,2026-01-19 02:13:00,low,high,1.15777,1.16412,UP,544,63.50000000000078
265,2026-01-19 02:13:00,2026-01-19 04:25:00,high,low,1.16412,1.1611,DOWN,132,30.200000000000227
266,2026-01-19 04:25:00,2026-01-19 13:22:00,low,high,1.1611,1.16487,UP,537,37.700000000000514
267,2026-01-19 13:22:00,2026-01-19 19:41:00,high,low,1.16487,1.16324,DOWN,360,16.300000000000203
268,2026-01-19 19:41:00,2026-01-20 08:34:00,low,high,1.16324,1.17688,UP,773,136.39999999999876
269,2026-01-20 08:34:00,2026-01-20 15:04:00,high,low,1.17688,1.17106,DOWN,389,58.19999999999936
270,2026-01-20 15:04:00,2026-01-20 20:37:00,low,high,1.17106,1.17342,UP,333,23.599999999999177
271,2026-01-20 20:37:00,2026-01-21 04:57:00,high,low,1.17342,1.17012,DOWN,500,32.999999999998586
272,2026-01-21 04:57:00,2026-01-21 08:54:00,low,high,1.17012,1.1743,UP,237,41.799999999998505
273,2026-01-21 08:54:00,2026-01-21 18:33:00,high,low,1.1743,1.16697,DOWN,578,73.29999999999836
274,2026-01-21 18:33:00,2026-01-22 18:09:00,low,high,1.16697,1.17591,UP,1412,89.39999999999948
275,2026-01-22 18:09:00,2026-01-23 03:19:00,high,low,1.17591,1.17283,DOWN,548,30.799999999999716
276,2026-01-23 03:19:00,2026-01-25 18:15:00,low,high,1.17283,1.18976,UP,896,169.2999999999989
277,2026-01-25 18:15:00,2026-01-26 08:08:00,high,low,1.18976,1.18347,DOWN,833,62.89999999999907
278,2026-01-26 08:08:00,2026-01-26 11:04:00,low,high,1.18347,1.19069,UP,176,72.20000000000005
279,2026-01-26 11:04:00,2026-01-27 03:44:00,high,low,1.19069,1.18502,DOWN,998,56.70000000000064
280,2026-01-27 03:44:00,2026-01-27 15:48:00,low,high,1.18502,1.20822,UP,724,232.00000000000108
281,2026-01-27 15:48:00,2026-01-28 00:02:00,high,low,1.20822,1.19748,DOWN,492,107.39999999999972
282,2026-01-28 00:02:00,2026-01-28 02:15:00,low,high,1.19748,1.20257,UP,133,50.89999999999817
283,2026-01-28 02:15:00,2026-01-28 14:02:00,high,low,1.20257,1.18957,DOWN,707,129.999999999999
284,2026-01-28 14:02:00,2026-01-29 02:03:00,low,high,1.18957,1.19964,UP,719,100.70000000000023
285,2026-01-29 02:03:00,2026-01-29 06:03:00,high,low,1.19964,1.19379,DOWN,240,58.50000000000133
286,2026-01-29 06:03:00,2026-01-29 10:00:00,low,high,1.19379,1.19725,UP,237,34.600000000000186
287,2026-01-29 10:00:00,2026-01-29 10:28:00,high,low,1.19725,1.19059,DOWN,28,66.59999999999889
288,2026-01-29 10:28:00,2026-01-29 18:35:00,low,high,1.19059,1.19745,UP,485,68.59999999999866
289,2026-01-29 18:35:00,2026-01-29 21:21:00,high,low,1.19745,1.18948,DOWN,166,79.69999999999811
290,2026-01-29 21:21:00,2026-01-30 03:04:00,low,high,1.18948,1.19431,UP,343,48.2999999999989
291,2026-01-30 03:04:00,2026-01-30 04:53:00,high,low,1.19431,1.18981,DOWN,109,44.99999999999949
292,2026-01-30 04:53:00,2026-01-30 07:02:00,low,high,1.18981,1.19546,UP,129,56.49999999999933
293,2026-01-30 07:02:00,2026-02-01 18:20:00,high,low,1.19546,1.18395,DOWN,674,115.09999999999908
294,2026-02-01 18:20:00,2026-02-02 06:37:00,low,high,1.18395,1.18712,UP,737,31.69999999999895
295,2026-02-02 06:37:00,2026-02-02 14:10:00,high,low,1.18712,1.17758,DOWN,453,95.39999999999881
296,2026-02-02 14:10:00,2026-02-03 02:48:00,low,high,1.17758,1.18243,UP,756,48.50000000000021
297,2026-02-03 02:48:00,2026-02-03 09:10:00,high,low,1.18243,1.178,DOWN,382,44.30000000000156
298,2026-02-03 09:10:00,2026-02-04 03:12:00,low,high,1.178,1.18379,UP,1079,57.89999999999962
299,2026-02-04 03:12:00,2026-02-04 22:03:00,high,low,1.18379,1.17826,DOWN,1131,55.29999999999813
300,2026-02-04 22:03:00,2026-02-05 03:19:00,low,high,1.17826,1.18088,UP,316,26.199999999998447
301,2026-02-05 03:19:00,2026-02-05 04:59:00,high,low,1.18088,1.17802,DOWN,100,28.599999999998627
302,2026-02-05 04:59:00,2026-02-05 09:15:00,low,high,1.17802,1.18218,UP,256,41.59999999999941
303,2026-02-05 09:15:00,2026-02-05 19:21:00,high,low,1.18218,1.17654,DOWN,604,56.400000000000894
304,2026-02-05 19:21:00,2026-02-06 01:31:00,low,high,1.17654,1.18016,UP,370,36.200000000001786
305,2026-02-06 01:31:00,2026-02-06 03:10:00,high,low,1.18016,1.17855,DOWN,99,16.100000000001113
306,2026-02-06 03:10:00,2026-02-06 09:51:00,low,high,1.17855,1.1826,UP,401,40.500000000001094
307,2026-02-06 09:51:00,2026-02-08 18:13:00,high,low,1.1826,1.18097,DOWN,499,16.300000000000203
308,2026-02-08 18:13:00,2026-02-09 10:01:00,low,high,1.18097,1.19266,UP,948,116.89999999999978
309,2026-02-09 10:01:00,2026-02-09 20:29:00,high,low,1.19266,1.18965,DOWN,626,30.09999999999957
310,2026-02-09 20:29:00,2026-02-09 22:52:00,low,high,1.18965,1.19169,UP,143,20.399999999998197
311,2026-02-09 22:52:00,2026-02-10 02:38:00,high,low,1.19169,1.18993,DOWN,226,17.599999999999838
312,2026-02-10 02:38:00,2026-02-10 04:30:00,low,high,1.18993,1.19198,UP,112,20.500000000001073
313,2026-02-10 04:30:00,2026-02-10 08:01:00,high,low,1.19198,1.18885,DOWN,211,31.30000000000077
314,2026-02-10 08:01:00,2026-02-10 09:34:00,low,high,1.18885,1.19285,UP,93,40.000000000000036
315,2026-02-10 09:34:00,2026-02-10 19:01:00,high,low,1.19285,1.18862,DOWN,560,42.29999999999956
316,2026-02-10 19:01:00,2026-02-11 05:55:00,low,high,1.18862,1.19272,UP,654,40.99999999999993
317,2026-02-11 05:55:00,2026-02-11 08:33:00,high,low,1.19272,1.18331,DOWN,158,94.09999999999918
318,2026-02-11 08:33:00,2026-02-11 21:05:00,low,high,1.18331,1.18846,UP,751,51.49999999999988
319,2026-02-11 21:05:00,2026-02-12 01:33:00,high,low,1.18846,1.18522,DOWN,268,32.40000000000131
320,2026-02-12 01:33:00,2026-02-12 11:07:00,low,high,1.18522,1.18899,UP,574,37.700000000000514
321,2026-02-12 11:07:00,2026-02-12 13:23:00,high,low,1.18899,1.18561,DOWN,136,33.799999999999386
322,2026-02-12 13:23:00,2026-02-12 20:01:00,low,high,1.18561,1.18734,UP,396,17.300000000000093
323,2026-02-12 20:01:00,2026-02-13 02:37:00,high,low,1.18734,1.18469,DOWN,396,26.500000000000412
324,2026-02-13 02:37:00,2026-02-13 08:30:00,low,high,1.18469,1.18846,UP,353,37.700000000000514
325,2026-02-13 08:30:00,2026-02-13 10:59:00,high,low,1.18846,1.18475,DOWN,149,37.10000000000102
326,2026-02-13 10:59:00,2026-02-16 01:45:00,low,high,1.18475,1.18701,UP,885,22.599999999999287
327,2026-02-16 01:45:00,2026-02-16 02:34:00,high,low,1.18701,1.18602,DOWN,49,9.899999999998244
328,2026-02-16 02:34:00,2026-02-16 03:05:00,low,high,1.18602,1.18703,UP,31,10.099999999999554
329,2026-02-16 03:05:00,2026-02-17 02:55:00,high,low,1.18703,1.18286,DOWN,1394,41.700000000000074
330,2026-02-17 02:55:00,2026-02-17 04:35:00,low,high,1.18286,1.18497,UP,100,21.100000000000563
331,2026-02-17 04:35:00,2026-02-17 10:50:00,high,low,1.18497,1.18049,DOWN,375,44.800000000000395
332,2026-02-17 10:50:00,2026-02-17 18:08:00,low,high,1.18049,1.18573,UP,437,52.39999999999911
333,2026-02-17 18:08:00,2026-02-18 03:44:00,high,low,1.18573,1.18284,DOWN,575,28.900000000000592
334,2026-02-18 03:44:00,2026-02-18 08:08:00,low,high,1.18284,1.18485,UP,264,20.100000000000673
335,2026-02-18 08:08:00,2026-02-18 16:59:00,high,low,1.18485,1.17818,DOWN,529,66.69999999999953
336,2026-02-18 16:59:00,2026-02-19 04:08:00,low,high,1.17818,1.18075,UP,664,25.699999999999612
337,2026-02-19 04:08:00,2026-02-19 09:25:00,high,low,1.18075,1.17418,DOWN,317,65.69999999999965
338,2026-02-19 09:25:00,2026-02-19 16:47:00,low,high,1.17418,1.1778,UP,442,36.19999999999956
339,2026-02-19 16:47:00,2026-02-20 00:09:00,high,low,1.1778,1.17501,DOWN,439,27.89999999999848
340,2026-02-20 00:09:00,2026-02-20 02:36:00,low,high,1.17501,1.17625,UP,147,12.399999999999078
341,2026-02-20 02:36:00,2026-02-20 03:12:00,high,low,1.17625,1.17432,DOWN,36,19.299999999999873
342,2026-02-20 03:12:00,2026-02-20 08:30:00,low,high,1.17432,1.17821,UP,318,38.899999999999494
343,2026-02-20 08:30:00,2026-02-20 10:06:00,high,low,1.17821,1.17551,DOWN,96,26.999999999999247
344,2026-02-20 10:06:00,2026-02-22 18:57:00,low,high,1.17551,1.18346,UP,524,79.49999999999902
345,2026-02-22 18:57:00,2026-02-23 23:35:00,high,low,1.18346,1.17679,DOWN,1715,66.69999999999953
346,2026-02-23 23:35:00,2026-02-24 04:34:00,low,high,1.17679,1.1793,UP,298,25.100000000000122
347,2026-02-24 04:34:00,2026-02-24 10:19:00,high,low,1.1793,1.1766,DOWN,345,26.999999999999247
348,2026-02-24 10:19:00,2026-02-24 11:28:00,low,high,1.1766,1.179,UP,69,23.999999999999577
349,2026-02-24 11:28:00,2026-02-24 17:00:00,high,low,1.179,1.17715,DOWN,330,18.500000000001293
350,2026-02-24 17:00:00,2026-02-25 02:06:00,low,high,1.17715,1.18078,UP,542,36.300000000000225
351,2026-02-25 02:06:00,2026-02-25 06:30:00,high,low,1.18078,1.17709,DOWN,264,36.89999999999971
352,2026-02-25 06:30:00,2026-02-25 20:47:00,low,high,1.17709,1.18288,UP,855,57.89999999999962
353,2026-02-25 20:47:00,2026-02-26 12:49:00,high,low,1.18288,1.17737,DOWN,962,55.09999999999904
354,2026-02-26 12:49:00,2026-02-27 03:07:00,low,high,1.17737,1.18216,UP,855,47.900000000000716
355,2026-02-27 03:07:00,2026-02-27 08:48:00,high,low,1.18216,1.17903,DOWN,341,31.30000000000077
356,2026-02-27 08:48:00,2026-02-27 12:09:00,low,high,1.17903,1.18268,UP,201,36.49999999999931
357,2026-02-27 12:09:00,2026-03-03 10:20:00,high,low,1.18268,1.153,DOWN,2768,296.7999999999993
358,2026-03-03 10:20:00,2026-03-03 14:41:00,low,high,1.153,1.16257,UP,261,95.70000000000078
359,2026-03-03 14:41:00,2026-03-03 20:27:00,high,low,1.16257,1.15745,DOWN,346,51.20000000000013
360,2026-03-03 20:27:00,2026-03-04 06:24:00,low,high,1.15745,1.16546,UP,597,80.0999999999985
361,2026-03-04 06:24:00,2026-03-05 03:30:00,high,low,1.16546,1.15815,DOWN,1263,73.09999999999928
362,2026-03-05 03:30:00,2026-03-05 04:08:00,low,high,1.15815,1.16445,UP,38,62.99999999999972
363,2026-03-05 04:08:00,2026-03-05 11:26:00,high,low,1.16445,1.15587,DOWN,438,85.80000000000032
364,2026-03-05 11:26:00,2026-03-05 23:33:00,low,high,1.15587,1.16211,UP,719,62.40000000000023
365,2026-03-05 23:33:00,2026-03-06 09:23:00,high,low,1.16211,1.15457,DOWN,590,75.3999999999988
366,2026-03-06 09:23:00,2026-03-06 13:20:00,low,high,1.15457,1.16213,UP,237,75.60000000000011
367,2026-03-06 13:20:00,2026-03-08 20:53:00,high,low,1.16213,1.15069,DOWN,513,114.40000000000117
368,2026-03-08 20:53:00,2026-03-09 17:15:00,low,high,1.15069,1.16454,UP,1222,138.49999999999918
369,2026-03-09 17:15:00,2026-03-09 23:00:00,high,low,1.16454,1.16069,DOWN,345,38.49999999999909
370,2026-03-09 23:00:00,2026-03-10 12:27:00,low,high,1.16069,1.16672,UP,807,60.2999999999998
371,2026-03-10 12:27:00,2026-03-10 17:48:00,high,low,1.16672,1.16027,DOWN,316,64.50000000000067
372,2026-03-10 17:48:00,2026-03-11 02:15:00,low,high,1.16027,1.16453,UP,507,42.60000000000153
373,2026-03-11 02:15:00,2026-03-11 23:50:00,high,low,1.16453,1.15317,DOWN,1292,113.60000000000036
374,2026-03-11 23:50:00,2026-03-12 06:37:00,low,high,1.15317,1.15662,UP,407,34.49999999999953
375,2026-03-12 06:37:00,2026-03-12 15:58:00,high,low,1.15662,1.15096,DOWN,561,56.59999999999998
376,2026-03-12 15:58:00,2026-03-12 20:12:00,low,high,1.15096,1.15296,UP,253,20.000000000000018
377,2026-03-12 20:12:00,2026-03-13 03:22:00,high,low,1.15296,1.14328,DOWN,430,96.7999999999991
378,2026-03-13 03:22:00,2026-03-13 08:48:00,low,high,1.14328,1.14901,UP,326,57.300000000000125
379,2026-03-13 08:48:00,2026-03-13 15:42:00,high,low,1.14901,1.14108,DOWN,414,79.29999999999993
380,2026-03-13 15:42:00,2026-03-15 20:00:00,low,high,1.14108,1.14564,UP,257,45.59999999999897
381,2026-03-15 20:00:00,2026-03-16 02:40:00,high,low,1.14564,1.14139,DOWN,399,42.50000000000087
382,2026-03-16 02:40:00,2026-03-16 14:10:00,low,high,1.14139,1.15248,UP,690,110.90000000000045
383,2026-03-16 14:10:00,2026-03-17 01:14:00,high,low,1.15248,1.14658,DOWN,660,59.00000000000016
384,2026-03-17 01:14:00,2026-03-17 13:10:00,low,high,1.14658,1.15471,UP,716,81.2999999999997
385,2026-03-17 13:10:00,2026-03-17 19:58:00,high,low,1.15471,1.15319,DOWN,407,15.199999999999658
386,2026-03-17 19:58:00,2026-03-18 01:25:00,low,high,1.15319,1.15492,UP,326,17.300000000000093
387,2026-03-18 01:25:00,2026-03-18 03:26:00,high,low,1.15492,1.15176,DOWN,121,31.600000000000517
388,2026-03-18 03:26:00,2026-03-18 06:19:00,low,high,1.15176,1.15551,UP,173,37.50000000000142
389,2026-03-18 06:19:00,2026-03-18 15:38:00,high,low,1.15551,1.14496,DOWN,559,105.5000000000006
390,2026-03-18 15:38:00,2026-03-18 21:20:00,low,high,1.14496,1.14912,UP,342,41.59999999999941
391,2026-03-18 21:20:00,2026-03-19 03:42:00,high,low,1.14912,1.14429,DOWN,382,48.2999999999989
392,2026-03-19 03:42:00,2026-03-19 14:08:00,low,high,1.14429,1.16161,UP,626,173.20000000000002
393,2026-03-19 14:08:00,2026-03-20 00:51:00,high,low,1.16161,1.15523,DOWN,642,63.80000000000052
394,2026-03-20 00:51:00,2026-03-20 03:25:00,low,high,1.15523,1.15805,UP,154,28.200000000000447
395,2026-03-20 03:25:00,2026-03-20 09:28:00,high,low,1.15805,1.15245,DOWN,363,56.0000000000005
396,2026-03-20 09:28:00,2026-03-20 15:59:00,low,high,1.15245,1.15718,UP,391,47.30000000000123
397,2026-03-20 15:59:00,2026-03-23 05:56:00,high,low,1.15718,1.14843,DOWN,833,87.50000000000036
398,2026-03-23 05:56:00,2026-03-23 09:38:00,low,high,1.14843,1.16397,UP,222,155.39999999999887
399,2026-03-23 09:38:00,2026-03-23 23:27:00,high,low,1.16397,1.15756,DOWN,828,64.10000000000026
400,2026-03-23 23:27:00,2026-03-24 02:13:00,low,high,1.15756,1.16176,UP,166,41.999999999999815
401,2026-03-24 02:13:00,2026-03-24 08:45:00,high,low,1.16176,1.15671,DOWN,392,50.499999999999986
402,2026-03-24 08:45:00,2026-03-24 09:52:00,low,high,1.15671,1.16069,UP,67,39.80000000000095
403,2026-03-24 09:52:00,2026-03-24 12:05:00,high,low,1.16069,1.15569,DOWN,133,49.999999999998934
404,2026-03-24 12:05:00,2026-03-24 19:39:00,low,high,1.15569,1.16305,UP,453,73.59999999999812
405,2026-03-24 19:39:00,2026-03-25 01:09:00,high,low,1.16305,1.15867,DOWN,330,43.799999999998285
406,2026-03-25 01:09:00,2026-03-25 03:33:00,low,high,1.15867,1.16165,UP,144,29.799999999999827
407,2026-03-25 03:33:00,2026-03-25 19:45:00,high,low,1.16165,1.15539,DOWN,970,62.60000000000154
408,2026-03-25 19:45:00,2026-03-25 23:32:00,low,high,1.15539,1.15722,UP,227,18.299999999999983
409,2026-03-25 23:32:00,2026-03-26 15:09:00,high,low,1.15722,1.15196,DOWN,936,52.599999999998204
410,2026-03-26 15:09:00,2026-03-26 15:12:00,low,high,1.15196,1.15588,UP,3,39.199999999999235
411,2026-03-26 15:12:00,2026-03-27 07:15:00,high,low,1.15588,1.15018,DOWN,962,57.000000000000384
412,2026-03-27 07:15:00,2026-03-27 10:33:00,low,high,1.15018,1.15476,UP,198,45.80000000000028
413,2026-03-27 10:33:00,2026-03-29 18:58:00,high,low,1.15476,1.14877,DOWN,431,59.899999999999395
414,2026-03-29 18:58:00,2026-03-30 00:27:00,low,high,1.14877,1.15211,UP,269,33.39999999999898
415,2026-03-30 00:27:00,2026-03-30 11:15:00,high,low,1.15211,1.1443,DOWN,648,78.09999999999873
416,2026-03-30 11:15:00,2026-03-30 17:02:00,low,high,1.1443,1.14674,UP,347,24.399999999999977
417,2026-03-30 17:02:00,2026-03-30 20:23:00,high,low,1.14674,1.14471,DOWN,201,20.300000000001983
418,2026-03-30 20:23:00,2026-03-30 21:32:00,low,high,1.14471,1.14906,UP,69,43.50000000000076
419,2026-03-30 21:32:00,2026-03-31 07:03:00,high,low,1.14906,1.14574,DOWN,571,33.199999999999896
420,2026-03-31 07:03:00,2026-04-01 11:03:00,low,high,1.14574,1.16271,UP,1674,169.6999999999993
421,2026-04-01 11:03:00,2026-04-01 15:00:00,high,low,1.16271,1.15763,DOWN,237,50.799999999999734
422,2026-04-01 15:00:00,2026-04-01 21:11:00,low,high,1.15763,1.16055,UP,368,29.200000000000337
423,2026-04-01 21:11:00,2026-04-02 07:14:00,high,low,1.16055,1.1509,DOWN,603,96.49999999999936
424,2026-04-02 07:14:00,2026-04-02 10:36:00,low,high,1.1509,1.15638,UP,202,54.799999999999294
425,2026-04-02 10:36:00,2026-04-02 17:04:00,high,low,1.15638,1.15315,DOWN,386,32.300000000000665
426,2026-04-02 17:04:00,2026-04-02 20:01:00,low,high,1.15315,1.15449,UP,171,13.400000000001189
427,2026-04-02 20:01:00,2026-04-03 01:23:00,high,low,1.15449,1.15293,DOWN,312,15.600000000000058
428,2026-04-03 01:23:00,2026-04-03 06:54:00,low,high,1.15293,1.15489,UP,327,19.599999999999618
429,2026-04-03 06:54:00,2026-04-03 15:58:00,high,low,1.15489,1.15138,DOWN,536,35.09999999999902
430,2026-04-03 15:58:00,2026-04-03 16:11:00,low,high,1.15138,1.15298,UP,13,15.999999999998238
431,2026-04-03 16:11:00,2026-04-05 18:11:00,high,low,1.15298,1.15048,DOWN,104,24.999999999999467
432,2026-04-05 18:11:00,2026-04-06 10:35:00,low,high,1.15048,1.15713,UP,984,66.50000000000045
433,2026-04-06 10:35:00,2026-04-06 22:07:00,high,low,1.15713,1.15239,DOWN,690,47.399999999999665
434,2026-04-06 22:07:00,2026-04-08 09:03:00,low,high,1.15239,1.17217,UP,2093,197.7999999999991
435,2026-04-08 09:03:00,2026-04-08 15:00:00,high,low,1.17217,1.16433,DOWN,357,78.39999999999847
436,2026-04-08 15:00:00,2026-04-09 13:38:00,low,high,1.16433,1.17234,UP,1355,80.0999999999985
437,2026-04-09 13:38:00,2026-04-10 04:04:00,high,low,1.17234,1.16773,DOWN,862,46.10000000000003
438,2026-04-10 04:04:00,2026-04-10 11:24:00,low,high,1.16773,1.17392,UP,440,61.9000000000014
439,2026-04-10 11:24:00,2026-04-12 19:24:00,high,low,1.17392,1.16638,DOWN,480,75.40000000000103
440,2026-04-12 19:24:00,2026-04-13 02:10:00,low,high,1.16638,1.16948,UP,406,31.000000000001027
441,2026-04-13 02:10:00,2026-04-13 02:46:00,high,low,1.16948,1.16778,DOWN,36,17.000000000000348
442,2026-04-13 02:46:00,2026-04-14 10:56:00,low,high,1.16778,1.18111,UP,1927,133.30000000000064
443,2026-04-14 10:56:00,2026-04-14 22:35:00,high,low,1.18111,1.17787,DOWN,696,32.40000000000131
444,2026-04-14 22:35:00,2026-04-15 02:09:00,low,high,1.17787,1.17992,UP,214,20.500000000001073
445,2026-04-15 02:09:00,2026-04-15 06:36:00,high,low,1.17992,1.17718,DOWN,267,27.400000000001867
446,2026-04-15 06:36:00,2026-04-15 23:07:00,low,high,1.17718,1.18238,UP,971,52.00000000000094
447,2026-04-15 23:07:00,2026-04-16 09:58:00,high,low,1.18238,1.17668,DOWN,651,57.000000000000384
448,2026-04-16 09:58:00,2026-04-17 09:12:00,low,high,1.17668,1.18491,UP,1388,82.2999999999996
449,2026-04-17 09:12:00,2026-04-19 18:00:00,high,low,1.18491,1.17288,DOWN,526,120.29999999999986
450,2026-04-19 18:00:00,2026-04-20 19:00:00,low,high,1.17288,1.17908,UP,1497,61.99999999999983
451,2026-04-20 19:00:00,2026-04-21 08:38:00,high,low,1.17908,1.1754,DOWN,818,36.79999999999906
452,2026-04-21 08:38:00,2026-04-21 10:41:00,low,high,1.1754,1.1776,UP,123,21.999999999999797
453,2026-04-21 10:41:00,2026-04-21 15:42:00,high,low,1.1776,1.17191,DOWN,301,56.89999999999973
454,2026-04-21 15:42:00,2026-04-22 01:21:00,low,high,1.17191,1.17626,UP,576,43.50000000000076
455,2026-04-22 01:21:00,2026-04-22 20:16:00,high,low,1.17626,1.16922,DOWN,1125,70.40000000000157
456,2026-04-22 20:16:00,2026-04-22 20:31:00,low,high,1.16922,1.17136,UP,15,21.400000000000308
457,2026-04-22 20:31:00,2026-04-23 07:33:00,high,low,1.17136,1.1679,DOWN,662,34.600000000000186
458,2026-04-23 07:33:00,2026-04-23 10:54:00,low,high,1.1679,1.17164,UP,201,37.400000000000766
459,2026-04-23 10:54:00,2026-04-23 13:46:00,high,low,1.17164,1.16691,DOWN,172,47.30000000000123
460,2026-04-23 13:46:00,2026-04-23 22:00:00,low,high,1.16691,1.16892,UP,489,20.100000000000673
461,2026-04-23 22:00:00,2026-04-23 23:32:00,high,low,1.16892,1.16727,DOWN,92,16.499999999999293
462,2026-04-23 23:32:00,2026-04-24 16:57:00,low,high,1.16727,1.17229,UP,1045,50.200000000000244
463,2026-04-24 16:57:00,2026-04-26 17:00:00,high,low,1.17229,1.16928,DOWN,3,30.09999999999957
464,2026-04-26 17:00:00,2026-04-27 08:19:00,low,high,1.16928,1.17548,UP,916,61.99999999999983
465,2026-04-27 08:19:00,2026-04-27 17:00:00,high,low,1.17548,1.17179,DOWN,519,36.89999999999971
466,2026-04-27 17:00:00,2026-04-27 20:12:00,low,high,1.17179,1.17269,UP,190,8.999999999999009
467,2026-04-27 20:12:00,2026-04-28 08:11:00,high,low,1.17269,1.16774,DOWN,719,49.5000000000001
468,2026-04-28 08:11:00,2026-04-28 20:04:00,low,high,1.16774,1.17204,UP,698,42.9999999999997
469,2026-04-28 20:04:00,2026-04-29 04:12:00,high,low,1.17204,1.16936,DOWN,487,26.800000000000157
470,2026-04-29 04:12:00,2026-04-29 07:00:00,low,high,1.16936,1.17097,UP,168,16.100000000001113
471,2026-04-29 07:00:00,2026-04-29 14:47:00,high,low,1.17097,1.16611,DOWN,467,48.60000000000086
472,2026-04-29 14:47:00,2026-04-29 20:09:00,low,high,1.16611,1.16894,UP,317,28.300000000001102
473,2026-04-29 20:09:00,2026-04-30 00:40:00,high,low,1.16894,1.16551,DOWN,271,34.30000000000044
474,2026-04-30 00:40:00,2026-04-30 15:10:00,low,high,1.16551,1.17416,UP,870,86.50000000000047
475,2026-04-30 15:10:00,2026-04-30 20:14:00,high,low,1.17416,1.17241,DOWN,300,17.500000000001403
476,2026-04-30 20:14:00,2026-04-30 23:39:00,low,high,1.17241,1.17363,UP,205,12.199999999999989
477,2026-04-30 23:39:00,2026-05-01 02:33:00,high,low,1.17363,1.17187,DOWN,173,17.599999999999838
478,2026-05-01 02:33:00,2026-05-01 10:24:00,low,high,1.17187,1.17851,UP,471,66.39999999999979
479,2026-05-01 10:24:00,2026-05-05 01:00:00,high,low,1.17851,1.16764,DOWN,2304,108.69999999999935
480,2026-05-05 01:00:00,2026-05-05 11:43:00,low,high,1.16764,1.17136,UP,643,37.199999999999456
481,2026-05-05 11:43:00,2026-05-05 17:00:00,high,low,1.17136,1.16909,DOWN,315,22.699999999999942
482,2026-05-05 17:00:00,2026-05-06 06:54:00,low,high,1.16909,1.17966,UP,815,105.69999999999968
483,2026-05-06 06:54:00,2026-05-06 12:58:00,high,low,1.17966,1.17417,DOWN,364,54.89999999999995
484,2026-05-06 12:58:00,2026-05-06 21:45:00,low,high,1.17417,1.17633,UP,516,21.600000000001618
485,2026-05-06 21:45:00,2026-05-07 02:51:00,high,low,1.17633,1.17448,DOWN,306,18.500000000001293
486,2026-05-07 02:51:00,2026-05-07 05:45:00,low,high,1.17448,1.17783,UP,174,33.499999999999645
487,2026-05-07 05:45:00,2026-05-07 16:57:00,high,low,1.17783,1.17224,DOWN,672,55.899999999999835
488,2026-05-07 16:57:00,2026-05-08 16:54:00,low,high,1.17224,1.1788,UP,1434,65.60000000000122
489,2026-05-08 16:54:00,2026-05-10 17:00:00,high,low,1.1788,1.17447,DOWN,6,43.300000000001674
490,2026-05-10 17:00:00,2026-05-11 10:44:00,low,high,1.17447,1.17878,UP,1063,43.100000000000364
491,2026-05-11 10:44:00,2026-05-12 11:25:00,high,low,1.17878,1.17216,DOWN,1354,66.19999999999848
492,2026-05-12 11:25:00,2026-05-12 19:08:00,low,high,1.17216,1.17411,UP,399,19.499999999998963
493,2026-05-12 19:08:00,2026-05-12 21:17:00,high,low,1.17411,1.17318,DOWN,127,9.300000000000974
494,2026-05-12 21:17:00,2026-05-12 21:49:00,low,high,1.17318,1.17417,UP,32,9.900000000000464
495,2026-05-12 21:49:00,2026-05-13 05:30:00,high,low,1.17417,1.16954,DOWN,459,46.299999999999116
496,2026-05-13 05:30:00,2026-05-13 18:30:00,low,high,1.16954,1.17185,UP,776,23.100000000000342
497,2026-05-13 18:30:00,2026-05-14 02:14:00,high,low,1.17185,1.17065,DOWN,464,12.000000000000899
498,2026-05-14 02:14:00,2026-05-14 02:54:00,low,high,1.17065,1.17214,UP,40,14.899999999999913
499,2026-05-14 02:54:00,2026-05-15 05:18:00,high,low,1.17214,1.1617,DOWN,1578,104.40000000000005
500,2026-05-15 05:18:00,2026-05-15 06:55:00,low,high,1.1617,1.16554,UP,97,38.40000000000066
501,2026-05-15 06:55:00,2026-05-17 20:54:00,high,low,1.16554,1.16082,DOWN,832,47.20000000000057
502,2026-05-17 20:54:00,2026-05-18 08:47:00,low,high,1.16082,1.16572,UP,713,49.000000000001265
503,2026-05-18 08:47:00,2026-05-18 14:59:00,high,low,1.16572,1.16287,DOWN,372,28.500000000000192
504,2026-05-18 14:59:00,2026-05-18 18:00:00,low,high,1.16287,1.16616,UP,180,32.90000000000015
505,2026-05-18 18:00:00,2026-05-20 10:11:00,high,low,1.16616,1.15826,DOWN,2400,79.00000000000018
506,2026-05-20 10:11:00,2026-05-20 11:17:00,low,high,1.15826,1.1645,UP,66,62.40000000000023
507,2026-05-20 11:17:00,2026-05-21 03:26:00,high,low,1.1645,1.15938,DOWN,962,51.20000000000013
508,2026-05-21 03:26:00,2026-05-21 04:16:00,low,high,1.15938,1.16353,UP,50,41.499999999998764
509,2026-05-21 04:16:00,2026-05-21 09:42:00,high,low,1.16353,1.15763,DOWN,326,59.00000000000016
510,2026-05-21 09:42:00,2026-05-21 13:55:00,low,high,1.15763,1.163,UP,253,53.70000000000097
511,2026-05-21 13:55:00,2026-05-22 07:30:00,high,low,1.163,1.15932,DOWN,984,36.800000000001276
512,2026-05-22 07:30:00,2026-05-22 09:12:00,low,high,1.15932,1.16183,UP,42,25.100000000000122
513,2026-05-22 09:12:00,2026-05-22 10:17:00,high,low,1.16183,1.15881,DOWN,65,30.200000000000227
514,2026-05-22 10:17:00,2026-05-24 20:54:00,low,high,1.15881,1.16488,UP,397,60.7000000000002
515,2026-05-24 20:54:00,2026-05-25 03:19:00,high,low,1.16488,1.16296,DOWN,385,19.199999999999218
516,2026-05-25 03:19:00,2026-05-25 08:46:00,low,high,1.16296,1.16527,UP,327,23.100000000000342
517,2026-05-25 08:46:00,2026-05-26 03:06:00,high,low,1.16527,1.16239,DOWN,1084,28.799999999999937
518,2026-05-26 03:06:00,2026-05-26 06:30:00,low,high,1.16239,1.16451,UP,204,21.199999999998997
519,2026-05-26 06:30:00,2026-05-26 11:37:00,high,low,1.16451,1.16163,DOWN,307,28.799999999999937
520,2026-05-26 11:37:00,2026-05-27 02:47:00,low,high,1.16163,1.16492,UP,902,32.90000000000015
521,2026-05-27 02:47:00,2026-05-27 07:56:00,high,low,1.16492,1.16329,DOWN,309,16.300000000000203
522,2026-05-27 07:56:00,2026-05-27 08:36:00,low,high,1.16329,1.16614,UP,40,28.500000000000192
523,2026-05-27 08:36:00,2026-05-28 00:05:00,high,low,1.16614,1.15861,DOWN,924,75.30000000000037
524,2026-05-28 00:05:00,2026-05-28 12:24:00,low,high,1.15861,1.1661,UP,739,74.89999999999996
525,2026-05-28 12:24:00,2026-05-29 04:58:00,high,low,1.1661,1.16248,DOWN,987,36.19999999999956
526,2026-05-29 04:58:00,2026-05-29 11:33:00,low,high,1.16248,1.16857,UP,395,60.90000000000151
527,2026-05-29 11:33:00,2026-05-31 23:43:00,high,low,1.16857,1.16415,DOWN,722,44.200000000000905
528,2026-05-31 23:43:00,2026-06-01 02:59:00,low,high,1.16415,1.16648,UP,194,23.299999999999432
529,2026-06-01 02:59:00,2026-06-01 10:02:00,high,low,1.16648,1.16067,DOWN,423,58.09999999999871
530,2026-06-01 10:02:00,2026-06-02 08:36:00,low,high,1.16067,1.16555,UP,1343,48.799999999999955
531,2026-06-02 08:36:00,2026-06-03 18:16:00,high,low,1.16555,1.15945,DOWN,2011,60.99999999999994
532,2026-06-03 18:16:00,2026-06-04 02:36:00,low,high,1.15945,1.16148,UP,498,20.299999999999763
533,2026-06-04 02:36:00,2026-06-04 03:42:00,high,low,1.16148,1.15984,DOWN,66,16.40000000000086
534,2026-06-04 03:42:00,2026-06-04 08:00:00,low,high,1.15984,1.16451,UP,258,46.69999999999952
535,2026-06-04 08:00:00,2026-06-04 16:32:00,high,low,1.16451,1.16081,DOWN,512,37.00000000000037
536,2026-06-04 16:32:00,2026-06-05 05:22:00,low,high,1.16081,1.16442,UP,763,36.10000000000113
537,2026-06-05 05:22:00,2026-06-07 17:49:00,high,low,1.16442,1.15081,DOWN,744,136.099999999999
538,2026-06-07 17:49:00,2026-06-08 01:21:00,low,high,1.15081,1.15397,UP,451,31.599999999998296
539,2026-06-08 01:21:00,2026-06-08 05:32:00,high,low,1.15397,1.14999,DOWN,251,39.799999999998725
540,2026-06-08 05:32:00,2026-06-08 09:23:00,low,high,1.14999,1.15545,UP,231,54.60000000000021
541,2026-06-08 09:23:00,2026-06-08 20:00:00,high,low,1.15545,1.15269,DOWN,626,27.600000000000957
542,2026-06-08 20:00:00,2026-06-09 09:13:00,low,high,1.15269,1.1578,UP,793,51.09999999999948
543,2026-06-09 09:13:00,2026-06-09 12:42:00,high,low,1.1578,1.15285,DOWN,209,49.5000000000001
544,2026-06-09 12:42:00,2026-06-10 05:50:00,low,high,1.15285,1.15596,UP,1021,31.100000000001682
545,2026-06-10 05:50:00,2026-06-10 07:38:00,high,low,1.15596,1.15354,DOWN,108,24.200000000000887
546,2026-06-10 07:38:00,2026-06-10 09:49:00,low,high,1.15354,1.15731,UP,131,37.700000000000514
547,2026-06-10 09:49:00,2026-06-10 19:13:00,high,low,1.15731,1.15255,DOWN,553,47.600000000000975
548,2026-06-10 19:13:00,2026-06-10 21:41:00,low,high,1.15255,1.1556,UP,148,30.49999999999997
549,2026-06-10 21:41:00,2026-06-11 13:21:00,high,low,1.1556,1.15028,DOWN,940,53.19999999999992
550,2026-06-11 13:21:00,2026-06-11 15:30:00,low,high,1.15028,1.15896,UP,129,86.80000000000021
551,2026-06-11 15:30:00,2026-06-12 03:41:00,high,low,1.15896,1.15569,DOWN,721,32.69999999999884
552,2026-06-12 03:41:00,2026-06-12 05:27:00,low,high,1.15569,1.15894,UP,106,32.49999999999975
553,2026-06-12 05:27:00,2026-06-12 16:59:00,high,low,1.15894,1.15641,DOWN,692,25.300000000001432
554,2026-06-12 16:59:00,2026-06-15 01:14:00,low,high,1.15641,1.16221,UP,494,58.00000000000027
555,2026-06-15 01:14:00,2026-06-15 04:49:00,high,low,1.16221,1.1597,DOWN,215,25.100000000000122
556,2026-06-15 04:49:00,2026-06-15 09:40:00,low,high,1.1597,1.16204,UP,291,23.400000000000087
557,2026-06-15 09:40:00,2026-06-15 16:00:00,high,low,1.16204,1.15835,DOWN,380,36.89999999999971
558,2026-06-15 16:00:00,2026-06-15 21:04:00,low,high,1.15835,1.1595,UP,297,11.499999999999844
559,2026-06-15 21:04:00,2026-06-16 02:00:00,high,low,1.1595,1.15748,DOWN,295,20.199999999999108
560,2026-06-16 02:00:00,2026-06-16 06:21:00,low,high,1.15748,1.16129,UP,261,38.09999999999869
561,2026-06-16 06:21:00,2026-06-16 10:34:00,high,low,1.16129,1.15878,DOWN,253,25.100000000000122
562,2026-06-16 10:34:00,2026-06-16 12:22:00,low,high,1.15878,1.16196,UP,108,31.800000000001827
563,2026-06-16 12:22:00,2026-06-17 15:40:00,high,low,1.16196,1.14778,DOWN,1635,141.8000000000008
564,2026-06-17 15:40:00,2026-06-18 02:33:00,low,high,1.14778,1.15282,UP,647,50.39999999999934
565,2026-06-18 02:33:00,2026-06-18 08:02:00,high,low,1.15282,1.14532,DOWN,329,75.00000000000063
566,2026-06-18 08:02:00,2026-06-18 11:00:00,low,high,1.14532,1.14875,UP,178,34.30000000000044
567,2026-06-18 11:00:00,2026-06-19 01:27:00,high,low,1.14875,1.14178,DOWN,862,69.6999999999992
568,2026-06-19 01:27:00,2026-06-19 14:51:00,low,high,1.14178,1.14806,UP,804,62.80000000000064
569,2026-06-19 14:51:00,2026-06-22 04:11:00,high,low,1.14806,1.14414,DOWN,792,39.20000000000145
570,2026-06-22 04:11:00,2026-06-22 06:09:00,low,high,1.14414,1.14634,UP,118,21.999999999999797
571,2026-06-22 06:09:00,2026-06-22 15:35:00,high,low,1.14634,1.14189,DOWN,566,44.49999999999843
572,2026-06-22 15:35:00,2026-06-22 22:19:00,low,high,1.14189,1.14319,UP,397,12.999999999998568
573,2026-06-22 22:19:00,2026-06-22 23:18:00,high,low,1.14319,1.14186,DOWN,59,13.299999999998313
574,2026-06-22 23:18:00,2026-06-23 03:20:00,low,high,1.14186,1.1439,UP,242,20.399999999998197
575,2026-06-23 03:20:00,2026-06-24 09:09:00,high,low,1.1439,1.13245,DOWN,1781,114.4999999999996
576,2026-06-24 09:09:00,2026-06-24 12:38:00,low,high,1.13245,1.13679,UP,209,43.400000000000105
577,2026-06-24 12:38:00,2026-06-24 20:39:00,high,low,1.13679,1.13474,DOWN,477,20.499999999998852
578,2026-06-24 20:39:00,2026-06-24 23:50:00,low,high,1.13474,1.1371,UP,191,23.599999999999177
579,2026-06-24 23:50:00,2026-06-25 03:18:00,high,low,1.1371,1.13447,DOWN,208,26.299999999999102
580,2026-06-25 03:18:00,2026-06-25 05:32:00,low,high,1.13447,1.1374,UP,134,29.29999999999877
581,2026-06-25 05:32:00,2026-06-25 07:57:00,high,low,1.1374,1.13333,DOWN,145,40.70000000000018
582,2026-06-25 07:57:00,2026-06-25 11:31:00,low,high,1.13333,1.13879,UP,214,54.60000000000021
583,2026-06-25 11:31:00,2026-06-25 22:27:00,high,low,1.13879,1.1354,DOWN,648,33.90000000000004
584,2026-06-25 22:27:00,2026-06-26 08:58:00,low,high,1.1354,1.14338,UP,631,79.80000000000098
585,2026-06-26 08:58:00,2026-06-28 17:53:00,high,high,1.14338,1.13798,DOWN,520,54.00000000000071
586,2026-06-28 17:53:00,2026-06-28 22:28:00,high,high,1.13798,1.13933,UP,271,13.499999999999623
587,2026-06-28 22:28:00,2026-06-29 00:57:00,high,low,1.13933,1.13808,DOWN,149,12.499999999999734
588,2026-06-29 00:57:00,2026-06-29 12:53:00,low,high,1.13808,1.14306,UP,716,49.79999999999984
589,2026-06-29 12:53:00,2026-06-30 01:58:00,high,low,1.14306,1.13825,DOWN,779,48.09999999999981
590,2026-06-30 01:58:00,2026-06-30 11:01:00,low,high,1.13825,1.14366,UP,543,54.09999999999915
591,2026-06-30 11:01:00,2026-07-01 09:14:00,high,low,1.14366,1.13617,DOWN,1329,74.89999999999996
592,2026-07-01 09:14:00,2026-07-01 09:45:00,low,high,1.13617,1.14118,UP,31,50.10000000000181
593,2026-07-01 09:45:00,2026-07-01 16:46:00,high,low,1.14118,1.13739,DOWN,421,37.900000000001825
594,2026-07-01 16:46:00,2026-07-02 08:45:00,low,high,1.13739,1.14727,UP,941,98.8000000000011
595,2026-07-02 08:45:00,2026-07-02 20:18:00,high,low,1.14727,1.14204,DOWN,691,52.30000000000068
596,2026-07-02 20:18:00,2026-07-03 02:38:00,low,high,1.14204,1.14623,UP,380,41.900000000001384
597,2026-07-03 02:38:00,2026-07-05 17:04:00,high,low,1.14623,1.1432,DOWN,865,30.300000000000882
598,2026-07-05 17:04:00,2026-07-05 20:17:00,low,high,1.1432,1.1441,UP,184,8.999999999999009
599,2026-07-05 20:17:00,2026-07-06 09:57:00,high,low,1.1441,1.14083,DOWN,820,32.69999999999884
600,2026-07-06 09:57:00,2026-07-06 19:04:00,low,high,1.14083,1.14479,UP,530,39.59999999999964
601,2026-07-06 19:04:00,2026-07-07 06:00:00,high,low,1.14479,1.14234,DOWN,655,24.500000000000632
602,2026-07-07 06:00:00,2026-07-07 08:30:00,low,high,1.14234,1.14421,UP,150,18.700000000000383
603,2026-07-07 08:30:00,2026-07-07 21:44:00,high,low,1.14421,1.13983,DOWN,792,43.80000000000051
604,2026-07-07 21:44:00,2026-07-08 03:31:00,low,high,1.13983,1.14315,UP,347,33.20000000000212
605,2026-07-08 03:31:00,2026-07-08 11:43:00,high,low,1.14315,1.1391,DOWN,492,40.500000000001094
606,2026-07-08 11:43:00,2026-07-09 02:33:00,low,high,1.1391,1.14491,UP,880,58.10000000000093
607,2026-07-09 02:33:00,2026-07-09 06:56:00,high,low,1.14491,1.1421,DOWN,263,28.100000000002012
608,2026-07-09 06:56:00,2026-07-09 10:04:00,low,high,1.1421,1.14459,UP,188,24.900000000001032
609,2026-07-09 10:04:00,2026-07-09 15:57:00,high,low,1.14459,1.14254,DOWN,353,20.500000000001073
610,2026-07-09 15:57:00,2026-07-09 22:53:00,low,high,1.14254,1.14606,UP,407,35.20000000000189
611,2026-07-09 22:53:00,2026-07-12 21:24:00,high,low,1.14606,1.13843,DOWN,1345,76.30000000000025
612,2026-07-12 21:24:00,2026-07-13 04:17:00,low,high,1.13843,1.14457,UP,413,61.40000000000035
613,2026-07-13 04:17:00,2026-07-13 17:04:00,high,low,1.14457,1.13752,DOWN,764,70.5
614,2026-07-13 17:04:00,2026-07-13 23:38:00,low,high,1.13752,1.13966,UP,394,21.399999999998087
615,2026-07-13 23:38:00,2026-07-14 03:03:00,high,low,1.13966,1.1384,DOWN,205,12.599999999998168
616,2026-07-14 03:03:00,2026-07-14 08:30:00,low,high,1.1384,1.14623,UP,327,78.30000000000004
617,2026-07-14 08:30:00,2026-07-14 17:04:00,high,low,1.14623,1.14156,DOWN,512,46.70000000000174
618,2026-07-14 17:04:00,2026-07-15 02:26:00,low,high,1.14156,1.14437,UP,556,28.100000000002012
619,2026-07-15 02:26:00,2026-07-15 08:09:00,high,low,1.14437,1.14059,DOWN,343,37.80000000000116
620,2026-07-15 08:09:00,2026-07-15 14:33:00,low,high,1.14059,1.14825,UP,384,76.6
621,2026-07-15 14:33:00,2026-07-16 13:14:00,high,low,1.14825,1.1431,DOWN,1353,51.49999999999988
622,2026-07-16 13:14:00,2026-07-16 21:01:00,low,high,1.1431,1.1448,UP,455,17.000000000000348
623,2026-07-16 21:01:00,2026-07-17 00:51:00,high,low,1.1448,1.14345,DOWN,230,13.499999999999623
624,2026-07-17 00:51:00,2026-07-17 02:57:00,low,high,1.14345,1.14521,UP,126,17.599999999999838
625,2026-07-17 02:57:00,2026-07-17 07:06:00,high,low,1.14521,1.14243,DOWN,249,27.800000000000047
626,2026-07-17 07:06:00,2026-07-17 11:22:00,low,high,1.14243,1.14443,UP,256,20.000000000000018
627,2026-07-17 11:22:00,2026-07-19 17:00:00,high,low,1.14443,1.14234,DOWN,337,20.900000000001473
628,2026-07-19 17:00:00,2026-07-20 03:34:00,low,high,1.14234,1.14495,UP,624,26.100000000000012
629,2026-07-20 03:34:00,2026-07-20 10:57:00,high,low,1.14495,1.14023,DOWN,443,47.199999999998354
630,2026-07-20 10:57:00,2026-07-21 05:38:00,low,high,1.14023,1.14286,UP,1110,26.299999999999102
631,2026-07-21 05:38:00,2026-07-21 17:00:00,high,low,1.14286,1.13942,DOWN,682,34.399999999998876
632,2026-07-21 17:00:00,2026-07-22 03:30:00,low,high,1.13942,1.14181,UP,622,23.899999999998922
633,2026-07-22 03:30:00,2026-07-22 06:05:00,high,low,1.14181,1.14002,DOWN,155,17.899999999999583
634,2026-07-22 06:05:00,2026-07-22 09:32:00,low,high,1.14002,1.14215,UP,207,21.299999999999653
635,2026-07-22 09:32:00,2026-07-22 17:19:00,high,low,1.14215,1.14054,DOWN,462,16.099999999998893
636,2026-07-22 17:19:00,2026-07-23 00:33:00,low,high,1.14054,1.14356,UP,432,30.199999999998006
637,2026-07-23 00:33:00,2026-07-23 10:20:00,high,low,1.14356,1.13637,DOWN,587,71.89999999999807
638,2026-07-23 10:20:00,2026-07-23 22:32:00,low,high,1.13637,1.13876,UP,722,23.899999999998922
639,2026-07-23 22:32:00,2026-07-24 01:56:00,high,low,1.13876,1.13763,DOWN,204,11.300000000000754
640,2026-07-24 01:56:00,2026-07-24 03:31:00,low,high,1.13763,1.14011,UP,95,24.800000000000377
641,2026-07-24 03:31:00,2026-07-24 09:10:00,high,low,1.14011,1.13648,DOWN,339,36.300000000000225
642,2026-07-24 09:10:00,2026-07-27 02:41:00,low,high,1.13648,1.14181,UP,1049,53.300000000000566
643,2026-07-27 02:41:00,2026-07-27 17:00:00,high,low,1.14181,1.13664,DOWN,858,51.699999999998965
644,2026-07-27 17:00:00,2026-07-27 23:33:00,low,high,1.13664,1.13801,UP,391,13.699999999998713
645,2026-07-27 23:33:00,2026-07-28 06:10:00,high,low,1.13801,1.13531,DOWN,397,26.999999999999247
646,2026-07-28 06:10:00,2026-07-28 12:28:00,low,high,1.13531,1.14052,UP,378,52.09999999999937
647,2026-07-28 12:28:00,2026-07-28 19:07:00,high,low,1.14052,1.13821,DOWN,396,23.100000000000342
648,2026-07-28 19:07:00,2026-07-29 00:45:00,low,high,1.13821,1.14036,UP,338,21.500000000000963
649,2026-07-29 00:45:00,2026-07-29 08:16:00,high,low,1.14036,1.13744,DOWN,451,29.200000000000337
650,2026-07-29 08:16:00,2026-07-29 19:08:00,low,high,1.13744,1.14748,UP,649,100.40000000000049
651,2026-07-29 19:08:00,2026-07-30 03:32:00,high,low,1.14748,1.14342,DOWN,504,40.599999999999525
652,2026-07-30 03:32:00,2026-07-30 10:04:00,low,high,1.14342,1.15369,UP,392,102.70000000000002
653,2026-07-30 10:04:00,2026-07-31 00:49:00,high,low,1.15369,1.15042,DOWN,883,32.70000000000106
654,2026-07-31 00:49:00,2026-07-31 04:58:00,low,high,1.15042,1.15261,UP,249,21.899999999999142
655,2026-07-31 04:58:00,2026-07-31 09:40:00,high,low,1.15261,1.1455,DOWN,282,71.0999999999995
656,2026-07-31 09:40:00,2026-08-02 18:15:00,low,high,1.1455,1.15587,UP,514,103.6999999999999
657,2026-08-02 18:15:00,2026-08-03 11:32:00,high,low,1.15587,1.15002,DOWN,1037,58.499999999999105
658,2026-08-03 11:32:00,2026-08-03 20:39:00,low,high,1.15002,1.15149,UP,542,14.699999999998603
659,2026-08-03 20:39:00,2026-08-03 21:01:00,high,low,1.15149,1.15022,DOWN,22,12.699999999998823
660,2026-08-03 21:01:00,2026-08-04 03:24:00,low,high,1.15022,1.1517,UP,383,14.799999999999258
661,2026-08-04 03:24:00,2026-08-04 05:07:00,high,low,1.1517,1.15032,DOWN,103,13.799999999999368
662,2026-08-04 05:07:00,2026-08-04 20:31:00,low,high,1.15032,1.15355,UP,918,32.300000000000665
663,2026-08-04 20:31:00,2026-08-04 21:26:00,high,low,1.15355,1.15266,DOWN,55,8.900000000000574
664,2026-08-04 21:26:00,2026-08-05 03:02:00,low,high,1.15266,1.15466,UP,336,20.000000000000018
665,2026-08-05 03:02:00,2026-08-05 04:45:00,high,low,1.15466,1.1531,DOWN,103,15.600000000000058
666,2026-08-05 04:45:00,2026-08-05 14:27:00,low,high,1.1531,1.15594,UP,582,28.399999999999537
667,2026-08-05 14:27:00,2026-08-06 12:20:00,high,low,1.15594,1.15145,DOWN,1310,44.899999999998826
668,2026-08-06 12:20:00,2026-08-07 08:48:00,low,high,1.15145,1.15808,UP,1221,66.29999999999913
669,2026-08-07 08:48:00,2026-08-10 00:07:00,high,low,1.15808,1.15478,DOWN,910,33.00000000000081
670,2026-08-10 00:07:00,2026-08-10 04:15:00,low,high,1.15478,1.15656,UP,248,17.80000000000115
671,2026-08-10 04:15:00,2026-08-10 17:05:00,high,low,1.15656,1.15359,DOWN,766,29.700000000001392
672,2026-08-10 17:05:00,2026-08-10 20:43:00,low,high,1.15359,1.15497,UP,217,13.800000000001589
673,2026-08-10 20:43:00,2026-08-11 04:12:00,high,low,1.15497,1.15312,DOWN,449,18.500000000001293
674,2026-08-11 04:12:00,2026-08-11 09:52:00,low,high,1.15312,1.15483,UP,340,17.100000000001003
675,2026-08-11 09:52:00,2026-08-12 01:23:00,high,low,1.15483,1.1532,DOWN,918,16.300000000000203
676,2026-08-12 01:23:00,2026-08-12 09:08:00,low,high,1.1532,1.15628,UP,465,30.799999999999716
677,2026-08-12 09:08:00,2026-08-12 14:03:00,high,low,1.15628,1.15197,DOWN,295,43.100000000000364
678,2026-08-12 14:03:00,2026-08-12 20:32:00,low,high,1.15197,1.15311,UP,378,11.400000000001409
679,2026-08-12 20:32:00,2026-08-13 02:34:00,high,low,1.15311,1.15117,DOWN,362,19.400000000000528
680,2026-08-13 02:34:00,2026-08-13 10:19:00,low,high,1.15117,1.15454,UP,465,33.69999999999873
681,2026-08-13 10:19:00,2026-08-13 17:00:00,high,low,1.15454,1.15238,DOWN,400,21.599999999999397
682,2026-08-13 17:00:00,2026-08-14 10:29:00,low,high,1.15238,1.15854,UP,1039,61.59999999999943
683,2026-08-14 10:29:00,2026-08-16 17:42:00,high,high,1.15854,1.15614,DOWN,429,23.999999999999577
684,2026-08-16 17:42:00,2026-08-17 04:30:00,high,high,1.15614,1.16141,UP,642,52.70000000000108
685,2026-08-17 04:30:00,2026-08-17 14:37:00,high,low,1.16141,1.15709,DOWN,607,43.20000000000101
686,2026-08-17 14:37:00,2026-08-17 21:12:00,low,high,1.15709,1.15857,UP,385,14.800000000001479
687,2026-08-17 21:12:00,2026-08-18 02:37:00,high,low,1.15857,1.15665,DOWN,324,19.200000000001438
688,2026-08-18 02:37:00,2026-08-18 10:23:00,low,high,1.15665,1.15882,UP,466,21.700000000000053
689,2026-08-18 10:23:00,2026-08-18 16:10:00,high,high,1.15882,1.15717,DOWN,347,16.499999999999293
690,2026-08-18 16:10:00,2026-08-18 20:18:00,high,high,1.15717,1.15816,UP,245,9.900000000000464
691,2026-08-18 20:18:00,2026-08-18 21:17:00,high,low,1.15816,1.157,DOWN,59,11.600000000000499
692,2026-08-18 21:17:00,2026-08-19 18:01:00,low,high,1.157,1.16801,UP,1238,110.09999999999964
693,2026-08-19 18:01:00,2026-08-19 21:06:00,high,low,1.16801,1.16698,DOWN,185,10.300000000000864
694,2026-08-19 21:06:00,2026-08-20 06:13:00,low,high,1.16698,1.17105,UP,547,40.70000000000018
695,2026-08-20 06:13:00,2026-08-20 12:39:00,high,low,1.17105,1.16692,DOWN,386,41.29999999999967
696,2026-08-20 12:39:00,2026-08-20 22:52:00,low,high,1.16692,1.17007,UP,599,31.49999999999986
697,2026-08-20 22:52:00,2026-08-21 03:46:00,high,low,1.17007,1.16866,DOWN,294,14.099999999999113
698,2026-08-21 03:46:00,2026-08-21 05:10:00,low,high,1.16866,1.17115,UP,84,24.899999999998812
699,2026-08-21 05:10:00,2026-08-21 10:38:00,high,low,1.17115,1.16687,DOWN,328,42.79999999999839
700,2026-08-21 10:38:00,2026-08-23 20:23:00,low,high,1.16687,1.16871,UP,576,18.399999999998418
701,2026-08-23 20:23:00,2026-08-24 13:48:00,high,low,1.16871,1.16552,DOWN,1045,31.90000000000026
702,2026-08-24 13:48:00,2026-08-24 20:13:00,low,high,1.16552,1.16708,UP,371,15.600000000000058
703,2026-08-24 20:13:00,2026-08-25 02:56:00,high,low,1.16708,1.1651,DOWN,402,19.799999999998708
704,2026-08-25 02:56:00,2026-08-25 16:10:00,low,high,1.1651,1.16795,UP,794,28.500000000000192
705,2026-08-25 16:10:00,2026-08-26 02:38:00,high,low,1.16795,1.16597,DOWN,624,19.800000000000928
706,2026-08-26 02:38:00,2026-08-26 04:29:00,low,high,1.16597,1.16767,UP,111,17.000000000000348
707,2026-08-26 04:29:00,2026-08-26 10:30:00,high,low,1.16767,1.16419,DOWN,361,34.79999999999927
708,2026-08-26 10:30:00,2026-08-26 16:41:00,low,high,1.16419,1.16548,UP,370,12.900000000000134
709,2026-08-26 16:41:00,2026-08-26 17:04:00,high,low,1.16548,1.16467,DOWN,23,8.099999999999774
710,2026-08-26 17:04:00,2026-08-26 22:09:00,low,high,1.16467,1.16594,UP,300,12.699999999998823
711,2026-08-26 22:09:00,2026-08-27 03:30:00,high,low,1.16594,1.16516,DOWN,321,7.800000000000029
712,2026-08-27 03:30:00,2026-08-27 04:08:00,low,high,1.16516,1.1658,UP,38,6.399999999999739
713,2026-08-27 04:08:00,2026-08-27 07:49:00,high,low,1.1658,1.16364,DOWN,221,21.599999999999397
714,2026-08-27 07:49:00,2026-08-27 09:28:00,low,high,1.16364,1.16598,UP,99,23.400000000000087
715,2026-08-27 09:28:00,2026-08-28 06:03:00,high,low,1.16598,1.16392,DOWN,1227,20.599999999999508
716,2026-08-28 06:03:00,2026-08-28 10:00:00,low,high,1.16392,1.16589,UP,237,19.700000000000273
717,2026-08-28 10:00:00,2026-08-30 17:00:00,high,low,1.16589,1.15758,DOWN,420,83.10000000000039
718,2026-08-30 17:00:00,2026-08-30 21:43:00,low,high,1.15758,1.15944,UP,280,18.599999999999728
719,2026-08-30 21:43:00,2026-08-31 02:57:00,high,low,1.15944,1.15846,DOWN,314,9.799999999999809
720,2026-08-31 02:57:00,2026-08-31 11:48:00,low,high,1.15846,1.16206,UP,531,36.000000000000476
721,2026-08-31 11:48:00,2026-08-31 19:04:00,high,low,1.16206,1.16125,DOWN,432,8.100000000001994
722,2026-08-31 19:04:00,2026-08-31 20:33:00,low,high,1.16125,1.16244,UP,89,11.900000000000244
723,2026-08-31 20:33:00,2026-09-01 04:16:00,high,low,1.16244,1.15878,DOWN,461,36.599999999999966
724,2026-09-01 04:16:00,2026-09-01 10:14:00,low,high,1.15878,1.16081,UP,358,20.299999999999763
725,2026-09-01 10:14:00,2026-09-01 12:20:00,high,low,1.16081,1.15847,DOWN,126,23.399999999997867
726,2026-09-01 12:20:00,2026-09-01 18:20:00,low,high,1.15847,1.1596,UP,358,11.299999999998533
727,2026-09-01 18:20:00,2026-09-02 03:06:00,high,low,1.1596,1.15662,DOWN,518,29.799999999999827
728,2026-09-02 03:06:00,2026-09-02 09:27:00,low,high,1.15662,1.16091,UP,381,42.90000000000127
729,2026-09-02 09:27:00,2026-09-02 15:14:00,high,low,1.16091,1.15827,DOWN,347,26.400000000001977
730,2026-09-02 15:14:00,2026-09-03 12:53:00,low,high,1.15827,1.16412,UP,1296,58.50000000000133
731,2026-09-03 12:53:00,2026-09-04 08:31:00,high,low,1.16412,1.15847,DOWN,1173,56.49999999999933
