swing_id,start_bar,end_bar,start_time,end_time,start_kind,end_kind,start_price,end_price,direction,bars,swing_pips,mid_bar,mid_time,m5_time,m5_close,lwma55,lwma220,trend,swing_trend_aligned
1,1552,2723,2025-09-09 01:55:00,2025-09-09 21:30:00,high,low,1.17799,1.16891,DOWN,1171,90.80000000000199,2137,2025-09-09 11:40:00,2025-09-09 11:40:00,1.17247,1.1732385129870129,1.1752325915261208,DOWN,True
5,3521,4817,2025-09-10 10:48:00,2025-09-11 08:30:00,high,low,1.17306,1.16589,DOWN,1296,71.699999999999,4169,2025-09-10 21:42:00,2025-09-10 21:40:00,1.17,1.1699678311688315,1.170349702180172,DOWN,True
6,4817,4991,2025-09-11 08:30:00,2025-09-11 11:24:00,low,high,1.16589,1.1746,UP,174,87.09999999999995,4904,2025-09-11 09:57:00,2025-09-11 09:55:00,1.17392,1.1705468506493508,1.1696278687782802,UP,True
9,5947,6266,2025-09-12 03:22:00,2025-09-12 08:41:00,high,low,1.17475,1.17013,DOWN,319,46.200000000000685,6106,2025-09-12 06:01:00,2025-09-12 06:00:00,1.17248,1.172679331168831,1.1729393294940356,DOWN,True
14,7324,7896,2025-09-15 02:31:00,2025-09-15 12:03:00,low,high,1.1716,1.17744,UP,572,58.400000000000674,7610,2025-09-15 07:17:00,2025-09-15 07:15:00,1.17568,1.1747591168831166,1.1735045327025917,UP,True
16,8426,9414,2025-09-15 20:54:00,2025-09-16 13:22:00,low,high,1.17572,1.18783,UP,988,121.09999999999843,8920,2025-09-16 05:08:00,2025-09-16 05:05:00,1.18017,1.179130649350649,1.1776744228712466,UP,True
19,10899,11623,2025-09-17 14:09:00,2025-09-18 02:14:00,high,low,1.19186,1.17802,DOWN,724,138.39999999999853,11261,2025-09-17 20:12:00,2025-09-17 20:10:00,1.18183,1.1818998246753245,1.183596348004936,DOWN,True
23,12909,14171,2025-09-18 23:48:00,2025-09-21 20:56:00,high,low,1.17925,1.17262,DOWN,1262,66.29999999999913,13540,2025-09-19 10:19:00,2025-09-19 10:15:00,1.17583,1.1749711623376624,1.1763935713698064,DOWN,True
24,14171,15661,2025-09-21 20:56:00,2025-09-22 21:50:00,low,high,1.17262,1.18199,UP,1490,93.70000000000101,14916,2025-09-22 09:21:00,2025-09-22 09:20:00,1.17841,1.1778330194805195,1.1755657811600164,UP,True
27,16879,17846,2025-09-23 18:09:00,2025-09-24 10:20:00,high,low,1.1819,1.1728,DOWN,967,90.99999999999886,17362,2025-09-24 02:16:00,2025-09-24 02:15:00,1.17951,1.1799104805194807,1.1804912579185525,DOWN,True
31,19070,19517,2025-09-25 06:45:00,2025-09-25 14:12:00,high,low,1.17538,1.16454,DOWN,447,108.40000000000182,19293,2025-09-25 10:28:00,2025-09-25 10:25:00,1.16853,1.1709261623376623,1.1734020793911972,DOWN,True
34,20333,20383,2025-09-26 03:52:00,2025-09-26 04:42:00,low,high,1.16684,1.16877,UP,50,19.299999999999873,20358,2025-09-26 04:17:00,2025-09-26 04:15:00,1.16795,1.1677244285714286,1.1671774483751542,UP,True
36,20516,21592,2025-09-26 06:55:00,2025-09-29 01:08:00,low,high,1.16615,1.17332,UP,1076,71.699999999999,21054,2025-09-26 15:53:00,2025-09-26 15:50:00,1.17032,1.16991725974026,1.1687562443438917,UP,True
38,21790,22110,2025-09-29 04:26:00,2025-09-29 09:46:00,low,high,1.17075,1.17544,UP,320,46.90000000000083,21950,2025-09-29 07:06:00,2025-09-29 07:05:00,1.17163,1.1720120779220777,1.1719898617852738,UP,True
42,23518,23754,2025-09-30 09:26:00,2025-09-30 13:22:00,low,high,1.17164,1.17614,UP,236,44.99999999999949,23636,2025-09-30 11:24:00,2025-09-30 11:20:00,1.17329,1.1737911363636364,1.173739315919375,UP,True
43,23754,24153,2025-09-30 13:22:00,2025-09-30 20:06:00,high,low,1.17614,1.17296,DOWN,399,31.799999999999606,23953,2025-09-30 16:41:00,2025-09-30 16:40:00,1.17347,1.1740729415584414,1.1740804833401892,DOWN,True
45,24581,25151,2025-10-01 03:14:00,2025-10-01 12:44:00,high,low,1.17785,1.17154,DOWN,570,63.10000000000038,24866,2025-10-01 07:59:00,2025-10-01 07:55:00,1.17343,1.1735870844155845,1.1743411057178117,DOWN,True
46,25151,26306,2025-10-01 12:44:00,2025-10-02 08:05:00,low,high,1.17154,1.17583,UP,1155,42.899999999999054,25728,2025-10-01 22:26:00,2025-10-01 22:25:00,1.17387,1.1733568701298702,1.173328988070753,UP,True
50,27340,27864,2025-10-03 01:23:00,2025-10-03 10:07:00,low,high,1.17146,1.17591,UP,524,44.500000000000654,27602,2025-10-03 05:45:00,2025-10-03 05:45:00,1.17385,1.17321987012987,1.1724593426573429,UP,True
51,27864,28951,2025-10-03 10:07:00,2025-10-06 04:17:00,high,low,1.17591,1.16516,DOWN,1087,107.50000000000037,28407,2025-10-05 19:13:00,2025-10-05 19:10:00,1.17115,1.172452525974026,1.1734016462361165,DOWN,True
55,30861,31725,2025-10-07 12:11:00,2025-10-08 02:40:00,high,low,1.1681,1.16068,DOWN,864,74.19999999999982,31293,2025-10-07 19:28:00,2025-10-07 19:25:00,1.16562,1.1656691753246755,1.1662695841217603,DOWN,True
57,31813,31921,2025-10-08 04:08:00,2025-10-08 05:56:00,high,low,1.16353,1.16059,DOWN,108,29.399999999999427,31867,2025-10-08 05:02:00,2025-10-08 05:00:00,1.16132,1.1620518311688315,1.1632190275606749,DOWN,True
60,32320,33070,2025-10-08 12:35:00,2025-10-09 01:10:00,low,high,1.15983,1.1648,UP,750,49.70000000000141,32695,2025-10-08 18:54:00,2025-10-08 18:50:00,1.16347,1.1628711363636364,1.1622054594816948,UP,True
61,33070,33892,2025-10-09 01:10:00,2025-10-09 14:52:00,high,low,1.1648,1.1542,DOWN,822,106.00000000000165,33481,2025-10-09 08:01:00,2025-10-09 08:00:00,1.16131,1.1617106363636365,1.162699754833402,DOWN,True
64,34600,34695,2025-10-10 02:51:00,2025-10-10 04:26:00,low,high,1.15609,1.15895,UP,95,28.599999999998627,34647,2025-10-10 03:38:00,2025-10-10 03:35:00,1.15737,1.1571088441558441,1.1567019004524879,UP,True
68,35529,36011,2025-10-12 18:21:00,2025-10-13 02:23:00,low,high,1.15918,1.16297,UP,482,37.8999999999996,35770,2025-10-12 22:22:00,2025-10-12 22:20:00,1.16204,1.1612048636363637,1.1603843994241048,UP,True
69,36011,37092,2025-10-13 02:23:00,2025-10-13 20:29:00,high,low,1.16297,1.15549,DOWN,1081,74.80000000000153,36551,2025-10-13 11:23:00,2025-10-13 11:20:00,1.15698,1.1568208766233765,1.1590873039901282,DOWN,True
72,37527,39025,2025-10-14 03:44:00,2025-10-15 04:50:00,low,high,1.15423,1.16453,UP,1498,102.99999999999976,38276,2025-10-14 16:13:00,2025-10-14 16:10:00,1.16029,1.1606525194805193,1.1584742768408067,UP,True
74,39279,40042,2025-10-15 09:04:00,2025-10-15 21:51:00,low,high,1.16103,1.16754,UP,763,65.10000000000016,39660,2025-10-15 15:25:00,2025-10-15 15:25:00,1.16377,1.1633763376623378,1.1629240119292474,UP,True
76,40408,41727,2025-10-16 03:57:00,2025-10-17 01:57:00,low,high,1.16429,1.17283,UP,1319,85.39999999999992,41067,2025-10-16 14:56:00,2025-10-16 14:55:00,1.16892,1.1682312857142858,1.166638458658988,UP,True
77,41727,42629,2025-10-17 01:57:00,2025-10-17 16:59:00,high,low,1.17283,1.16496,DOWN,902,78.70000000000044,42178,2025-10-17 09:28:00,2025-10-17 09:25:00,1.16785,1.16832124025974,1.169825570958453,DOWN,True
79,43144,43906,2025-10-20 01:35:00,2025-10-20 14:17:00,high,low,1.16753,1.16382,DOWN,762,37.0999999999988,43525,2025-10-20 07:56:00,2025-10-20 07:55:00,1.16563,1.1656359415584419,1.166203786918963,DOWN,True
81,44293,45132,2025-10-20 20:55:00,2025-10-21 10:54:00,high,low,1.1655,1.15975,DOWN,839,57.49999999999922,44712,2025-10-21 03:54:00,2025-10-21 03:50:00,1.16303,1.1628989285714288,1.1638383874948581,DOWN,True
83,46012,46441,2025-10-22 01:37:00,2025-10-22 08:46:00,high,low,1.16156,1.15767,DOWN,429,38.899999999999494,46226,2025-10-22 05:11:00,2025-10-22 05:10:00,1.15987,1.1601588246753247,1.1604588704236944,DOWN,True
87,47601,47780,2025-10-23 04:17:00,2025-10-23 07:16:00,high,low,1.16061,1.15853,DOWN,179,20.799999999998597,47690,2025-10-23 05:46:00,2025-10-23 05:45:00,1.15968,1.1597939545454548,1.1600683081036607,DOWN,True
88,47780,48576,2025-10-23 07:16:00,2025-10-23 20:37:00,low,high,1.15853,1.16215,UP,796,36.19999999999956,48178,2025-10-23 13:54:00,2025-10-23 13:50:00,1.16098,1.1609721233766237,1.1601802673796795,UP,True
89,48576,48911,2025-10-23 20:37:00,2025-10-24 02:14:00,high,low,1.16215,1.16008,DOWN,335,20.700000000000163,48743,2025-10-23 23:26:00,2025-10-23 23:25:00,1.16096,1.1611775259740256,1.161285651172357,DOWN,True
92,49782,50051,2025-10-24 16:45:00,2025-10-26 20:18:00,low,high,1.16207,1.16475,UP,269,26.800000000000157,49916,2025-10-26 18:03:00,2025-10-26 18:00:00,1.16268,1.1630104740259741,1.1625829592760177,UP,True
93,50051,50461,2025-10-26 20:18:00,2025-10-27 03:09:00,high,low,1.16475,1.16176,DOWN,410,29.90000000000048,50256,2025-10-26 23:44:00,2025-10-26 23:40:00,1.16216,1.1629804610389611,1.1630093475935837,DOWN,True
94,50461,51717,2025-10-27 03:09:00,2025-10-28 00:08:00,low,high,1.16176,1.16679,UP,1256,50.3000000000009,51089,2025-10-27 13:38:00,2025-10-27 13:35:00,1.16367,1.1637067077922079,1.1635622233648706,UP,True
97,52429,53395,2025-10-28 12:00:00,2025-10-29 04:11:00,high,low,1.16686,1.16185,DOWN,966,50.09999999999959,52912,2025-10-28 20:06:00,2025-10-28 20:05:00,1.1654,1.1653372402597402,1.165490795968737,DOWN,True
98,53395,53806,2025-10-29 04:11:00,2025-10-29 11:02:00,low,high,1.16185,1.1666,UP,411,47.50000000000032,53600,2025-10-29 07:36:00,2025-10-29 07:35:00,1.16331,1.1639043311688315,1.1638884545454553,UP,True
105,56317,56841,2025-10-31 04:58:00,2025-10-31 13:42:00,high,low,1.15767,1.15214,DOWN,524,55.30000000000035,56579,2025-10-31 09:20:00,2025-10-31 09:20:00,1.15262,1.1551550519480522,1.1563531678321681,DOWN,True
107,57504,57971,2025-11-03 01:45:00,2025-11-03 09:32:00,high,low,1.15413,1.1505,DOWN,467,36.300000000000225,57737,2025-11-03 05:38:00,2025-11-03 05:35:00,1.15154,1.1520551233766234,1.1528604837515422,DOWN,True
109,58143,58622,2025-11-03 12:24:00,2025-11-03 20:29:00,high,low,1.15378,1.1498,DOWN,479,39.80000000000095,58382,2025-11-03 16:23:00,2025-11-03 16:20:00,1.15189,1.1520923181818181,1.152099386260798,DOWN,True
111,58994,59413,2025-11-04 02:42:00,2025-11-04 09:41:00,high,low,1.15334,1.14729,DOWN,419,60.50000000000111,59203,2025-11-04 06:11:00,2025-11-04 06:10:00,1.15029,1.1511819415584414,1.1514625071986835,DOWN,True
114,60408,60455,2025-11-05 02:22:00,2025-11-05 03:09:00,low,high,1.14833,1.14952,UP,47,11.900000000000244,60431,2025-11-05 02:45:00,2025-11-05 02:45:00,1.14895,1.148953383116883,1.1486833969559855,UP,True
115,60455,60810,2025-11-05 03:09:00,2025-11-05 09:04:00,high,low,1.14952,1.14687,DOWN,355,26.500000000000412,60632,2025-11-05 06:06:00,2025-11-05 06:05:00,1.14803,1.1485069740259741,1.14868622213081,DOWN,True
116,60810,62572,2025-11-05 09:04:00,2025-11-06 14:33:00,low,high,1.14687,1.15522,UP,1762,83.49999999999858,61691,2025-11-05 23:51:00,2025-11-05 23:50:00,1.15053,1.1505961363636363,1.1495159860139859,UP,True
118,63224,63772,2025-11-07 01:28:00,2025-11-07 10:36:00,low,high,1.15294,1.1591,UP,548,61.59999999999943,63498,2025-11-07 06:02:00,2025-11-07 06:00:00,1.15517,1.1540536493506492,1.153905739201974,UP,True
125,67575,68003,2025-11-12 02:19:00,2025-11-12 09:27:00,high,low,1.15882,1.15627,DOWN,428,25.500000000000522,67789,2025-11-12 05:53:00,2025-11-12 05:50:00,1.15706,1.157537032467533,1.1578851472645006,DOWN,True
128,68648,69640,2025-11-12 20:17:00,2025-11-13 12:50:00,low,high,1.15789,1.16559,UP,992,76.99999999999818,69144,2025-11-13 04:34:00,2025-11-13 04:30:00,1.16229,1.1608199935064931,1.1593793640477166,UP,True
131,70368,70683,2025-11-14 01:02:00,2025-11-14 06:17:00,high,low,1.16485,1.16088,DOWN,315,39.70000000000029,70525,2025-11-14 03:39:00,2025-11-14 03:35:00,1.16317,1.1636868961038962,1.1636898831756477,DOWN,True
135,71388,71812,2025-11-16 18:05:00,2025-11-17 01:10:00,high,low,1.16244,1.15949,DOWN,424,29.50000000000008,71600,2025-11-16 21:38:00,2025-11-16 21:35:00,1.16023,1.1608778636363641,1.161672879884821,DOWN,True
137,71912,72352,2025-11-17 02:50:00,2025-11-17 10:10:00,high,low,1.16149,1.15818,DOWN,440,33.09999999999924,72132,2025-11-17 06:30:00,2025-11-17 06:30:00,1.16003,1.1602278896103897,1.1605546696832587,DOWN,True
141,73810,73944,2025-11-18 10:31:00,2025-11-18 12:45:00,high,low,1.16076,1.15713,DOWN,134,36.300000000000225,73877,2025-11-18 11:38:00,2025-11-18 11:35:00,1.15769,1.159177935064935,1.1591958942821878,DOWN,True
143,74779,75463,2025-11-19 02:43:00,2025-11-19 14:07:00,high,low,1.15971,1.15178,DOWN,684,79.29999999999993,75121,2025-11-19 08:25:00,2025-11-19 08:25:00,1.15832,1.1580174285714284,1.1580823842040313,DOWN,True
145,75713,75979,2025-11-19 18:20:00,2025-11-19 22:46:00,high,low,1.1542,1.15101,DOWN,266,31.89999999999804,75846,2025-11-19 20:33:00,2025-11-19 20:30:00,1.15304,1.1534336493506494,1.1540913591114765,DOWN,True
147,76373,76563,2025-11-20 05:20:00,2025-11-20 08:30:00,high,low,1.15295,1.15013,DOWN,190,28.199999999998226,76468,2025-11-20 06:55:00,2025-11-20 06:55:00,1.15142,1.152191233766234,1.1522411419169065,DOWN,True
150,77148,77696,2025-11-20 18:18:00,2025-11-21 03:26:00,low,high,1.15233,1.15524,UP,548,29.09999999999968,77422,2025-11-20 22:52:00,2025-11-20 22:50:00,1.15372,1.153504733766234,1.1531539814890992,UP,True
151,77696,78191,2025-11-21 03:26:00,2025-11-21 11:41:00,high,low,1.15524,1.14909,DOWN,495,61.500000000000995,77943,2025-11-21 07:33:00,2025-11-21 07:30:00,1.15162,1.1517680259740255,1.1531310682846565,DOWN,True
153,78471,78642,2025-11-21 16:21:00,2025-11-23 19:19:00,high,low,1.15208,1.15018,DOWN,171,19.000000000000128,78556,2025-11-23 17:53:00,2025-11-23 17:50:00,1.15117,1.1513081623376624,1.1513596717400245,DOWN,True
156,79101,79387,2025-11-24 03:00:00,2025-11-24 07:46:00,low,high,1.15097,1.15503,UP,286,40.599999999999525,79244,2025-11-24 05:23:00,2025-11-24 05:20:00,1.1533,1.1527859675324679,1.1519240312628543,UP,True
159,80238,80395,2025-11-24 22:00:00,2025-11-25 00:37:00,high,low,1.15301,1.15114,DOWN,157,18.700000000000383,80316,2025-11-24 23:18:00,2025-11-24 23:15:00,1.15149,1.152324844155844,1.1524076569313044,DOWN,True
160,80395,81884,2025-11-25 00:37:00,2025-11-26 01:29:00,low,high,1.15114,1.15958,UP,1489,84.40000000000003,81139,2025-11-25 13:01:00,2025-11-25 13:00:00,1.15823,1.1569010194805194,1.1545570933772111,UP,True
161,81884,82336,2025-11-26 01:29:00,2025-11-26 09:01:00,high,low,1.15958,1.1547,DOWN,452,48.799999999999955,82110,2025-11-26 05:15:00,2025-11-26 05:15:00,1.1576,1.1577392012987011,1.1578853681612506,DOWN,True
162,82336,83090,2025-11-26 09:01:00,2025-11-26 21:39:00,low,high,1.1547,1.16132,UP,754,66.19999999999848,82713,2025-11-26 15:18:00,2025-11-26 15:15:00,1.15962,1.1592843701298703,1.1583324512546276,UP,True
164,83497,84350,2025-11-27 04:26:00,2025-11-27 19:13:00,low,high,1.15763,1.16018,UP,853,25.500000000000522,83923,2025-11-27 11:32:00,2025-11-27 11:30:00,1.1598,1.159438448051948,1.1592129790209789,UP,True
165,84350,84992,2025-11-27 19:13:00,2025-11-28 05:55:00,high,low,1.16018,1.1555,DOWN,642,46.800000000000175,84671,2025-11-28 00:34:00,2025-11-28 00:30:00,1.15852,1.1586895974025972,1.1591928264088855,DOWN,True
168,85651,85851,2025-11-30 17:03:00,2025-11-30 20:25:00,low,high,1.15912,1.16158,UP,200,24.600000000001288,85751,2025-11-30 18:45:00,2025-11-30 18:45:00,1.15986,1.1598996623376625,1.1591217408473877,UP,True
170,85951,86547,2025-11-30 22:05:00,2025-12-01 08:05:00,low,high,1.15893,1.16522,UP,596,62.89999999999907,86249,2025-12-01 03:07:00,2025-12-01 03:05:00,1.16148,1.1600908051948053,1.1599744878650768,UP,True
176,88209,89062,2025-12-02 11:58:00,2025-12-03 02:17:00,low,high,1.1591,1.16526,UP,853,61.59999999999943,88635,2025-12-02 19:09:00,2025-12-02 19:05:00,1.16285,1.1624573896103896,1.1615352468120113,UP,True
178,89153,89786,2025-12-03 03:48:00,2025-12-03 14:21:00,low,high,1.16356,1.16775,UP,633,41.900000000001384,89469,2025-12-03 09:04:00,2025-12-03 09:00:00,1.16638,1.1665434155844154,1.1649041287535993,UP,True
183,91956,92476,2025-12-05 02:40:00,2025-12-05 11:20:00,high,low,1.16717,1.16279,DOWN,520,43.80000000000051,92216,2025-12-05 07:00:00,2025-12-05 07:00:00,1.16501,1.165021318181818,1.165244886877828,DOWN,True
188,94857,94958,2025-12-09 03:07:00,2025-12-09 04:48:00,low,high,1.16334,1.16571,UP,101,23.699999999999832,94907,2025-12-09 03:57:00,2025-12-09 03:55:00,1.16448,1.1643123701298703,1.164189703414233,UP,True
189,94958,95280,2025-12-09 04:48:00,2025-12-09 10:10:00,high,low,1.16571,1.16149,DOWN,322,42.200000000001125,95119,2025-12-09 07:29:00,2025-12-09 07:25:00,1.16354,1.1643166103896105,1.164335689428219,DOWN,True
190,95280,97311,2025-12-09 10:10:00,2025-12-10 20:06:00,low,high,1.16149,1.17072,UP,2031,92.30000000000072,96295,2025-12-10 03:10:00,2025-12-10 03:10:00,1.16453,1.16352462987013,1.162913315508021,UP,True
192,97625,98277,2025-12-11 01:20:00,2025-12-11 12:12:00,low,high,1.16821,1.17627,UP,652,80.59999999999957,97951,2025-12-11 06:46:00,2025-12-11 06:45:00,1.17148,1.1704565,1.1696557309749074,UP,True
195,99138,99453,2025-12-12 02:35:00,2025-12-12 07:50:00,high,low,1.17432,1.17195,DOWN,315,23.699999999999832,99295,2025-12-12 05:12:00,2025-12-12 05:10:00,1.17308,1.1734435129870129,1.1737327062937066,DOWN,True
197,99796,100614,2025-12-12 13:33:00,2025-12-15 03:13:00,high,low,1.17497,1.17264,DOWN,818,23.300000000001653,100205,2025-12-14 20:24:00,2025-12-14 20:20:00,1.17321,1.173456233766234,1.1736489621554915,DOWN,True
198,100614,101027,2025-12-15 03:13:00,2025-12-15 10:06:00,low,high,1.17264,1.17688,UP,413,42.40000000000022,100820,2025-12-15 06:39:00,2025-12-15 06:35:00,1.1748,1.1741415194805196,1.1737391863430693,UP,True
202,101666,101740,2025-12-15 20:50:00,2025-12-15 22:04:00,low,high,1.17467,1.1759,UP,74,12.299999999998423,101703,2025-12-15 21:27:00,2025-12-15 21:25:00,1.17548,1.175225922077922,1.1750981102426987,UP,True
204,101985,102456,2025-12-16 02:10:00,2025-12-16 10:01:00,low,high,1.17442,1.1804,UP,471,59.79999999999875,102220,2025-12-16 06:05:00,2025-12-16 06:05:00,1.17563,1.175564974025974,1.1752709448786507,UP,True
205,102456,103438,2025-12-16 10:01:00,2025-12-17 02:24:00,high,low,1.1804,1.1703,DOWN,982,100.99999999999997,102947,2025-12-16 18:12:00,2025-12-16 18:10:00,1.17493,1.1749828506493503,1.1760096433566432,DOWN,True
209,104851,105171,2025-12-18 02:05:00,2025-12-18 07:25:00,high,low,1.17496,1.17123,DOWN,320,37.30000000000011,105011,2025-12-18 04:45:00,2025-12-18 04:45:00,1.17229,1.1733379805194808,1.1739338988070762,DOWN,True
211,105258,106656,2025-12-18 08:52:00,2025-12-19 08:21:00,high,low,1.17627,1.17021,DOWN,1398,60.59999999999954,105957,2025-12-18 20:39:00,2025-12-18 20:35:00,1.17228,1.1724314805194809,1.172526759358288,DOWN,True
216,107709,109484,2025-12-22 01:54:00,2025-12-23 07:31:00,low,high,1.17127,1.18021,UP,1775,89.39999999999948,108596,2025-12-22 16:41:00,2025-12-22 16:40:00,1.1761,1.1755679545454547,1.1748736495269438,UP,True
218,109679,110303,2025-12-23 10:46:00,2025-12-23 21:11:00,low,high,1.17637,1.18079,UP,624,44.200000000000905,109991,2025-12-23 15:58:00,2025-12-23 15:55:00,1.17892,1.178458922077922,1.1782332069107357,UP,True
221,111546,111681,2025-12-24 20:23:00,2025-12-25 02:47:00,high,low,1.17835,1.17663,DOWN,135,17.199999999999438,111613,2025-12-25 00:18:00,2025-12-25 00:15:00,1.1775,1.177520415584416,1.1778386112710824,DOWN,True
222,111681,111984,2025-12-25 02:47:00,2025-12-25 21:57:00,low,high,1.17663,1.17934,UP,303,27.099999999999902,111832,2025-12-25 19:25:00,2025-12-25 19:25:00,1.17902,1.1780105779220778,1.1777516182640884,UP,True
229,113818,114283,2025-12-29 04:40:00,2025-12-29 12:25:00,high,low,1.1789,1.17493,DOWN,465,39.70000000000029,114050,2025-12-29 08:32:00,2025-12-29 08:30:00,1.17662,1.1765626168831167,1.177018266556972,DOWN,True
230,114283,115051,2025-12-29 12:25:00,2025-12-30 01:19:00,low,high,1.17493,1.17797,UP,768,30.399999999999316,114667,2025-12-29 18:53:00,2025-12-29 18:50:00,1.17719,1.1770615584415585,1.1767348671328675,UP,True
231,115051,116640,2025-12-30 01:19:00,2025-12-31 04:02:00,high,low,1.17797,1.17199,DOWN,1589,59.79999999999875,115845,2025-12-30 14:33:00,2025-12-30 14:30:00,1.17496,1.1755598701298704,1.1763102435211845,DOWN,True
234,117014,117761,2025-12-31 10:16:00,2026-01-01 22:52:00,low,high,1.17202,1.17649,UP,747,44.69999999999974,117387,2025-12-31 16:30:00,2025-12-31 16:30:00,1.17469,1.174313681818182,1.1739395343480048,UP,True
237,118491,119173,2026-01-02 11:03:00,2026-01-04 22:27:00,high,low,1.17542,1.16721,DOWN,682,82.09999999999829,118832,2026-01-02 16:44:00,2026-01-02 16:40:00,1.17187,1.1720016428571427,1.1726840333196216,DOWN,True
239,119476,119788,2026-01-05 03:30:00,2026-01-05 08:42:00,high,low,1.16948,1.16588,DOWN,312,36.000000000000476,119632,2026-01-05 06:06:00,2026-01-05 06:05:00,1.16852,1.1684638376623377,1.1691402554504318,DOWN,True
240,119788,120145,2026-01-05 08:42:00,2026-01-05 14:39:00,low,high,1.16588,1.17286,UP,357,69.79999999999987,119966,2026-01-05 11:40:00,2026-01-05 11:40:00,1.17141,1.1692650909090907,1.1685965335252986,UP,True
242,120446,120833,2026-01-05 19:42:00,2026-01-06 02:09:00,low,high,1.17106,1.17428,UP,387,32.2,120639,2026-01-05 22:55:00,2026-01-05 22:55:00,1.17343,1.1726808311688313,1.171715748251748,UP,True
243,120833,121582,2026-01-06 02:09:00,2026-01-06 14:38:00,high,low,1.17428,1.16837,DOWN,749,59.10000000000082,121207,2026-01-06 08:23:00,2026-01-06 08:20:00,1.17059,1.170809948051948,1.172101923488277,DOWN,True
247,122751,123413,2026-01-07 10:08:00,2026-01-07 21:21:00,high,low,1.16985,1.16724,DOWN,662,26.100000000000012,123082,2026-01-07 15:39:00,2026-01-07 15:35:00,1.16817,1.1684400129870127,1.1687328301110647,DOWN,True
249,123484,125514,2026-01-07 22:32:00,2026-01-09 08:30:00,high,low,1.16828,1.16254,DOWN,2030,57.40000000000079,124499,2026-01-08 15:29:00,2026-01-08 15:25:00,1.16532,1.1649315649350651,1.1662979230769233,DOWN,True
251,125521,125625,2026-01-09 08:37:00,2026-01-09 10:21:00,high,low,1.16604,1.16179,DOWN,104,42.49999999999865,125573,2026-01-09 09:29:00,2026-01-09 09:25:00,1.1638,1.1644360324675327,1.1647534640065824,DOWN,True
252,125625,126972,2026-01-09 10:21:00,2026-01-12 08:52:00,low,high,1.16179,1.16984,UP,1347,80.4999999999989,126298,2026-01-11 21:38:00,2026-01-11 21:35:00,1.16624,1.165226305194805,1.1640345660222131,UP,True
253,126972,127976,2026-01-12 08:52:00,2026-01-13 01:40:00,high,low,1.16984,1.16537,DOWN,1004,44.69999999999974,127474,2026-01-12 17:16:00,2026-01-12 17:15:00,1.16681,1.1668405779220778,1.1675099473467707,DOWN,True
257,128386,128555,2026-01-13 08:30:00,2026-01-13 11:19:00,high,low,1.16776,1.1634,DOWN,169,43.5999999999992,128470,2026-01-13 09:54:00,2026-01-13 09:50:00,1.16613,1.166348155844156,1.1663525540929656,DOWN,True
259,129982,130894,2026-01-14 11:11:00,2026-01-15 02:25:00,high,low,1.16615,1.16259,DOWN,912,35.60000000000008,130438,2026-01-14 18:49:00,2026-01-14 18:45:00,1.16461,1.1644378311688313,1.1646949428218838,DOWN,True
261,131084,131332,2026-01-15 05:35:00,2026-01-15 09:43:00,high,low,1.16409,1.1593,DOWN,248,47.900000000000716,131208,2026-01-15 07:39:00,2026-01-15 07:35:00,1.16327,1.1634467922077922,1.1635909880707525,DOWN,True
263,132794,133207,2026-01-16 10:15:00,2026-01-18 17:08:00,high,low,1.16273,1.15777,DOWN,413,49.600000000000755,133000,2026-01-16 13:41:00,2026-01-16 13:40:00,1.15969,1.1598685259740262,1.1608640884409709,DOWN,True
264,133207,133751,2026-01-18 17:08:00,2026-01-19 02:13:00,low,high,1.15777,1.16412,UP,544,63.50000000000078,133479,2026-01-18 21:41:00,2026-01-18 21:40:00,1.1618,1.1621181883116882,1.160778592348828,UP,True
266,133883,134420,2026-01-19 04:25:00,2026-01-19 13:22:00,low,high,1.1611,1.16487,UP,537,37.700000000000514,134151,2026-01-19 08:53:00,2026-01-19 08:50:00,1.16351,1.1628712792207792,1.1624950226244346,UP,True
268,134780,135553,2026-01-19 19:41:00,2026-01-20 08:34:00,low,high,1.16324,1.17688,UP,773,136.39999999999876,135166,2026-01-20 02:07:00,2026-01-20 02:05:00,1.16668,1.1663697857142856,1.1650144825174824,UP,True
271,136275,136775,2026-01-20 20:37:00,2026-01-21 04:57:00,high,low,1.17342,1.17012,DOWN,500,32.999999999998586,136525,2026-01-21 00:47:00,2026-01-21 00:45:00,1.17159,1.1719052987012983,1.1723250238584944,DOWN,True
273,137012,137590,2026-01-21 08:54:00,2026-01-21 18:33:00,high,low,1.1743,1.16697,DOWN,578,73.29999999999836,137301,2026-01-21 13:43:00,2026-01-21 13:40:00,1.1697,1.1704135519480519,1.1713914422048541,DOWN,True
274,137590,139002,2026-01-21 18:33:00,2026-01-22 18:09:00,low,high,1.16697,1.17591,UP,1412,89.39999999999948,138296,2026-01-22 06:19:00,2026-01-22 06:15:00,1.16944,1.1691262272727274,1.1688484496092146,UP,True
276,139550,140446,2026-01-23 03:19:00,2026-01-25 18:15:00,low,high,1.17283,1.18976,UP,896,169.2999999999989,139998,2026-01-23 10:47:00,2026-01-23 10:45:00,1.17542,1.1744028506493507,1.1742240909090913,UP,True
280,142453,143177,2026-01-27 03:44:00,2026-01-27 15:48:00,low,high,1.18502,1.20822,UP,724,232.00000000000108,142815,2026-01-27 09:46:00,2026-01-27 09:45:00,1.19398,1.1921542532467533,1.1890544113533528,UP,True
283,143802,144509,2026-01-28 02:15:00,2026-01-28 14:02:00,high,low,1.20257,1.18957,DOWN,707,129.999999999999,144155,2026-01-28 08:08:00,2026-01-28 08:05:00,1.19744,1.1977029675324675,1.1991659584533112,DOWN,True
284,144509,145228,2026-01-28 14:02:00,2026-01-29 02:03:00,low,high,1.18957,1.19964,UP,719,100.70000000000023,144868,2026-01-28 20:03:00,2026-01-28 20:00:00,1.19652,1.1966655064935066,1.1953374249280133,UP,True
287,145705,145733,2026-01-29 10:00:00,2026-01-29 10:28:00,high,low,1.19725,1.19059,DOWN,28,66.59999999999889,145719,2026-01-29 10:14:00,2026-01-29 10:10:00,1.19482,1.1958249415584414,1.1965335853558203,DOWN,True
291,146727,146836,2026-01-30 03:04:00,2026-01-30 04:53:00,high,low,1.19431,1.18981,DOWN,109,44.99999999999949,146781,2026-01-30 03:58:00,2026-01-30 03:55:00,1.19328,1.1928910779220776,1.1935784298642536,DOWN,True
293,146965,147639,2026-01-30 07:02:00,2026-02-01 18:20:00,high,low,1.19546,1.18395,DOWN,674,115.09999999999908,147302,2026-01-30 12:39:00,2026-01-30 12:35:00,1.1873,1.1888961818181816,1.1913564014808713,DOWN,True
295,148376,148829,2026-02-02 06:37:00,2026-02-02 14:10:00,high,low,1.18712,1.17758,DOWN,453,95.39999999999881,148602,2026-02-02 10:23:00,2026-02-02 10:20:00,1.18122,1.1827856363636366,1.1849813348416294,DOWN,True
297,149585,149967,2026-02-03 02:48:00,2026-02-03 09:10:00,high,low,1.18243,1.178,DOWN,382,44.30000000000156,149776,2026-02-03 05:59:00,2026-02-03 05:55:00,1.1787,1.1802162727272727,1.180469556561086,DOWN,True
298,149967,151046,2026-02-03 09:10:00,2026-02-04 03:12:00,low,high,1.178,1.18379,UP,1079,57.89999999999962,150506,2026-02-03 18:12:00,2026-02-03 18:10:00,1.18184,1.1817977467532468,1.1809950049362399,UP,True
299,151046,152177,2026-02-04 03:12:00,2026-02-04 22:03:00,high,low,1.18379,1.17826,DOWN,1131,55.29999999999813,151611,2026-02-04 12:37:00,2026-02-04 12:35:00,1.17953,1.1805051623376628,1.1815942945290006,DOWN,True
306,153922,154323,2026-02-06 03:10:00,2026-02-06 09:51:00,low,high,1.17855,1.1826,UP,401,40.500000000001094,154122,2026-02-06 06:30:00,2026-02-06 06:30:00,1.17904,1.179243357142857,1.1790072612093792,UP,True
308,154822,155770,2026-02-08 18:13:00,2026-02-09 10:01:00,low,high,1.18097,1.19266,UP,948,116.89999999999978,155296,2026-02-09 02:07:00,2026-02-09 02:05:00,1.18517,1.183720077922078,1.1825537112299465,UP,True
315,157181,157741,2026-02-10 09:34:00,2026-02-10 19:01:00,high,low,1.19285,1.18862,DOWN,560,42.29999999999956,157461,2026-02-10 14:14:00,2026-02-10 14:10:00,1.18905,1.189755512987013,1.1904305923488276,DOWN,True
316,157741,158395,2026-02-10 19:01:00,2026-02-11 05:55:00,low,high,1.18862,1.19272,UP,654,40.99999999999993,158068,2026-02-11 00:28:00,2026-02-11 00:25:00,1.19154,1.1908882337662337,1.1900786499382972,UP,True
319,159304,159572,2026-02-11 21:05:00,2026-02-12 01:33:00,high,low,1.18846,1.18522,DOWN,268,32.40000000000131,159438,2026-02-11 23:19:00,2026-02-11 23:15:00,1.18693,1.1875671818181819,1.1876168231180584,DOWN,True
320,159572,160146,2026-02-12 01:33:00,2026-02-12 11:07:00,low,high,1.18522,1.18899,UP,574,37.700000000000514,159859,2026-02-12 06:20:00,2026-02-12 06:20:00,1.18832,1.188007116883117,1.187396884409708,UP,True
323,160678,161074,2026-02-12 20:01:00,2026-02-13 02:37:00,high,low,1.18734,1.18469,DOWN,396,26.500000000000412,160876,2026-02-12 23:19:00,2026-02-12 23:15:00,1.18655,1.1867663961038961,1.1869362373508845,DOWN,True
326,161576,162461,2026-02-13 10:59:00,2026-02-16 01:45:00,low,high,1.18475,1.18701,UP,885,22.599999999999287,162018,2026-02-15 18:22:00,2026-02-15 18:20:00,1.18646,1.1869176038961036,1.186737119703826,UP,True
327,162461,162510,2026-02-16 01:45:00,2026-02-16 02:34:00,high,low,1.18701,1.18602,DOWN,49,9.899999999998244,162485,2026-02-16 02:09:00,2026-02-16 02:05:00,1.18652,1.18652124025974,1.1866502751953927,DOWN,True
329,162541,163935,2026-02-16 03:05:00,2026-02-17 02:55:00,high,low,1.18703,1.18286,DOWN,1394,41.700000000000074,163238,2026-02-16 14:50:00,2026-02-16 14:50:00,1.18527,1.1850796298701298,1.1856671155902916,DOWN,True
331,164035,164410,2026-02-17 04:35:00,2026-02-17 10:50:00,high,low,1.18497,1.18049,DOWN,375,44.800000000000395,164222,2026-02-17 07:42:00,2026-02-17 07:40:00,1.18283,1.1838599090909092,1.1841248580830939,DOWN,True
332,164410,164847,2026-02-17 10:50:00,2026-02-17 18:08:00,low,high,1.18049,1.18573,UP,437,52.39999999999911,164628,2026-02-17 14:28:00,2026-02-17 14:25:00,1.18438,1.1839149935064937,1.183413201563143,UP,True
335,165686,166215,2026-02-18 08:08:00,2026-02-18 16:59:00,high,low,1.18485,1.17818,DOWN,529,66.69999999999953,165950,2026-02-18 12:32:00,2026-02-18 12:30:00,1.18072,1.1816339935064935,1.1830641151789385,DOWN,True
341,168224,168260,2026-02-20 02:36:00,2026-02-20 03:12:00,high,low,1.17625,1.17432,DOWN,36,19.299999999999873,168242,2026-02-20 02:54:00,2026-02-20 02:50:00,1.1753,1.1755655844155848,1.1761301707116414,DOWN,True
342,168260,168578,2026-02-20 03:12:00,2026-02-20 08:30:00,low,high,1.17432,1.17821,UP,318,38.899999999999494,168419,2026-02-20 05:51:00,2026-02-20 05:50:00,1.17657,1.1761434805194808,1.1760655968737144,UP,True
344,168674,169198,2026-02-20 10:06:00,2026-02-22 18:57:00,low,high,1.17551,1.18346,UP,524,79.49999999999902,168936,2026-02-20 14:28:00,2026-02-20 14:25:00,1.17809,1.1783447532467535,1.1771450082270671,UP,True
345,169198,170913,2026-02-22 18:57:00,2026-02-23 23:35:00,high,low,1.18346,1.17679,DOWN,1715,66.69999999999953,170055,2026-02-23 09:14:00,2026-02-23 09:10:00,1.17994,1.1788930324675329,1.1806538070752777,DOWN,True
350,171955,172497,2026-02-24 17:00:00,2026-02-25 02:06:00,low,high,1.17715,1.18078,UP,542,36.300000000000225,172226,2026-02-24 21:35:00,2026-02-24 21:35:00,1.17869,1.1778817402597401,1.177820789798437,UP,True
352,172761,173616,2026-02-25 06:30:00,2026-02-25 20:47:00,low,high,1.17709,1.18288,UP,855,57.89999999999962,173188,2026-02-25 13:37:00,2026-02-25 13:35:00,1.18062,1.1804479545454545,1.1793021160016457,UP,True
353,173616,174578,2026-02-25 20:47:00,2026-02-26 12:49:00,high,low,1.18288,1.17737,DOWN,962,55.09999999999904,174097,2026-02-26 04:48:00,2026-02-26 04:45:00,1.17982,1.1807276038961037,1.1812970098724809,DOWN,True
354,174578,175433,2026-02-26 12:49:00,2026-02-27 03:07:00,low,high,1.17737,1.18216,UP,855,47.900000000000716,175005,2026-02-26 19:59:00,2026-02-26 19:55:00,1.17961,1.179930675324675,1.1796629720279723,UP,True
357,175975,178743,2026-02-27 12:09:00,2026-03-03 10:20:00,high,low,1.18268,1.153,DOWN,2768,296.7999999999993,177359,2026-03-02 11:15:00,2026-03-02 11:15:00,1.1673,1.1701401688311688,1.172997933360757,DOWN,True
363,181248,181686,2026-03-05 04:08:00,2026-03-05 11:26:00,high,low,1.16445,1.15587,DOWN,438,85.80000000000032,181467,2026-03-05 07:47:00,2026-03-05 07:45:00,1.16151,1.1614252077922076,1.1615227988482115,DOWN,True
364,181686,182405,2026-03-05 11:26:00,2026-03-05 23:33:00,low,high,1.15587,1.16211,UP,719,62.40000000000023,182045,2026-03-05 17:29:00,2026-03-05 17:25:00,1.16077,1.1599447207792206,1.1596438765939945,UP,True
365,182405,182995,2026-03-05 23:33:00,2026-03-06 09:23:00,high,low,1.16211,1.15457,DOWN,590,75.3999999999988,182700,2026-03-06 04:28:00,2026-03-06 04:25:00,1.15833,1.1605101818181818,1.1607952118469769,DOWN,True
368,183745,184967,2026-03-08 20:53:00,2026-03-09 17:15:00,low,high,1.15069,1.16454,UP,1222,138.49999999999918,184356,2026-03-09 07:04:00,2026-03-09 07:00:00,1.15649,1.1555583636363636,1.154450582064994,UP,True
370,185312,186119,2026-03-09 23:00:00,2026-03-10 12:27:00,low,high,1.16069,1.16672,UP,807,60.2999999999998,185715,2026-03-10 05:43:00,2026-03-10 05:40:00,1.16359,1.1648080974025974,1.1630031011929247,UP,True
371,186119,186435,2026-03-10 12:27:00,2026-03-10 17:48:00,high,low,1.16672,1.16027,DOWN,316,64.50000000000067,186277,2026-03-10 15:05:00,2026-03-10 15:05:00,1.16098,1.1629680324675327,1.1637685339366517,DOWN,True
373,186942,188234,2026-03-11 02:15:00,2026-03-11 23:50:00,high,low,1.16453,1.15317,DOWN,1292,113.60000000000036,187588,2026-03-11 13:01:00,2026-03-11 13:00:00,1.15699,1.157321207792208,1.1595461641299867,DOWN,True
375,188641,189202,2026-03-12 06:37:00,2026-03-12 15:58:00,high,low,1.15662,1.15096,DOWN,561,56.59999999999998,188921,2026-03-12 11:17:00,2026-03-12 11:15:00,1.15222,1.1524497012987012,1.1540203850267376,DOWN,True
377,189455,189885,2026-03-12 20:12:00,2026-03-13 03:22:00,high,low,1.15296,1.14328,DOWN,430,96.7999999999991,189670,2026-03-12 23:47:00,2026-03-12 23:45:00,1.15021,1.1510606818181817,1.1516967486631027,DOWN,True
379,190211,190625,2026-03-13 08:48:00,2026-03-13 15:42:00,high,low,1.14901,1.14108,DOWN,414,79.29999999999993,190418,2026-03-13 12:15:00,2026-03-13 12:15:00,1.14439,1.1450549155844159,1.1468150296174418,DOWN,True
382,191281,191971,2026-03-16 02:40:00,2026-03-16 14:10:00,low,high,1.14139,1.15248,UP,690,110.90000000000045,191626,2026-03-16 08:25:00,2026-03-16 08:25:00,1.14816,1.1475479285714285,1.1451657638831765,UP,True
384,192631,193347,2026-03-17 01:14:00,2026-03-17 13:10:00,low,high,1.14658,1.15471,UP,716,81.2999999999997,192989,2026-03-17 07:12:00,2026-03-17 07:10:00,1.15217,1.1511311168831169,1.1499643175647885,UP,True
389,194374,194933,2026-03-18 06:19:00,2026-03-18 15:38:00,high,low,1.15551,1.14496,DOWN,559,105.5000000000006,194653,2026-03-18 10:58:00,2026-03-18 10:55:00,1.15128,1.1515620194805196,1.152898897573015,DOWN,True
391,195275,195657,2026-03-18 21:20:00,2026-03-19 03:42:00,high,low,1.14912,1.14429,DOWN,382,48.2999999999989,195466,2026-03-19 00:31:00,2026-03-19 00:30:00,1.14697,1.1474842272727275,1.1477607424928007,DOWN,True
392,195657,196283,2026-03-19 03:42:00,2026-03-19 14:08:00,low,high,1.14429,1.16161,UP,626,173.20000000000002,195970,2026-03-19 08:55:00,2026-03-19 08:55:00,1.15175,1.1482257207792208,1.1472260263266145,UP,True
395,197079,197442,2026-03-20 03:25:00,2026-03-20 09:28:00,high,low,1.15805,1.15245,DOWN,363,56.0000000000005,197260,2026-03-20 06:26:00,2026-03-20 06:25:00,1.15684,1.1560271493506498,1.156518827642945,DOWN,True
397,197833,198666,2026-03-20 15:59:00,2026-03-23 05:56:00,high,low,1.15718,1.14843,DOWN,833,87.50000000000036,198249,2026-03-22 22:59:00,2026-03-22 22:55:00,1.1547,1.1550345584415587,1.1553517309749077,DOWN,True
398,198666,198888,2026-03-23 05:56:00,2026-03-23 09:38:00,low,high,1.14843,1.16397,UP,222,155.39999999999887,198777,2026-03-23 07:47:00,2026-03-23 07:45:00,1.1599,1.1543877727272729,1.1539839958864664,UP,True
401,199882,200274,2026-03-24 02:13:00,2026-03-24 08:45:00,high,low,1.16176,1.15671,DOWN,392,50.499999999999986,200078,2026-03-24 05:29:00,2026-03-24 05:25:00,1.15888,1.159354538961039,1.1593647272727279,DOWN,True
403,200341,200474,2026-03-24 09:52:00,2026-03-24 12:05:00,high,low,1.16069,1.15569,DOWN,133,49.999999999998934,200407,2026-03-24 10:58:00,2026-03-24 10:55:00,1.15777,1.1585368636363633,1.158839191279309,DOWN,True
404,200474,200927,2026-03-24 12:05:00,2026-03-24 19:39:00,low,high,1.15569,1.16305,UP,453,73.59999999999812,200700,2026-03-24 15:51:00,2026-03-24 15:50:00,1.1606,1.1588386558441557,1.158633763060469,UP,True
407,201401,202371,2026-03-25 03:33:00,2026-03-25 19:45:00,high,low,1.16165,1.15539,DOWN,970,62.60000000000154,201886,2026-03-25 11:38:00,2026-03-25 11:35:00,1.15689,1.1574680259740262,1.1592305771287537,DOWN,True
409,202598,203534,2026-03-25 23:32:00,2026-03-26 15:09:00,high,low,1.15722,1.15196,DOWN,936,52.599999999998204,203066,2026-03-26 07:21:00,2026-03-26 07:20:00,1.15327,1.1547503506493506,1.1557183916083922,DOWN,True
413,204697,205128,2026-03-27 10:33:00,2026-03-29 18:58:00,high,low,1.15476,1.14877,DOWN,431,59.899999999999395,204912,2026-03-27 14:08:00,2026-03-27 14:05:00,1.15116,1.1515620779220779,1.15215872274784,DOWN,True
415,205397,206045,2026-03-30 00:27:00,2026-03-30 11:15:00,high,low,1.15211,1.1443,DOWN,648,78.09999999999873,205721,2026-03-30 05:51:00,2026-03-30 05:50:00,1.14934,1.1497338831168833,1.1506123294940356,DOWN,True
417,206392,206593,2026-03-30 17:02:00,2026-03-30 20:23:00,high,low,1.14674,1.14471,DOWN,201,20.300000000001983,206492,2026-03-30 18:42:00,2026-03-30 18:40:00,1.14611,1.1460656298701297,1.1467579781982722,DOWN,True
420,207233,208907,2026-03-31 07:03:00,2026-04-01 11:03:00,low,high,1.14574,1.16271,UP,1674,169.6999999999993,208070,2026-03-31 21:05:00,2026-03-31 21:05:00,1.15627,1.1565853636363634,1.1542087873303168,UP,True
423,209512,210115,2026-04-01 21:11:00,2026-04-02 07:14:00,high,low,1.16055,1.1509,DOWN,603,96.49999999999936,209813,2026-04-02 02:12:00,2026-04-02 02:10:00,1.15172,1.1535954545454545,1.156914525298231,DOWN,True
426,210703,210874,2026-04-02 17:04:00,2026-04-02 20:01:00,low,high,1.15315,1.15449,UP,171,13.400000000001189,210788,2026-04-02 18:32:00,2026-04-02 18:30:00,1.15397,1.153749272727273,1.1535124245166595,UP,True
428,211186,211513,2026-04-03 01:23:00,2026-04-03 06:54:00,low,high,1.15293,1.15489,UP,327,19.599999999999618,211349,2026-04-03 04:09:00,2026-04-03 04:05:00,1.15414,1.153905844155844,1.1538052821884008,UP,True
429,211513,212049,2026-04-03 06:54:00,2026-04-03 15:58:00,high,low,1.15489,1.15138,DOWN,536,35.09999999999902,211781,2026-04-03 11:23:00,2026-04-03 11:20:00,1.15247,1.153001818181818,1.1537018305224185,DOWN,True
431,212062,212166,2026-04-03 16:11:00,2026-04-05 18:11:00,high,low,1.15298,1.15048,DOWN,104,24.999999999999467,212114,2026-04-05 17:06:00,2026-04-05 17:05:00,1.15206,1.1515988051948056,1.152656946935417,DOWN,True
432,212166,213150,2026-04-05 18:11:00,2026-04-06 10:35:00,low,high,1.15048,1.15713,UP,984,66.50000000000045,212658,2026-04-06 02:23:00,2026-04-06 02:20:00,1.15249,1.152362409090909,1.1518391999177289,UP,True
433,213150,213840,2026-04-06 10:35:00,2026-04-06 22:07:00,high,low,1.15713,1.15239,DOWN,690,47.399999999999665,213495,2026-04-06 16:20:00,2026-04-06 16:20:00,1.15441,1.1543939935064935,1.154586280131633,DOWN,True
434,213840,215933,2026-04-06 22:07:00,2026-04-08 09:03:00,low,high,1.15239,1.17217,UP,2093,197.7999999999991,214886,2026-04-07 15:33:00,2026-04-07 15:30:00,1.15843,1.1576922272727272,1.156464350473056,UP,True
437,217645,218507,2026-04-09 13:38:00,2026-04-10 04:04:00,high,low,1.17234,1.16773,DOWN,862,46.10000000000003,218076,2026-04-09 20:53:00,2026-04-09 20:50:00,1.16874,1.1692633116883118,1.1695325310571785,DOWN,True
438,218507,218947,2026-04-10 04:04:00,2026-04-10 11:24:00,low,high,1.16773,1.17392,UP,440,61.9000000000014,218727,2026-04-10 07:44:00,2026-04-10 07:40:00,1.17165,1.1705717597402596,1.1695376137392022,UP,True
441,219833,219869,2026-04-13 02:10:00,2026-04-13 02:46:00,high,low,1.16948,1.16778,DOWN,36,17.000000000000348,219851,2026-04-13 02:28:00,2026-04-13 02:25:00,1.16886,1.168763811688312,1.1693127235705465,DOWN,True
442,219869,221796,2026-04-13 02:46:00,2026-04-14 10:56:00,low,high,1.16778,1.18111,UP,1927,133.30000000000064,220832,2026-04-13 18:52:00,2026-04-13 18:50:00,1.17606,1.1758787207792207,1.172897690662279,UP,True
445,222706,222973,2026-04-15 02:09:00,2026-04-15 06:36:00,high,low,1.17992,1.17718,DOWN,267,27.400000000001867,222839,2026-04-15 04:22:00,2026-04-15 04:20:00,1.17934,1.178933506493507,1.1790674356231998,DOWN,True
446,222973,223944,2026-04-15 06:36:00,2026-04-15 23:07:00,low,high,1.17718,1.18238,UP,971,52.00000000000094,223458,2026-04-15 14:41:00,2026-04-15 14:40:00,1.17973,1.179899798701299,1.179124375976964,UP,True
447,223944,224595,2026-04-15 23:07:00,2026-04-16 09:58:00,high,low,1.18238,1.17668,DOWN,651,57.000000000000384,224269,2026-04-16 04:32:00,2026-04-16 04:30:00,1.17811,1.179636077922078,1.1802658494446732,DOWN,True
448,224595,225983,2026-04-16 09:58:00,2026-04-17 09:12:00,low,high,1.17668,1.18491,UP,1388,82.2999999999996,225289,2026-04-16 21:38:00,2026-04-16 21:35:00,1.17758,1.1780551103896104,1.1779885026737968,UP,True
450,226509,228006,2026-04-19 18:00:00,2026-04-20 19:00:00,low,high,1.17288,1.17908,UP,1497,61.99999999999983,227257,2026-04-20 06:28:00,2026-04-20 06:25:00,1.1764,1.1762127792207795,1.1757803776223772,UP,True
451,228006,228824,2026-04-20 19:00:00,2026-04-21 08:38:00,high,low,1.17908,1.1754,DOWN,818,36.79999999999906,228415,2026-04-21 01:49:00,2026-04-21 01:45:00,1.17787,1.1777592467532467,1.1781509596873718,DOWN,True
453,228947,229248,2026-04-21 10:41:00,2026-04-21 15:42:00,high,low,1.1776,1.17191,DOWN,301,56.89999999999973,229097,2026-04-21 13:11:00,2026-04-21 13:10:00,1.17252,1.1751325,1.1762543698066634,DOWN,True
455,229824,230949,2026-04-22 01:21:00,2026-04-22 20:16:00,high,low,1.17626,1.16922,DOWN,1125,70.40000000000157,230386,2026-04-22 10:43:00,2026-04-22 10:40:00,1.17288,1.1734511818181816,1.1743037157548328,DOWN,True
457,230964,231626,2026-04-22 20:31:00,2026-04-23 07:33:00,high,low,1.17136,1.1679,DOWN,662,34.600000000000186,231295,2026-04-23 02:02:00,2026-04-23 02:00:00,1.1706,1.1700780909090909,1.1706239633895517,DOWN,True
461,232488,232580,2026-04-23 22:00:00,2026-04-23 23:32:00,high,low,1.16892,1.16727,DOWN,92,16.499999999999293,232534,2026-04-23 22:46:00,2026-04-23 22:45:00,1.16787,1.1684338311688311,1.1687760839160837,DOWN,True
462,232580,233625,2026-04-23 23:32:00,2026-04-24 16:57:00,low,high,1.16727,1.17229,UP,1045,50.200000000000244,233102,2026-04-24 08:14:00,2026-04-24 08:10:00,1.17152,1.1701601753246753,1.1688306491155904,UP,True
464,233628,234544,2026-04-26 17:00:00,2026-04-27 08:19:00,low,high,1.16928,1.17548,UP,916,61.99999999999983,234086,2026-04-27 00:41:00,2026-04-27 00:40:00,1.17297,1.1727122142857145,1.171693858494447,UP,True
465,234544,235063,2026-04-27 08:19:00,2026-04-27 17:00:00,high,low,1.17548,1.17179,DOWN,519,36.89999999999971,234803,2026-04-27 12:38:00,2026-04-27 12:35:00,1.17302,1.173623409090909,1.1736969123817356,DOWN,True
467,235253,235972,2026-04-27 20:12:00,2026-04-28 08:11:00,high,low,1.17269,1.16774,DOWN,719,49.5000000000001,235612,2026-04-28 02:11:00,2026-04-28 02:10:00,1.1705,1.1711276103896104,1.1718187128753592,DOWN,True
468,235972,236670,2026-04-28 08:11:00,2026-04-28 20:04:00,low,high,1.16774,1.17204,UP,698,42.9999999999997,236321,2026-04-28 14:00:00,2026-04-28 14:00:00,1.17129,1.1709145454545455,1.170177089675031,UP,True
469,236670,237157,2026-04-28 20:04:00,2026-04-29 04:12:00,high,low,1.17204,1.16936,DOWN,487,26.800000000000157,236913,2026-04-29 00:07:00,2026-04-29 00:05:00,1.17057,1.1710104415584415,1.1710613693953105,DOWN,True
471,237325,237792,2026-04-29 07:00:00,2026-04-29 14:47:00,high,low,1.17097,1.16611,DOWN,467,48.60000000000086,237558,2026-04-29 10:53:00,2026-04-29 10:50:00,1.17017,1.1695011493506493,1.1701600267379682,DOWN,True
473,238109,238380,2026-04-29 20:09:00,2026-04-30 00:40:00,high,low,1.16894,1.16551,DOWN,271,34.30000000000044,238244,2026-04-29 22:24:00,2026-04-29 22:20:00,1.16724,1.1679408961038962,1.1681615857671748,DOWN,True
474,238380,239250,2026-04-30 00:40:00,2026-04-30 15:10:00,low,high,1.16551,1.17416,UP,870,86.50000000000047,238815,2026-04-30 07:55:00,2026-04-30 07:55:00,1.17047,1.1701174999999995,1.1681400481283413,UP,True
476,239550,239755,2026-04-30 20:14:00,2026-04-30 23:39:00,low,high,1.17241,1.17363,UP,205,12.199999999999989,239652,2026-04-30 21:56:00,2026-04-30 21:55:00,1.17308,1.1729257792207792,1.1725619004524892,UP,True
478,239928,240399,2026-05-01 02:33:00,2026-05-01 10:24:00,low,high,1.17187,1.17851,UP,471,66.39999999999979,240163,2026-05-01 06:28:00,2026-05-01 06:25:00,1.1742,1.1737676168831168,1.1732270567667629,UP,True
479,240399,242703,2026-05-01 10:24:00,2026-05-05 01:00:00,high,low,1.17851,1.16764,DOWN,2304,108.69999999999935,241551,2026-05-04 05:38:00,2026-05-04 05:35:00,1.17202,1.172147181818182,1.1726566133278487,DOWN,True
480,242703,243346,2026-05-05 01:00:00,2026-05-05 11:43:00,low,high,1.16764,1.17136,UP,643,37.199999999999456,243024,2026-05-05 06:21:00,2026-05-05 06:20:00,1.16938,1.1689021753246753,1.1687801480872066,UP,True
482,243661,244476,2026-05-05 17:00:00,2026-05-06 06:54:00,low,high,1.16909,1.17966,UP,815,105.69999999999968,244068,2026-05-06 00:06:00,2026-05-06 00:05:00,1.17165,1.1719429805194805,1.170770594816948,UP,True
486,245662,245836,2026-05-07 02:51:00,2026-05-07 05:45:00,low,high,1.17448,1.17783,UP,174,33.499999999999645,245749,2026-05-07 04:18:00,2026-05-07 04:15:00,1.17646,1.1757531623376627,1.1753175327025913,UP,True
488,246508,247942,2026-05-07 16:57:00,2026-05-08 16:54:00,low,high,1.17224,1.1788,UP,1434,65.60000000000122,247225,2026-05-08 04:57:00,2026-05-08 04:55:00,1.17637,1.174724155844156,1.1737329654463184,UP,True
491,249011,250365,2026-05-11 10:44:00,2026-05-12 11:25:00,high,low,1.17878,1.17216,DOWN,1354,66.19999999999848,249688,2026-05-11 22:08:00,2026-05-11 22:05:00,1.17628,1.1771233051948051,1.1776819547511312,DOWN,True
493,250764,250891,2026-05-12 19:08:00,2026-05-12 21:17:00,high,low,1.17411,1.17318,DOWN,127,9.300000000000974,250827,2026-05-12 20:13:00,2026-05-12 20:10:00,1.17334,1.1737734870129868,1.1738513776223767,DOWN,True
495,250923,251382,2026-05-12 21:49:00,2026-05-13 05:30:00,high,low,1.17417,1.16954,DOWN,459,46.299999999999116,251152,2026-05-13 01:40:00,2026-05-13 01:40:00,1.17333,1.173525025974026,1.1736150304401478,DOWN,True
499,252662,254240,2026-05-14 02:54:00,2026-05-15 05:18:00,high,low,1.17214,1.1617,DOWN,1578,104.40000000000005,253451,2026-05-14 16:03:00,2026-05-14 16:00:00,1.16687,1.1675261233766232,1.1690577202797199,DOWN,True
501,254337,255169,2026-05-15 06:55:00,2026-05-17 20:54:00,high,low,1.16554,1.16082,DOWN,832,47.20000000000057,254753,2026-05-15 13:51:00,2026-05-15 13:50:00,1.16283,1.1628332272727273,1.1633083150966674,DOWN,True
502,255169,255882,2026-05-17 20:54:00,2026-05-18 08:47:00,low,high,1.16082,1.16572,UP,713,49.000000000001265,255525,2026-05-18 02:50:00,2026-05-18 02:50:00,1.16356,1.1624431623376623,1.1620886277252156,UP,True
504,256254,256434,2026-05-18 14:59:00,2026-05-18 18:00:00,low,high,1.16287,1.16616,UP,180,32.90000000000015,256344,2026-05-18 16:29:00,2026-05-18 16:25:00,1.16591,1.1649063116883118,1.1643679522830108,UP,True
505,256434,258834,2026-05-18 18:00:00,2026-05-20 10:11:00,high,low,1.16616,1.15826,DOWN,2400,79.00000000000018,257634,2026-05-19 14:04:00,2026-05-19 14:00:00,1.16132,1.1604979610389612,1.1617013011106538,DOWN,True
506,258834,258900,2026-05-20 10:11:00,2026-05-20 11:17:00,low,high,1.15826,1.1645,UP,66,62.40000000000023,258867,2026-05-20 10:44:00,2026-05-20 10:40:00,1.16169,1.1598937857142857,1.159781839160839,UP,True
509,259912,260238,2026-05-21 04:16:00,2026-05-21 09:42:00,high,low,1.16353,1.15763,DOWN,326,59.00000000000016,260075,2026-05-21 06:59:00,2026-05-21 06:55:00,1.16071,1.1619267727272728,1.1621459086795558,DOWN,True
513,261517,261582,2026-05-22 09:12:00,2026-05-22 10:17:00,high,low,1.16183,1.15881,DOWN,65,30.200000000000227,261549,2026-05-22 09:44:00,2026-05-22 09:40:00,1.16041,1.1602011493506492,1.1608784833401897,DOWN,True
514,261582,261979,2026-05-22 10:17:00,2026-05-24 20:54:00,low,high,1.15881,1.16488,UP,397,60.7000000000002,261780,2026-05-24 17:35:00,2026-05-24 17:35:00,1.16329,1.161181474025974,1.1607554804607156,UP,True
516,262364,262691,2026-05-25 03:19:00,2026-05-25 08:46:00,low,high,1.16296,1.16527,UP,327,23.100000000000342,262527,2026-05-25 06:02:00,2026-05-25 06:00:00,1.16426,1.1640546103896101,1.1636957684080629,UP,True
517,262691,263775,2026-05-25 08:46:00,2026-05-26 03:06:00,high,low,1.16527,1.16239,DOWN,1084,28.799999999999937,263233,2026-05-25 18:01:00,2026-05-25 18:00:00,1.16387,1.1641157272727272,1.1642155421637188,DOWN,True
520,264286,265188,2026-05-26 11:37:00,2026-05-27 02:47:00,low,high,1.16163,1.16492,UP,902,32.90000000000015,264737,2026-05-26 19:12:00,2026-05-26 19:10:00,1.16337,1.1631367272727273,1.1629877248046072,UP,True
522,265497,265537,2026-05-27 07:56:00,2026-05-27 08:36:00,low,high,1.16329,1.16614,UP,40,28.500000000000192,265517,2026-05-27 08:16:00,2026-05-27 08:15:00,1.16407,1.1640128116883117,1.1639872821883999,UP,True
523,265537,266461,2026-05-27 08:36:00,2026-05-28 00:05:00,high,low,1.16614,1.15861,DOWN,924,75.30000000000037,265999,2026-05-27 16:18:00,2026-05-27 16:15:00,1.16288,1.1627915324675322,1.1635674454956808,DOWN,True
524,266461,267200,2026-05-28 00:05:00,2026-05-28 12:24:00,low,high,1.15861,1.1661,UP,739,74.89999999999996,266830,2026-05-28 06:14:00,2026-05-28 06:10:00,1.16128,1.161317798701299,1.161174306046894,UP,True
530,269921,271264,2026-06-01 10:02:00,2026-06-02 08:36:00,low,high,1.16067,1.16555,UP,1343,48.799999999999955,270592,2026-06-01 21:24:00,2026-06-01 21:20:00,1.16343,1.163344038961039,1.1632107515425747,UP,True
531,271264,273275,2026-06-02 08:36:00,2026-06-03 18:16:00,high,low,1.16555,1.15945,DOWN,2011,60.99999999999994,272269,2026-06-03 01:26:00,2026-06-03 01:25:00,1.16221,1.1626861233766235,1.1628561085972853,DOWN,True
532,273275,273773,2026-06-03 18:16:00,2026-06-04 02:36:00,low,high,1.15945,1.16148,UP,498,20.299999999999763,273524,2026-06-03 22:27:00,2026-06-03 22:25:00,1.16076,1.1607281688311692,1.1602992863019341,UP,True
534,273839,274097,2026-06-04 03:42:00,2026-06-04 08:00:00,low,high,1.15984,1.16451,UP,258,46.69999999999952,273968,2026-06-04 05:51:00,2026-06-04 05:50:00,1.16274,1.1613345064935063,1.1607615874125872,UP,True
537,275372,276116,2026-06-05 05:22:00,2026-06-07 17:49:00,high,low,1.16442,1.15081,DOWN,744,136.099999999999,275744,2026-06-05 11:34:00,2026-06-05 11:30:00,1.15419,1.1574856038961039,1.161090626491156,DOWN,True
542,277675,278468,2026-06-08 20:00:00,2026-06-09 09:13:00,low,high,1.15269,1.1578,UP,793,51.09999999999948,278071,2026-06-09 02:36:00,2026-06-09 02:35:00,1.15475,1.1543847987012987,1.1537702764294526,UP,True
549,280638,281578,2026-06-10 21:41:00,2026-06-11 13:21:00,high,low,1.1556,1.15028,DOWN,940,53.19999999999992,281108,2026-06-11 05:31:00,2026-06-11 05:30:00,1.1531,1.1540652142857144,1.1543321308103667,DOWN,True
553,282534,283226,2026-06-12 05:27:00,2026-06-12 16:59:00,high,low,1.15894,1.15641,DOWN,692,25.300000000001432,282880,2026-06-12 11:13:00,2026-06-12 11:10:00,1.15772,1.1571428701298703,1.1571697198683664,DOWN,True
554,283226,283720,2026-06-12 16:59:00,2026-06-15 01:14:00,low,high,1.15641,1.16221,UP,494,58.00000000000027,283473,2026-06-14 21:07:00,2026-06-14 21:05:00,1.15959,1.1604253116883119,1.158501167832168,UP,True
556,283935,284226,2026-06-15 04:49:00,2026-06-15 09:40:00,low,high,1.1597,1.16204,UP,291,23.400000000000087,284080,2026-06-15 07:14:00,2026-06-15 07:10:00,1.16121,1.1608124545454546,1.1604483755656105,UP,True
557,284226,284606,2026-06-15 09:40:00,2026-06-15 16:00:00,high,low,1.16204,1.15835,DOWN,380,36.89999999999971,284416,2026-06-15 12:50:00,2026-06-15 12:50:00,1.16028,1.1605185064935066,1.1607567741670095,DOWN,True
559,284903,285198,2026-06-15 21:04:00,2026-06-16 02:00:00,high,low,1.1595,1.15748,DOWN,295,20.199999999999108,285050,2026-06-15 23:32:00,2026-06-15 23:30:00,1.15868,1.1588171493506494,1.1593342529823116,DOWN,True
562,285712,285820,2026-06-16 10:34:00,2026-06-16 12:22:00,low,high,1.15878,1.16196,UP,108,31.800000000001827,285766,2026-06-16 11:28:00,2026-06-16 11:25:00,1.1602,1.1598263246753244,1.1595116647470185,UP,True
565,288102,288431,2026-06-18 02:33:00,2026-06-18 08:02:00,high,low,1.15282,1.14532,DOWN,329,75.00000000000063,288266,2026-06-18 05:17:00,2026-06-18 05:15:00,1.14809,1.1504930129870132,1.1514406791443847,DOWN,True
567,288609,289471,2026-06-18 11:00:00,2026-06-19 01:27:00,high,low,1.14875,1.14178,DOWN,862,69.6999999999992,289040,2026-06-18 18:14:00,2026-06-18 18:10:00,1.14618,1.145978805194805,1.1469029197860963,DOWN,True
568,289471,290275,2026-06-19 01:27:00,2026-06-19 14:51:00,low,high,1.14178,1.14806,UP,804,62.80000000000064,289873,2026-06-19 08:09:00,2026-06-19 08:05:00,1.14672,1.146143194805195,1.1452460061703003,UP,True
569,290275,291067,2026-06-19 14:51:00,2026-06-22 04:11:00,high,low,1.14806,1.14414,DOWN,792,39.20000000000145,290671,2026-06-21 21:35:00,2026-06-21 21:35:00,1.14661,1.1463773181818184,1.1466499156725622,DOWN,True
571,291185,291751,2026-06-22 06:09:00,2026-06-22 15:35:00,high,low,1.14634,1.14189,DOWN,566,44.49999999999843,291468,2026-06-22 10:52:00,2026-06-22 10:50:00,1.14472,1.1443482467532469,1.1452896593994244,DOWN,True
573,292148,292207,2026-06-22 22:19:00,2026-06-22 23:18:00,high,low,1.14319,1.14186,DOWN,59,13.299999999998313,292177,2026-06-22 22:48:00,2026-06-22 22:45:00,1.1428,1.1426653896103895,1.142964486219663,DOWN,True
575,292449,294230,2026-06-23 03:20:00,2026-06-24 09:09:00,high,low,1.1439,1.13245,DOWN,1781,114.4999999999996,293339,2026-06-23 18:17:00,2026-06-23 18:15:00,1.13799,1.1380949545454546,1.1387135491567253,DOWN,True
578,294916,295107,2026-06-24 20:39:00,2026-06-24 23:50:00,low,high,1.13474,1.1371,UP,191,23.599999999999177,295011,2026-06-24 22:14:00,2026-06-24 22:10:00,1.13605,1.135645012987013,1.135319505141917,UP,True
580,295315,295449,2026-06-25 03:18:00,2026-06-25 05:32:00,low,high,1.13447,1.1374,UP,134,29.29999999999877,295382,2026-06-25 04:25:00,2026-06-25 04:25:00,1.13677,1.1359551948051947,1.1359469707939127,UP,True
584,296456,297087,2026-06-25 22:27:00,2026-06-26 08:58:00,low,high,1.1354,1.14338,UP,631,79.80000000000098,296771,2026-06-26 03:42:00,2026-06-26 03:40:00,1.13856,1.1376675194805197,1.1370499148498558,UP,True
587,297878,298027,2026-06-28 22:28:00,2026-06-29 00:57:00,high,low,1.13933,1.13808,DOWN,149,12.499999999999734,297952,2026-06-28 23:42:00,2026-06-28 23:40:00,1.13871,1.1387966233766234,1.1389806655697248,DOWN,True
588,298027,298743,2026-06-29 00:57:00,2026-06-29 12:53:00,low,high,1.13808,1.14306,UP,716,49.79999999999984,298385,2026-06-29 06:55:00,2026-06-29 06:55:00,1.14045,1.1401341688311688,1.139353763471822,UP,True
591,300065,301394,2026-06-30 11:01:00,2026-07-01 09:14:00,high,low,1.14366,1.13617,DOWN,1329,74.89999999999996,300729,2026-06-30 22:08:00,2026-06-30 22:05:00,1.1404,1.1410453051948053,1.1414454360345536,DOWN,True
593,301425,301846,2026-07-01 09:45:00,2026-07-01 16:46:00,high,low,1.14118,1.13739,DOWN,421,37.900000000001825,301635,2026-07-01 13:15:00,2026-07-01 13:15:00,1.13833,1.1386379740259742,1.1392415689016864,DOWN,True
594,301846,302787,2026-07-01 16:46:00,2026-07-02 08:45:00,low,high,1.13739,1.14727,UP,941,98.8000000000011,302316,2026-07-02 00:54:00,2026-07-02 00:50:00,1.13869,1.1382958311688312,1.138109052241876,UP,True
596,303478,303858,2026-07-02 20:18:00,2026-07-03 02:38:00,low,high,1.14204,1.14623,UP,380,41.900000000001384,303668,2026-07-02 23:28:00,2026-07-02 23:25:00,1.14388,1.14366024025974,1.143371141505553,UP,True
599,304907,305727,2026-07-05 20:17:00,2026-07-06 09:57:00,high,low,1.1441,1.14083,DOWN,820,32.69999999999884,305317,2026-07-06 03:07:00,2026-07-06 03:05:00,1.14184,1.142737090909091,1.1432840736322505,DOWN,True
600,305727,306257,2026-07-06 09:57:00,2026-07-06 19:04:00,low,high,1.14083,1.14479,UP,530,39.59999999999964,305992,2026-07-06 14:22:00,2026-07-06 14:20:00,1.14366,1.1430304220779224,1.1423173216783222,UP,True
603,307062,307854,2026-07-07 08:30:00,2026-07-07 21:44:00,high,low,1.14421,1.13983,DOWN,792,43.80000000000051,307458,2026-07-07 15:06:00,2026-07-07 15:05:00,1.14148,1.142424707792208,1.1429195656108597,DOWN,True
605,308201,308693,2026-07-08 03:31:00,2026-07-08 11:43:00,high,low,1.14315,1.1391,DOWN,492,40.500000000001094,308447,2026-07-08 07:37:00,2026-07-08 07:35:00,1.13945,1.1408885064935066,1.1412134874537228,DOWN,True
606,308693,309573,2026-07-08 11:43:00,2026-07-09 02:33:00,low,high,1.1391,1.14491,UP,880,58.10000000000093,309133,2026-07-08 19:09:00,2026-07-08 19:05:00,1.14179,1.1418759090909092,1.1414666417112305,UP,True
611,310784,312129,2026-07-09 22:53:00,2026-07-12 21:24:00,high,low,1.14606,1.13843,DOWN,1345,76.30000000000025,311456,2026-07-10 10:05:00,2026-07-10 10:05:00,1.142,1.1426066038961038,1.1434963331962158,DOWN,True
616,313905,314232,2026-07-14 03:03:00,2026-07-14 08:30:00,low,high,1.1384,1.14623,UP,327,78.30000000000004,314068,2026-07-14 05:46:00,2026-07-14 05:45:00,1.13997,1.1396109675324673,1.1390440806252573,UP,True
618,314744,315300,2026-07-14 17:04:00,2026-07-15 02:26:00,low,high,1.14156,1.14437,UP,556,28.100000000002012,315022,2026-07-14 21:47:00,2026-07-14 21:45:00,1.14333,1.1428016623376624,1.1425661094199915,UP,True
619,315300,315643,2026-07-15 02:26:00,2026-07-15 08:09:00,high,low,1.14437,1.14059,DOWN,343,37.80000000000116,315471,2026-07-15 05:17:00,2026-07-15 05:15:00,1.14228,1.142777831168831,1.1430122900041133,DOWN,True
620,315643,316027,2026-07-15 08:09:00,2026-07-15 14:33:00,low,high,1.14059,1.14825,UP,384,76.6,315835,2026-07-15 11:21:00,2026-07-15 11:20:00,1.14378,1.1429881688311685,1.1427386910736326,UP,True
623,317835,318065,2026-07-16 21:01:00,2026-07-17 00:51:00,high,low,1.1448,1.14345,DOWN,230,13.499999999999623,317950,2026-07-16 22:56:00,2026-07-16 22:55:00,1.14367,1.1441562792207791,1.1442607359111479,DOWN,True
629,319657,320100,2026-07-20 03:34:00,2026-07-20 10:57:00,high,low,1.14495,1.14023,DOWN,443,47.199999999998354,319878,2026-07-20 07:15:00,2026-07-20 07:15:00,1.14312,1.143420253246753,1.1436350921431506,DOWN,True
631,321210,321892,2026-07-21 05:38:00,2026-07-21 17:00:00,high,low,1.14286,1.13942,DOWN,682,34.399999999998876,321551,2026-07-21 11:19:00,2026-07-21 11:15:00,1.14087,1.1411752272727271,1.1417084298642537,DOWN,True
636,323338,323770,2026-07-22 17:19:00,2026-07-23 00:33:00,low,high,1.14054,1.14356,UP,432,30.199999999998006,323554,2026-07-22 20:57:00,2026-07-22 20:55:00,1.14172,1.1410381298701304,1.1410005306458249,UP,True
637,323770,324357,2026-07-23 00:33:00,2026-07-23 10:20:00,high,low,1.14356,1.13637,DOWN,587,71.89999999999807,324063,2026-07-23 05:26:00,2026-07-23 05:25:00,1.141,1.141929025974026,1.1419769078568491,DOWN,True
640,325283,325378,2026-07-24 01:56:00,2026-07-24 03:31:00,low,high,1.13763,1.14011,UP,95,24.800000000000377,325330,2026-07-24 02:43:00,2026-07-24 02:40:00,1.13838,1.1381215714285715,1.137944051419169,UP,True
643,326766,327624,2026-07-27 02:41:00,2026-07-27 17:00:00,high,low,1.14181,1.13664,DOWN,858,51.699999999998965,327195,2026-07-27 09:50:00,2026-07-27 09:50:00,1.13761,1.138585863636364,1.1396850695187162,DOWN,True
645,328015,328412,2026-07-27 23:33:00,2026-07-28 06:10:00,high,low,1.13801,1.13531,DOWN,397,26.999999999999247,328213,2026-07-28 02:51:00,2026-07-28 02:50:00,1.13714,1.1368773766233764,1.1370993994241057,DOWN,True
648,329186,329524,2026-07-28 19:07:00,2026-07-29 00:45:00,low,high,1.13821,1.14036,UP,338,21.500000000000963,329355,2026-07-28 21:56:00,2026-07-28 21:55:00,1.13914,1.1387613506493508,1.1385959308926363,UP,True
652,331128,331520,2026-07-30 03:32:00,2026-07-30 10:04:00,low,high,1.14342,1.15369,UP,392,102.70000000000002,331324,2026-07-30 06:48:00,2026-07-30 06:45:00,1.14819,1.1459222012987014,1.1454621464417936,UP,True
655,332652,332934,2026-07-31 04:58:00,2026-07-31 09:40:00,high,low,1.15261,1.1455,DOWN,282,71.0999999999995,332793,2026-07-31 07:19:00,2026-07-31 07:15:00,1.14942,1.1506907142857143,1.151320904154669,DOWN,True
656,332934,333448,2026-07-31 09:40:00,2026-08-02 18:15:00,low,high,1.1455,1.15587,UP,514,103.6999999999999,333191,2026-07-31 13:57:00,2026-07-31 13:55:00,1.15332,1.1514762857142855,1.1504642443438913,UP,True
657,333448,334485,2026-08-02 18:15:00,2026-08-03 11:32:00,high,low,1.15587,1.15002,DOWN,1037,58.499999999999105,333966,2026-08-03 02:53:00,2026-08-03 02:50:00,1.15268,1.1531982337662336,1.1533623562320037,DOWN,True
659,335027,335049,2026-08-03 20:39:00,2026-08-03 21:01:00,high,low,1.15149,1.15022,DOWN,22,12.699999999998823,335038,2026-08-03 20:50:00,2026-08-03 20:50:00,1.15096,1.1509351363636362,1.1511772994652405,DOWN,True
662,335535,336453,2026-08-04 05:07:00,2026-08-04 20:31:00,low,high,1.15032,1.15355,UP,918,32.300000000000665,335994,2026-08-04 12:46:00,2026-08-04 12:45:00,1.15177,1.1521048636363638,1.1514895935828875,UP,True
664,336508,336844,2026-08-04 21:26:00,2026-08-05 03:02:00,low,high,1.15266,1.15466,UP,336,20.000000000000018,336676,2026-08-05 00:14:00,2026-08-05 00:10:00,1.15383,1.1534603636363636,1.1529728679555737,UP,True
666,336947,337529,2026-08-05 04:45:00,2026-08-05 14:27:00,low,high,1.1531,1.15594,UP,582,28.399999999999537,337238,2026-08-05 09:36:00,2026-08-05 09:35:00,1.15497,1.154767064935065,1.1539825746606334,UP,True
667,337529,338839,2026-08-05 14:27:00,2026-08-06 12:20:00,high,low,1.15594,1.15145,DOWN,1310,44.899999999998826,338184,2026-08-06 01:25:00,2026-08-06 01:25:00,1.15456,1.1549767012987013,1.1552037494858083,DOWN,True
671,341218,341984,2026-08-10 04:15:00,2026-08-10 17:05:00,high,low,1.15656,1.15359,DOWN,766,29.700000000001392,341601,2026-08-10 10:38:00,2026-08-10 10:35:00,1.15538,1.1549879545454547,1.1553754450843274,DOWN,True
673,342201,342650,2026-08-10 20:43:00,2026-08-11 04:12:00,high,low,1.15497,1.15312,DOWN,449,18.500000000001293,342425,2026-08-11 00:27:00,2026-08-11 00:25:00,1.15444,1.1543712922077922,1.1544342731386257,DOWN,True
679,345046,345408,2026-08-12 20:32:00,2026-08-13 02:34:00,high,low,1.15311,1.15117,DOWN,362,19.400000000000528,345227,2026-08-12 23:33:00,2026-08-12 23:30:00,1.15222,1.1524755779220777,1.1527770119292466,DOWN,True
680,345408,345873,2026-08-13 02:34:00,2026-08-13 10:19:00,low,high,1.15117,1.15454,UP,465,33.69999999999873,345640,2026-08-13 06:26:00,2026-08-13 06:25:00,1.15373,1.1528132142857141,1.1524913348416286,UP,True
682,346273,347312,2026-08-13 17:00:00,2026-08-14 10:29:00,low,high,1.15238,1.15854,UP,1039,61.59999999999943,346792,2026-08-14 01:49:00,2026-08-14 01:45:00,1.15407,1.1538313051948053,1.1534044146441798,UP,True
684,347741,348383,2026-08-16 17:42:00,2026-08-17 04:30:00,high,high,1.15614,1.16141,UP,642,52.70000000000108,348062,2026-08-16 23:09:00,2026-08-16 23:05:00,1.15792,1.1580137402597401,1.1573107211024272,UP,True
687,349375,349699,2026-08-17 21:12:00,2026-08-18 02:37:00,high,low,1.15857,1.15665,DOWN,324,19.200000000001438,349537,2026-08-17 23:55:00,2026-08-17 23:55:00,1.15731,1.157772675324675,1.1580505413410118,DOWN,True
691,350757,350816,2026-08-18 20:18:00,2026-08-18 21:17:00,high,low,1.15816,1.157,DOWN,59,11.600000000000499,350786,2026-08-18 20:47:00,2026-08-18 20:45:00,1.15745,1.1576180649350647,1.1576754241053069,DOWN,True
692,350816,352054,2026-08-18 21:17:00,2026-08-19 18:01:00,low,high,1.157,1.16801,UP,1238,110.09999999999964,351435,2026-08-19 07:36:00,2026-08-19 07:35:00,1.16024,1.1604853116883116,1.1591149724393255,UP,True
694,352239,352786,2026-08-19 21:06:00,2026-08-20 06:13:00,low,high,1.16698,1.17105,UP,547,40.70000000000018,352512,2026-08-20 01:39:00,2026-08-20 01:35:00,1.16712,1.1675887012987014,1.1673653796791446,UP,True
698,354065,354149,2026-08-21 03:46:00,2026-08-21 05:10:00,low,high,1.16866,1.17115,UP,84,24.899999999998812,354107,2026-08-21 04:28:00,2026-08-21 04:25:00,1.16957,1.1693738701298702,1.1688753159193752,UP,True
701,355053,356098,2026-08-23 20:23:00,2026-08-24 13:48:00,high,low,1.16871,1.16552,DOWN,1045,31.90000000000026,355575,2026-08-24 05:05:00,2026-08-24 05:05:00,1.16635,1.1670251558441558,1.1676822846565196,DOWN,True
703,356469,356871,2026-08-24 20:13:00,2026-08-25 02:56:00,high,low,1.16708,1.1651,DOWN,402,19.799999999998708,356670,2026-08-24 23:34:00,2026-08-24 23:30:00,1.16597,1.1663780000000001,1.166428862196627,DOWN,True
704,356871,357665,2026-08-25 02:56:00,2026-08-25 16:10:00,low,high,1.1651,1.16795,UP,794,28.500000000000192,357268,2026-08-25 09:33:00,2026-08-25 09:30:00,1.16703,1.1664635064935065,1.1662289740847394,UP,True
707,358400,358761,2026-08-26 04:29:00,2026-08-26 10:30:00,high,low,1.16767,1.16419,DOWN,361,34.79999999999927,358580,2026-08-26 07:29:00,2026-08-26 07:25:00,1.16622,1.1666332012987013,1.166812058000823,DOWN,True
709,359131,359154,2026-08-26 16:41:00,2026-08-26 17:04:00,high,low,1.16548,1.16467,DOWN,23,8.099999999999774,359142,2026-08-26 16:52:00,2026-08-26 16:50:00,1.16531,1.1652277727272726,1.1656495976964216,DOWN,True
713,359813,360034,2026-08-27 04:08:00,2026-08-27 07:49:00,high,low,1.1658,1.16364,DOWN,221,21.599999999999397,359923,2026-08-27 05:58:00,2026-08-27 05:55:00,1.16408,1.1649464999999997,1.1653161501439742,DOWN,True
717,361597,362017,2026-08-28 10:00:00,2026-08-30 17:00:00,high,low,1.16589,1.15758,DOWN,420,83.10000000000039,361807,2026-08-28 13:30:00,2026-08-28 13:30:00,1.15838,1.1596826883116884,1.1628187716988891,DOWN,True
720,362611,363142,2026-08-31 02:57:00,2026-08-31 11:48:00,low,high,1.15846,1.16206,UP,531,36.000000000000476,362876,2026-08-31 07:22:00,2026-08-31 07:20:00,1.16012,1.1598418441558442,1.1592342192513372,UP,True
722,363574,363663,2026-08-31 19:04:00,2026-08-31 20:33:00,low,high,1.16125,1.16244,UP,89,11.900000000000244,363618,2026-08-31 19:48:00,2026-08-31 19:45:00,1.16164,1.1615757662337662,1.161133633895516,UP,True
723,363663,364124,2026-08-31 20:33:00,2026-09-01 04:16:00,high,low,1.16244,1.15878,DOWN,461,36.599999999999966,363893,2026-09-01 00:25:00,2026-09-01 00:25:00,1.16033,1.1608461883116887,1.161268124228713,DOWN,True
725,364482,364608,2026-09-01 10:14:00,2026-09-01 12:20:00,high,low,1.16081,1.15847,DOWN,126,23.399999999997867,364545,2026-09-01 11:17:00,2026-09-01 11:15:00,1.15945,1.15969512987013,1.159923201563143,DOWN,True
727,364966,365484,2026-09-01 18:20:00,2026-09-02 03:06:00,high,low,1.1596,1.15662,DOWN,518,29.799999999999827,365225,2026-09-01 22:46:00,2026-09-01 22:45:00,1.15815,1.1583410259740259,1.1588934261620734,DOWN,True
730,366212,367508,2026-09-02 15:14:00,2026-09-03 12:53:00,low,high,1.15827,1.16412,UP,1296,58.50000000000133,366860,2026-09-03 02:05:00,2026-09-03 02:05:00,1.15981,1.159642941558442,1.1590739399424101,UP,True
