period,depth,deviation,backstep,pivot_count,swing_count,median_swing_pips,median_bars,median_efficiency,mean_efficiency,deviation_pips
2025-09,350,200,40,44,43,42.50000000000087,399.0,0.12761506276150006,0.1456817332282535,20.0
2025-09,350,200,20,44,43,42.50000000000087,399.0,0.12761506276150006,0.1456817332282535,20.0
2025-09,350,225,40,44,43,42.50000000000087,399.0,0.12761506276150006,0.1456817332282535,22.5
2025-09,350,225,20,44,43,42.50000000000087,399.0,0.12761506276150006,0.1456817332282535,22.5
2025-09,350,250,20,44,43,42.50000000000087,399.0,0.12761506276150006,0.1456817332282535,25.0
2025-09,350,250,40,44,43,42.50000000000087,399.0,0.12761506276150006,0.1456817332282535,25.0
2025-09,350,100,20,44,43,42.50000000000087,399.0,0.12761506276150006,0.1456817332282535,10.0
2025-09,350,100,40,44,43,42.50000000000087,399.0,0.12761506276150006,0.1456817332282535,10.0
2025-09,350,75,40,44,43,42.50000000000087,399.0,0.12761506276150006,0.1456817332282535,7.5
2025-09,350,75,20,44,43,42.50000000000087,399.0,0.12761506276150006,0.1456817332282535,7.5
2025-09,350,125,40,44,43,42.50000000000087,399.0,0.12761506276150006,0.1456817332282535,12.5
2025-09,350,125,20,44,43,42.50000000000087,399.0,0.12761506276150006,0.1456817332282535,12.5
2025-09,350,150,20,44,43,42.50000000000087,399.0,0.12761506276150006,0.1456817332282535,15.0
2025-09,350,150,40,44,43,42.50000000000087,399.0,0.12761506276150006,0.1456817332282535,15.0
2025-09,350,175,20,44,43,42.50000000000087,399.0,0.12761506276150006,0.1456817332282535,17.5
2025-09,350,175,40,44,43,42.50000000000087,399.0,0.12761506276150006,0.1456817332282535,17.5
2025-09,350,25,20,44,43,42.50000000000087,399.0,0.12761506276150006,0.1456817332282535,2.5
2025-09,350,25,40,44,43,42.50000000000087,399.0,0.12761506276150006,0.1456817332282535,2.5
2025-09,350,50,20,44,43,42.50000000000087,399.0,0.12761506276150006,0.1456817332282535,5.0
2025-09,350,50,40,44,43,42.50000000000087,399.0,0.12761506276150006,0.1456817332282535,5.0
2025-09,350,75,80,44,43,42.50000000000087,399.0,0.12761506276150006,0.1456817332282535,7.5
2025-09,350,125,80,44,43,42.50000000000087,399.0,0.12761506276150006,0.1456817332282535,12.5
2025-09,350,150,80,44,43,42.50000000000087,399.0,0.12761506276150006,0.1456817332282535,15.0
2025-09,350,175,80,44,43,42.50000000000087,399.0,0.12761506276150006,0.1456817332282535,17.5
2025-09,350,50,80,44,43,42.50000000000087,399.0,0.12761506276150006,0.1456817332282535,5.0
2025-09,350,100,80,44,43,42.50000000000087,399.0,0.12761506276150006,0.1456817332282535,10.0
2025-09,350,200,80,44,43,42.50000000000087,399.0,0.12761506276150006,0.1456817332282535,20.0
2025-09,350,225,80,44,43,42.50000000000087,399.0,0.12761506276150006,0.1456817332282535,22.5
2025-09,350,250,80,44,43,42.50000000000087,399.0,0.12761506276150006,0.1456817332282535,25.0
2025-09,350,25,80,44,43,42.50000000000087,399.0,0.12761506276150006,0.1456817332282535,2.5
2025-09,350,100,60,44,43,42.50000000000087,399.0,0.12761506276150006,0.1456817332282535,10.0
2025-09,350,75,60,44,43,42.50000000000087,399.0,0.12761506276150006,0.1456817332282535,7.5
2025-09,350,50,60,44,43,42.50000000000087,399.0,0.12761506276150006,0.1456817332282535,5.0
2025-09,350,175,60,44,43,42.50000000000087,399.0,0.12761506276150006,0.1456817332282535,17.5
2025-09,350,200,60,44,43,42.50000000000087,399.0,0.12761506276150006,0.1456817332282535,20.0
2025-09,350,225,60,44,43,42.50000000000087,399.0,0.12761506276150006,0.1456817332282535,22.5
2025-09,350,125,60,44,43,42.50000000000087,399.0,0.12761506276150006,0.1456817332282535,12.5
2025-09,350,150,60,44,43,42.50000000000087,399.0,0.12761506276150006,0.1456817332282535,15.0
2025-09,350,25,60,44,43,42.50000000000087,399.0,0.12761506276150006,0.1456817332282535,2.5
2025-09,350,250,60,44,43,42.50000000000087,399.0,0.12761506276150006,0.1456817332282535,25.0
2025-10,350,200,40,62,61,42.40000000000021,429.0,0.11482132396016981,0.12918051593959493,20.0
2025-10,350,200,20,62,61,42.40000000000021,429.0,0.11482132396016981,0.12918051593959493,20.0
2025-10,350,225,40,62,61,42.40000000000021,429.0,0.11482132396016981,0.12918051593959493,22.5
2025-10,350,225,20,62,61,42.40000000000021,429.0,0.11482132396016981,0.12918051593959493,22.5
2025-10,350,250,20,62,61,42.40000000000021,429.0,0.11482132396016981,0.12918051593959493,25.0
2025-10,350,250,40,62,61,42.40000000000021,429.0,0.11482132396016981,0.12918051593959493,25.0
2025-10,350,100,20,62,61,42.40000000000021,429.0,0.11482132396016981,0.12918051593959493,10.0
2025-10,350,100,40,62,61,42.40000000000021,429.0,0.11482132396016981,0.12918051593959493,10.0
2025-10,350,75,40,62,61,42.40000000000021,429.0,0.11482132396016981,0.12918051593959493,7.5
2025-10,350,75,20,62,61,42.40000000000021,429.0,0.11482132396016981,0.12918051593959493,7.5
2025-10,350,125,40,62,61,42.40000000000021,429.0,0.11482132396016981,0.12918051593959493,12.5
2025-10,350,125,20,62,61,42.40000000000021,429.0,0.11482132396016981,0.12918051593959493,12.5
2025-10,350,150,20,62,61,42.40000000000021,429.0,0.11482132396016981,0.12918051593959493,15.0
2025-10,350,150,40,62,61,42.40000000000021,429.0,0.11482132396016981,0.12918051593959493,15.0
2025-10,350,175,20,62,61,42.40000000000021,429.0,0.11482132396016981,0.12918051593959493,17.5
2025-10,350,175,40,62,61,42.40000000000021,429.0,0.11482132396016981,0.12918051593959493,17.5
2025-10,350,25,20,62,61,42.40000000000021,429.0,0.11482132396016981,0.12918051593959493,2.5
2025-10,350,25,40,62,61,42.40000000000021,429.0,0.11482132396016981,0.12918051593959493,2.5
2025-10,350,50,20,62,61,42.40000000000021,429.0,0.11482132396016981,0.12918051593959493,5.0
2025-10,350,50,40,62,61,42.40000000000021,429.0,0.11482132396016981,0.12918051593959493,5.0
2025-10,350,75,80,62,61,42.40000000000021,429.0,0.11482132396016981,0.12918051593959493,7.5
2025-10,350,125,80,62,61,42.40000000000021,429.0,0.11482132396016981,0.12918051593959493,12.5
2025-10,350,150,80,62,61,42.40000000000021,429.0,0.11482132396016981,0.12918051593959493,15.0
2025-10,350,175,80,62,61,42.40000000000021,429.0,0.11482132396016981,0.12918051593959493,17.5
2025-10,350,50,80,62,61,42.40000000000021,429.0,0.11482132396016981,0.12918051593959493,5.0
2025-10,350,100,80,62,61,42.40000000000021,429.0,0.11482132396016981,0.12918051593959493,10.0
2025-10,350,200,80,62,61,42.40000000000021,429.0,0.11482132396016981,0.12918051593959493,20.0
2025-10,350,225,80,62,61,42.40000000000021,429.0,0.11482132396016981,0.12918051593959493,22.5
2025-10,350,250,80,62,61,42.40000000000021,429.0,0.11482132396016981,0.12918051593959493,25.0
2025-10,350,25,80,62,61,42.40000000000021,429.0,0.11482132396016981,0.12918051593959493,2.5
2025-10,350,100,60,62,61,42.40000000000021,429.0,0.11482132396016981,0.12918051593959493,10.0
2025-10,350,75,60,62,61,42.40000000000021,429.0,0.11482132396016981,0.12918051593959493,7.5
2025-10,350,50,60,62,61,42.40000000000021,429.0,0.11482132396016981,0.12918051593959493,5.0
2025-10,350,175,60,62,61,42.40000000000021,429.0,0.11482132396016981,0.12918051593959493,17.5
2025-10,350,200,60,62,61,42.40000000000021,429.0,0.11482132396016981,0.12918051593959493,20.0
2025-10,350,225,60,62,61,42.40000000000021,429.0,0.11482132396016981,0.12918051593959493,22.5
2025-10,350,125,60,62,61,42.40000000000021,429.0,0.11482132396016981,0.12918051593959493,12.5
2025-10,350,150,60,62,61,42.40000000000021,429.0,0.11482132396016981,0.12918051593959493,15.0
2025-10,350,25,60,62,61,42.40000000000021,429.0,0.11482132396016981,0.12918051593959493,2.5
2025-10,350,250,60,62,61,42.40000000000021,429.0,0.11482132396016981,0.12918051593959493,25.0
2025-11,350,200,40,64,63,31.89999999999804,399.0,0.1283422459893118,0.14120904482765304,20.0
2025-11,350,200,20,64,63,31.89999999999804,399.0,0.1283422459893118,0.14120904482765304,20.0
2025-11,350,225,40,64,63,31.89999999999804,399.0,0.1283422459893118,0.14120904482765304,22.5
2025-11,350,225,20,64,63,31.89999999999804,399.0,0.1283422459893118,0.14120904482765304,22.5
2025-11,350,250,20,64,63,31.89999999999804,399.0,0.1283422459893118,0.14120904482765304,25.0
2025-11,350,250,40,64,63,31.89999999999804,399.0,0.1283422459893118,0.14120904482765304,25.0
2025-11,350,100,20,64,63,31.89999999999804,399.0,0.1283422459893118,0.14120904482765304,10.0
2025-11,350,100,40,64,63,31.89999999999804,399.0,0.1283422459893118,0.14120904482765304,10.0
2025-11,350,75,40,64,63,31.89999999999804,399.0,0.1283422459893118,0.14120904482765304,7.5
2025-11,350,75,20,64,63,31.89999999999804,399.0,0.1283422459893118,0.14120904482765304,7.5
2025-11,350,125,40,64,63,31.89999999999804,399.0,0.1283422459893118,0.14120904482765304,12.5
2025-11,350,125,20,64,63,31.89999999999804,399.0,0.1283422459893118,0.14120904482765304,12.5
2025-11,350,150,20,64,63,31.89999999999804,399.0,0.1283422459893118,0.14120904482765304,15.0
2025-11,350,150,40,64,63,31.89999999999804,399.0,0.1283422459893118,0.14120904482765304,15.0
2025-11,350,175,20,64,63,31.89999999999804,399.0,0.1283422459893118,0.14120904482765304,17.5
2025-11,350,175,40,64,63,31.89999999999804,399.0,0.1283422459893118,0.14120904482765304,17.5
2025-11,350,25,20,64,63,31.89999999999804,399.0,0.1283422459893118,0.14120904482765304,2.5
2025-11,350,25,40,64,63,31.89999999999804,399.0,0.1283422459893118,0.14120904482765304,2.5
2025-11,350,50,20,64,63,31.89999999999804,399.0,0.1283422459893118,0.14120904482765304,5.0
2025-11,350,50,40,64,63,31.89999999999804,399.0,0.1283422459893118,0.14120904482765304,5.0
2025-11,350,75,80,64,63,31.89999999999804,399.0,0.1283422459893118,0.14120904482765304,7.5
2025-11,350,125,80,64,63,31.89999999999804,399.0,0.1283422459893118,0.14120904482765304,12.5
2025-11,350,150,80,64,63,31.89999999999804,399.0,0.1283422459893118,0.14120904482765304,15.0
2025-11,350,175,80,64,63,31.89999999999804,399.0,0.1283422459893118,0.14120904482765304,17.5
2025-11,350,50,80,64,63,31.89999999999804,399.0,0.1283422459893118,0.14120904482765304,5.0
2025-11,350,100,80,64,63,31.89999999999804,399.0,0.1283422459893118,0.14120904482765304,10.0
2025-11,350,200,80,64,63,31.89999999999804,399.0,0.1283422459893118,0.14120904482765304,20.0
2025-11,350,225,80,64,63,31.89999999999804,399.0,0.1283422459893118,0.14120904482765304,22.5
2025-11,350,250,80,64,63,31.89999999999804,399.0,0.1283422459893118,0.14120904482765304,25.0
2025-11,350,25,80,64,63,31.89999999999804,399.0,0.1283422459893118,0.14120904482765304,2.5
2025-11,350,100,60,64,63,31.89999999999804,399.0,0.1283422459893118,0.14120904482765304,10.0
2025-11,350,75,60,64,63,31.89999999999804,399.0,0.1283422459893118,0.14120904482765304,7.5
2025-11,350,50,60,64,63,31.89999999999804,399.0,0.1283422459893118,0.14120904482765304,5.0
2025-11,350,175,60,64,63,31.89999999999804,399.0,0.1283422459893118,0.14120904482765304,17.5
2025-11,350,200,60,64,63,31.89999999999804,399.0,0.1283422459893118,0.14120904482765304,20.0
2025-11,350,225,60,64,63,31.89999999999804,399.0,0.1283422459893118,0.14120904482765304,22.5
2025-11,350,125,60,64,63,31.89999999999804,399.0,0.1283422459893118,0.14120904482765304,12.5
2025-11,350,150,60,64,63,31.89999999999804,399.0,0.1283422459893118,0.14120904482765304,15.0
2025-11,350,25,60,64,63,31.89999999999804,399.0,0.1283422459893118,0.14120904482765304,2.5
2025-11,350,250,60,64,63,31.89999999999804,399.0,0.1283422459893118,0.14120904482765304,25.0
2025-12,350,200,40,65,64,31.95000000000059,330.5,0.12537826441388436,0.14129650756520576,20.0
2025-12,350,200,20,65,64,31.95000000000059,330.5,0.12537826441388436,0.14129650756520576,20.0
2025-12,350,225,40,65,64,31.95000000000059,330.5,0.12537826441388436,0.14129650756520576,22.5
2025-12,350,225,20,65,64,31.95000000000059,330.5,0.12537826441388436,0.14129650756520576,22.5
2025-12,350,250,20,65,64,31.95000000000059,330.5,0.12537826441388436,0.14129650756520576,25.0
2025-12,350,250,40,65,64,31.95000000000059,330.5,0.12537826441388436,0.14129650756520576,25.0
2025-12,350,100,20,65,64,31.95000000000059,330.5,0.12537826441388436,0.14129650756520576,10.0
2025-12,350,100,40,65,64,31.95000000000059,330.5,0.12537826441388436,0.14129650756520576,10.0
2025-12,350,75,40,65,64,31.95000000000059,330.5,0.12537826441388436,0.14129650756520576,7.5
2025-12,350,75,20,65,64,31.95000000000059,330.5,0.12537826441388436,0.14129650756520576,7.5
2025-12,350,125,40,65,64,31.95000000000059,330.5,0.12537826441388436,0.14129650756520576,12.5
2025-12,350,125,20,65,64,31.95000000000059,330.5,0.12537826441388436,0.14129650756520576,12.5
2025-12,350,150,20,65,64,31.95000000000059,330.5,0.12537826441388436,0.14129650756520576,15.0
2025-12,350,150,40,65,64,31.95000000000059,330.5,0.12537826441388436,0.14129650756520576,15.0
2025-12,350,175,20,65,64,31.95000000000059,330.5,0.12537826441388436,0.14129650756520576,17.5
2025-12,350,175,40,65,64,31.95000000000059,330.5,0.12537826441388436,0.14129650756520576,17.5
2025-12,350,25,20,65,64,31.95000000000059,330.5,0.12537826441388436,0.14129650756520576,2.5
2025-12,350,25,40,65,64,31.95000000000059,330.5,0.12537826441388436,0.14129650756520576,2.5
2025-12,350,50,20,65,64,31.95000000000059,330.5,0.12537826441388436,0.14129650756520576,5.0
2025-12,350,50,40,65,64,31.95000000000059,330.5,0.12537826441388436,0.14129650756520576,5.0
2025-12,350,75,80,65,64,31.95000000000059,330.5,0.12537826441388436,0.14129650756520576,7.5
2025-12,350,125,80,65,64,31.95000000000059,330.5,0.12537826441388436,0.14129650756520576,12.5
2025-12,350,150,80,65,64,31.95000000000059,330.5,0.12537826441388436,0.14129650756520576,15.0
2025-12,350,175,80,65,64,31.95000000000059,330.5,0.12537826441388436,0.14129650756520576,17.5
2025-12,350,50,80,65,64,31.95000000000059,330.5,0.12537826441388436,0.14129650756520576,5.0
2025-12,350,100,80,65,64,31.95000000000059,330.5,0.12537826441388436,0.14129650756520576,10.0
2025-12,350,200,80,65,64,31.95000000000059,330.5,0.12537826441388436,0.14129650756520576,20.0
2025-12,350,225,80,65,64,31.95000000000059,330.5,0.12537826441388436,0.14129650756520576,22.5
2025-12,350,250,80,65,64,31.95000000000059,330.5,0.12537826441388436,0.14129650756520576,25.0
2025-12,350,25,80,65,64,31.95000000000059,330.5,0.12537826441388436,0.14129650756520576,2.5
2025-12,350,100,60,65,64,31.95000000000059,330.5,0.12537826441388436,0.14129650756520576,10.0
2025-12,350,75,60,65,64,31.95000000000059,330.5,0.12537826441388436,0.14129650756520576,7.5
2025-12,350,50,60,65,64,31.95000000000059,330.5,0.12537826441388436,0.14129650756520576,5.0
2025-12,350,175,60,65,64,31.95000000000059,330.5,0.12537826441388436,0.14129650756520576,17.5
2025-12,350,200,60,65,64,31.95000000000059,330.5,0.12537826441388436,0.14129650756520576,20.0
2025-12,350,225,60,65,64,31.95000000000059,330.5,0.12537826441388436,0.14129650756520576,22.5
2025-12,350,125,60,65,64,31.95000000000059,330.5,0.12537826441388436,0.14129650756520576,12.5
2025-12,350,150,60,65,64,31.95000000000059,330.5,0.12537826441388436,0.14129650756520576,15.0
2025-12,350,25,60,65,64,31.95000000000059,330.5,0.12537826441388436,0.14129650756520576,2.5
2025-12,350,250,60,65,64,31.95000000000059,330.5,0.12537826441388436,0.14129650756520576,25.0
2026-01,350,200,40,60,59,44.99999999999948,389.0,0.12389752204955531,0.1644996326659989,20.0
2026-01,350,200,20,60,59,44.99999999999948,389.0,0.12389752204955531,0.1644996326659989,20.0
2026-01,350,225,40,60,59,44.99999999999948,389.0,0.12389752204955531,0.1644996326659989,22.5
2026-01,350,225,20,60,59,44.99999999999948,389.0,0.12389752204955531,0.1644996326659989,22.5
2026-01,350,250,20,60,59,44.99999999999948,389.0,0.12389752204955531,0.1644996326659989,25.0
2026-01,350,250,40,60,59,44.99999999999948,389.0,0.12389752204955531,0.1644996326659989,25.0
2026-01,350,100,20,60,59,44.99999999999948,389.0,0.12389752204955531,0.1644996326659989,10.0
2026-01,350,100,40,60,59,44.99999999999948,389.0,0.12389752204955531,0.1644996326659989,10.0
2026-01,350,75,40,60,59,44.99999999999948,389.0,0.12389752204955531,0.1644996326659989,7.5
2026-01,350,75,20,60,59,44.99999999999948,389.0,0.12389752204955531,0.1644996326659989,7.5
2026-01,350,125,40,60,59,44.99999999999948,389.0,0.12389752204955531,0.1644996326659989,12.5
2026-01,350,125,20,60,59,44.99999999999948,389.0,0.12389752204955531,0.1644996326659989,12.5
2026-01,350,150,20,60,59,44.99999999999948,389.0,0.12389752204955531,0.1644996326659989,15.0
2026-01,350,150,40,60,59,44.99999999999948,389.0,0.12389752204955531,0.1644996326659989,15.0
2026-01,350,175,20,60,59,44.99999999999948,389.0,0.12389752204955531,0.1644996326659989,17.5
2026-01,350,175,40,60,59,44.99999999999948,389.0,0.12389752204955531,0.1644996326659989,17.5
2026-01,350,25,20,60,59,44.99999999999948,389.0,0.12389752204955531,0.1644996326659989,2.5
2026-01,350,25,40,60,59,44.99999999999948,389.0,0.12389752204955531,0.1644996326659989,2.5
2026-01,350,50,20,60,59,44.99999999999948,389.0,0.12389752204955531,0.1644996326659989,5.0
2026-01,350,50,40,60,59,44.99999999999948,389.0,0.12389752204955531,0.1644996326659989,5.0
2026-01,350,75,80,60,59,44.99999999999948,389.0,0.12389752204955531,0.1644996326659989,7.5
2026-01,350,125,80,60,59,44.99999999999948,389.0,0.12389752204955531,0.1644996326659989,12.5
2026-01,350,150,80,60,59,44.99999999999948,389.0,0.12389752204955531,0.1644996326659989,15.0
2026-01,350,175,80,60,59,44.99999999999948,389.0,0.12389752204955531,0.1644996326659989,17.5
2026-01,350,50,80,60,59,44.99999999999948,389.0,0.12389752204955531,0.1644996326659989,5.0
2026-01,350,100,80,60,59,44.99999999999948,389.0,0.12389752204955531,0.1644996326659989,10.0
2026-01,350,200,80,60,59,44.99999999999948,389.0,0.12389752204955531,0.1644996326659989,20.0
2026-01,350,225,80,60,59,44.99999999999948,389.0,0.12389752204955531,0.1644996326659989,22.5
2026-01,350,250,80,60,59,44.99999999999948,389.0,0.12389752204955531,0.1644996326659989,25.0
2026-01,350,25,80,60,59,44.99999999999948,389.0,0.12389752204955531,0.1644996326659989,2.5
2026-01,350,100,60,60,59,44.99999999999948,389.0,0.12389752204955531,0.1644996326659989,10.0
2026-01,350,75,60,60,59,44.99999999999948,389.0,0.12389752204955531,0.1644996326659989,7.5
2026-01,350,50,60,60,59,44.99999999999948,389.0,0.12389752204955531,0.1644996326659989,5.0
2026-01,350,175,60,60,59,44.99999999999948,389.0,0.12389752204955531,0.1644996326659989,17.5
2026-01,350,200,60,60,59,44.99999999999948,389.0,0.12389752204955531,0.1644996326659989,20.0
2026-01,350,225,60,60,59,44.99999999999948,389.0,0.12389752204955531,0.1644996326659989,22.5
2026-01,350,125,60,60,59,44.99999999999948,389.0,0.12389752204955531,0.1644996326659989,12.5
2026-01,350,150,60,60,59,44.99999999999948,389.0,0.12389752204955531,0.1644996326659989,15.0
2026-01,350,25,60,60,59,44.99999999999948,389.0,0.12389752204955531,0.1644996326659989,2.5
2026-01,350,250,60,60,59,44.99999999999948,389.0,0.12389752204955531,0.1644996326659989,25.0
2026-02,350,200,40,64,63,36.200000000001786,375.0,0.10449129239228706,0.1336279106707349,20.0
2026-02,350,200,20,64,63,36.200000000001786,375.0,0.10449129239228706,0.1336279106707349,20.0
2026-02,350,225,40,64,63,36.200000000001786,375.0,0.10449129239228706,0.1336279106707349,22.5
2026-02,350,225,20,64,63,36.200000000001786,375.0,0.10449129239228706,0.1336279106707349,22.5
2026-02,350,250,20,64,63,36.200000000001786,375.0,0.10449129239228706,0.1336279106707349,25.0
2026-02,350,250,40,64,63,36.200000000001786,375.0,0.10449129239228706,0.1336279106707349,25.0
2026-02,350,100,20,64,63,36.200000000001786,375.0,0.10449129239228706,0.1336279106707349,10.0
2026-02,350,100,40,64,63,36.200000000001786,375.0,0.10449129239228706,0.1336279106707349,10.0
2026-02,350,75,40,64,63,36.200000000001786,375.0,0.10449129239228706,0.1336279106707349,7.5
2026-02,350,75,20,64,63,36.200000000001786,375.0,0.10449129239228706,0.1336279106707349,7.5
2026-02,350,125,40,64,63,36.200000000001786,375.0,0.10449129239228706,0.1336279106707349,12.5
2026-02,350,125,20,64,63,36.200000000001786,375.0,0.10449129239228706,0.1336279106707349,12.5
2026-02,350,150,20,64,63,36.200000000001786,375.0,0.10449129239228706,0.1336279106707349,15.0
2026-02,350,150,40,64,63,36.200000000001786,375.0,0.10449129239228706,0.1336279106707349,15.0
2026-02,350,175,20,64,63,36.200000000001786,375.0,0.10449129239228706,0.1336279106707349,17.5
2026-02,350,175,40,64,63,36.200000000001786,375.0,0.10449129239228706,0.1336279106707349,17.5
2026-02,350,25,20,64,63,36.200000000001786,375.0,0.10449129239228706,0.1336279106707349,2.5
2026-02,350,25,40,64,63,36.200000000001786,375.0,0.10449129239228706,0.1336279106707349,2.5
2026-02,350,50,20,64,63,36.200000000001786,375.0,0.10449129239228706,0.1336279106707349,5.0
2026-02,350,50,40,64,63,36.200000000001786,375.0,0.10449129239228706,0.1336279106707349,5.0
2026-02,350,75,80,60,59,36.49999999999931,396.0,0.1039880730525492,0.12302370984847223,7.5
2026-02,350,125,80,60,59,36.49999999999931,396.0,0.1039880730525492,0.12302370984847223,12.5
2026-02,350,150,80,60,59,36.49999999999931,396.0,0.1039880730525492,0.12302370984847223,15.0
2026-02,350,175,80,60,59,36.49999999999931,396.0,0.1039880730525492,0.12302370984847223,17.5
2026-02,350,50,80,60,59,36.49999999999931,396.0,0.1039880730525492,0.12302370984847223,5.0
2026-02,350,100,80,60,59,36.49999999999931,396.0,0.1039880730525492,0.12302370984847223,10.0
2026-02,350,200,80,60,59,36.49999999999931,396.0,0.1039880730525492,0.12302370984847223,20.0
2026-02,350,225,80,60,59,36.49999999999931,396.0,0.1039880730525492,0.12302370984847223,22.5
2026-02,350,250,80,60,59,36.49999999999931,396.0,0.1039880730525492,0.12302370984847223,25.0
2026-02,350,25,80,60,59,36.49999999999931,396.0,0.1039880730525492,0.12302370984847223,2.5
2026-02,350,100,60,60,59,36.49999999999931,396.0,0.1039880730525492,0.12302370984847223,10.0
2026-02,350,75,60,60,59,36.49999999999931,396.0,0.1039880730525492,0.12302370984847223,7.5
2026-02,350,50,60,60,59,36.49999999999931,396.0,0.1039880730525492,0.12302370984847223,5.0
2026-02,350,175,60,60,59,36.49999999999931,396.0,0.1039880730525492,0.12302370984847223,17.5
2026-02,350,200,60,60,59,36.49999999999931,396.0,0.1039880730525492,0.12302370984847223,20.0
2026-02,350,225,60,60,59,36.49999999999931,396.0,0.1039880730525492,0.12302370984847223,22.5
2026-02,350,125,60,60,59,36.49999999999931,396.0,0.1039880730525492,0.12302370984847223,12.5
2026-02,350,150,60,60,59,36.49999999999931,396.0,0.1039880730525492,0.12302370984847223,15.0
2026-02,350,25,60,60,59,36.49999999999931,396.0,0.1039880730525492,0.12302370984847223,2.5
2026-02,350,250,60,60,59,36.49999999999931,396.0,0.1039880730525492,0.12302370984847223,25.0
2026-03,350,200,40,64,63,56.59999999999998,399.0,0.12406382285900111,0.15132913116030738,20.0
2026-03,350,200,20,64,63,56.59999999999998,399.0,0.12406382285900111,0.15132913116030738,20.0
2026-03,350,225,40,64,63,56.59999999999998,399.0,0.12406382285900111,0.15132913116030738,22.5
2026-03,350,225,20,64,63,56.59999999999998,399.0,0.12406382285900111,0.15132913116030738,22.5
2026-03,350,250,20,64,63,56.59999999999998,399.0,0.12406382285900111,0.15132913116030738,25.0
2026-03,350,250,40,64,63,56.59999999999998,399.0,0.12406382285900111,0.15132913116030738,25.0
2026-03,350,100,20,64,63,56.59999999999998,399.0,0.12406382285900111,0.15132913116030738,10.0
2026-03,350,100,40,64,63,56.59999999999998,399.0,0.12406382285900111,0.15132913116030738,10.0
2026-03,350,75,40,64,63,56.59999999999998,399.0,0.12406382285900111,0.15132913116030738,7.5
2026-03,350,75,20,64,63,56.59999999999998,399.0,0.12406382285900111,0.15132913116030738,7.5
2026-03,350,125,40,64,63,56.59999999999998,399.0,0.12406382285900111,0.15132913116030738,12.5
2026-03,350,125,20,64,63,56.59999999999998,399.0,0.12406382285900111,0.15132913116030738,12.5
2026-03,350,150,20,64,63,56.59999999999998,399.0,0.12406382285900111,0.15132913116030738,15.0
2026-03,350,150,40,64,63,56.59999999999998,399.0,0.12406382285900111,0.15132913116030738,15.0
2026-03,350,175,20,64,63,56.59999999999998,399.0,0.12406382285900111,0.15132913116030738,17.5
2026-03,350,175,40,64,63,56.59999999999998,399.0,0.12406382285900111,0.15132913116030738,17.5
2026-03,350,25,20,64,63,56.59999999999998,399.0,0.12406382285900111,0.15132913116030738,2.5
2026-03,350,25,40,64,63,56.59999999999998,399.0,0.12406382285900111,0.15132913116030738,2.5
2026-03,350,50,20,64,63,56.59999999999998,399.0,0.12406382285900111,0.15132913116030738,5.0
2026-03,350,50,40,64,63,56.59999999999998,399.0,0.12406382285900111,0.15132913116030738,5.0
2026-03,350,75,80,64,63,56.59999999999998,399.0,0.12406382285900111,0.15132913116030738,7.5
2026-03,350,125,80,64,63,56.59999999999998,399.0,0.12406382285900111,0.15132913116030738,12.5
2026-03,350,150,80,64,63,56.59999999999998,399.0,0.12406382285900111,0.15132913116030738,15.0
2026-03,350,175,80,64,63,56.59999999999998,399.0,0.12406382285900111,0.15132913116030738,17.5
2026-03,350,50,80,64,63,56.59999999999998,399.0,0.12406382285900111,0.15132913116030738,5.0
2026-03,350,100,80,64,63,56.59999999999998,399.0,0.12406382285900111,0.15132913116030738,10.0
2026-03,350,200,80,64,63,56.59999999999998,399.0,0.12406382285900111,0.15132913116030738,20.0
2026-03,350,225,80,64,63,56.59999999999998,399.0,0.12406382285900111,0.15132913116030738,22.5
2026-03,350,250,80,64,63,56.59999999999998,399.0,0.12406382285900111,0.15132913116030738,25.0
2026-03,350,25,80,64,63,56.59999999999998,399.0,0.12406382285900111,0.15132913116030738,2.5
2026-03,350,100,60,64,63,56.59999999999998,399.0,0.12406382285900111,0.15132913116030738,10.0
2026-03,350,75,60,64,63,56.59999999999998,399.0,0.12406382285900111,0.15132913116030738,7.5
2026-03,350,50,60,64,63,56.59999999999998,399.0,0.12406382285900111,0.15132913116030738,5.0
2026-03,350,175,60,64,63,56.59999999999998,399.0,0.12406382285900111,0.15132913116030738,17.5
2026-03,350,200,60,64,63,56.59999999999998,399.0,0.12406382285900111,0.15132913116030738,20.0
2026-03,350,225,60,64,63,56.59999999999998,399.0,0.12406382285900111,0.15132913116030738,22.5
2026-03,350,125,60,64,63,56.59999999999998,399.0,0.12406382285900111,0.15132913116030738,12.5
2026-03,350,150,60,64,63,56.59999999999998,399.0,0.12406382285900111,0.15132913116030738,15.0
2026-03,350,25,60,64,63,56.59999999999998,399.0,0.12406382285900111,0.15132913116030738,2.5
2026-03,350,250,60,64,63,56.59999999999998,399.0,0.12406382285900111,0.15132913116030738,25.0
2026-04,350,200,40,57,56,37.15000000000023,453.5,0.10837000460918493,0.1564876411647689,20.0
2026-04,350,200,20,57,56,37.15000000000023,453.5,0.10837000460918493,0.1564876411647689,20.0
2026-04,350,225,40,57,56,37.15000000000023,453.5,0.10837000460918493,0.1564876411647689,22.5
2026-04,350,225,20,57,56,37.15000000000023,453.5,0.10837000460918493,0.1564876411647689,22.5
2026-04,350,250,20,57,56,37.15000000000023,453.5,0.10837000460918493,0.1564876411647689,25.0
2026-04,350,250,40,57,56,37.15000000000023,453.5,0.10837000460918493,0.1564876411647689,25.0
2026-04,350,100,20,57,56,37.15000000000023,453.5,0.10837000460918493,0.1564876411647689,10.0
2026-04,350,100,40,57,56,37.15000000000023,453.5,0.10837000460918493,0.1564876411647689,10.0
2026-04,350,75,40,57,56,37.15000000000023,453.5,0.10837000460918493,0.1564876411647689,7.5
2026-04,350,75,20,57,56,37.15000000000023,453.5,0.10837000460918493,0.1564876411647689,7.5
2026-04,350,125,40,57,56,37.15000000000023,453.5,0.10837000460918493,0.1564876411647689,12.5
2026-04,350,125,20,57,56,37.15000000000023,453.5,0.10837000460918493,0.1564876411647689,12.5
2026-04,350,150,20,57,56,37.15000000000023,453.5,0.10837000460918493,0.1564876411647689,15.0
2026-04,350,150,40,57,56,37.15000000000023,453.5,0.10837000460918493,0.1564876411647689,15.0
2026-04,350,175,20,57,56,37.15000000000023,453.5,0.10837000460918493,0.1564876411647689,17.5
2026-04,350,175,40,57,56,37.15000000000023,453.5,0.10837000460918493,0.1564876411647689,17.5
2026-04,350,25,20,57,56,37.15000000000023,453.5,0.10837000460918493,0.1564876411647689,2.5
2026-04,350,25,40,57,56,37.15000000000023,453.5,0.10837000460918493,0.1564876411647689,2.5
2026-04,350,50,20,57,56,37.15000000000023,453.5,0.10837000460918493,0.1564876411647689,5.0
2026-04,350,50,40,57,56,37.15000000000023,453.5,0.10837000460918493,0.1564876411647689,5.0
2026-04,350,75,80,55,54,40.20000000000023,460.5,0.10623874090960424,0.14528660055005949,7.5
2026-04,350,125,80,55,54,40.20000000000023,460.5,0.10623874090960424,0.14528660055005949,12.5
2026-04,350,150,80,55,54,40.20000000000023,460.5,0.10623874090960424,0.14528660055005949,15.0
2026-04,350,175,80,55,54,40.20000000000023,460.5,0.10623874090960424,0.14528660055005949,17.5
2026-04,350,50,80,55,54,40.20000000000023,460.5,0.10623874090960424,0.14528660055005949,5.0
2026-04,350,100,80,55,54,40.20000000000023,460.5,0.10623874090960424,0.14528660055005949,10.0
2026-04,350,200,80,55,54,40.20000000000023,460.5,0.10623874090960424,0.14528660055005949,20.0
2026-04,350,225,80,55,54,40.20000000000023,460.5,0.10623874090960424,0.14528660055005949,22.5
2026-04,350,250,80,55,54,40.20000000000023,460.5,0.10623874090960424,0.14528660055005949,25.0
2026-04,350,25,80,55,54,40.20000000000023,460.5,0.10623874090960424,0.14528660055005949,2.5
2026-04,350,100,60,57,56,37.15000000000023,447.0,0.10723272255333632,0.14910928964092993,10.0
2026-04,350,75,60,57,56,37.15000000000023,447.0,0.10723272255333632,0.14910928964092993,7.5
2026-04,350,50,60,57,56,37.15000000000023,447.0,0.10723272255333632,0.14910928964092993,5.0
2026-04,350,175,60,57,56,37.15000000000023,447.0,0.10723272255333632,0.14910928964092993,17.5
2026-04,350,200,60,57,56,37.15000000000023,447.0,0.10723272255333632,0.14910928964092993,20.0
2026-04,350,225,60,57,56,37.15000000000023,447.0,0.10723272255333632,0.14910928964092993,22.5
2026-04,350,125,60,57,56,37.15000000000023,447.0,0.10723272255333632,0.14910928964092993,12.5
2026-04,350,150,60,57,56,37.15000000000023,447.0,0.10723272255333632,0.14910928964092993,15.0
2026-04,350,25,60,57,56,37.15000000000023,447.0,0.10723272255333632,0.14910928964092993,2.5
2026-04,350,250,60,57,56,37.15000000000023,447.0,0.10723272255333632,0.14910928964092993,25.0
2026-05,350,200,40,51,50,37.800000000000054,398.0,0.11327720316464798,0.17378231018467682,20.0
2026-05,350,200,20,51,50,37.800000000000054,398.0,0.11327720316464798,0.17378231018467682,20.0
2026-05,350,225,40,51,50,37.800000000000054,398.0,0.11327720316464798,0.17378231018467682,22.5
2026-05,350,225,20,51,50,37.800000000000054,398.0,0.11327720316464798,0.17378231018467682,22.5
2026-05,350,250,20,51,50,37.800000000000054,398.0,0.11327720316464798,0.17378231018467682,25.0
2026-05,350,250,40,51,50,37.800000000000054,398.0,0.11327720316464798,0.17378231018467682,25.0
2026-05,350,100,20,51,50,37.800000000000054,398.0,0.11327720316464798,0.17378231018467682,10.0
2026-05,350,100,40,51,50,37.800000000000054,398.0,0.11327720316464798,0.17378231018467682,10.0
2026-05,350,75,40,51,50,37.800000000000054,398.0,0.11327720316464798,0.17378231018467682,7.5
2026-05,350,75,20,51,50,37.800000000000054,398.0,0.11327720316464798,0.17378231018467682,7.5
2026-05,350,125,40,51,50,37.800000000000054,398.0,0.11327720316464798,0.17378231018467682,12.5
2026-05,350,125,20,51,50,37.800000000000054,398.0,0.11327720316464798,0.17378231018467682,12.5
2026-05,350,150,20,51,50,37.800000000000054,398.0,0.11327720316464798,0.17378231018467682,15.0
2026-05,350,150,40,51,50,37.800000000000054,398.0,0.11327720316464798,0.17378231018467682,15.0
2026-05,350,175,20,51,50,37.800000000000054,398.0,0.11327720316464798,0.17378231018467682,17.5
2026-05,350,175,40,51,50,37.800000000000054,398.0,0.11327720316464798,0.17378231018467682,17.5
2026-05,350,25,20,51,50,37.800000000000054,398.0,0.11327720316464798,0.17378231018467682,2.5
2026-05,350,25,40,51,50,37.800000000000054,398.0,0.11327720316464798,0.17378231018467682,2.5
2026-05,350,50,20,51,50,37.800000000000054,398.0,0.11327720316464798,0.17378231018467682,5.0
2026-05,350,50,40,51,50,37.800000000000054,398.0,0.11327720316464798,0.17378231018467682,5.0
2026-05,350,75,80,51,50,37.800000000000054,398.0,0.11327720316464798,0.17378231018467682,7.5
2026-05,350,125,80,51,50,37.800000000000054,398.0,0.11327720316464798,0.17378231018467682,12.5
2026-05,350,150,80,51,50,37.800000000000054,398.0,0.11327720316464798,0.17378231018467682,15.0
2026-05,350,175,80,51,50,37.800000000000054,398.0,0.11327720316464798,0.17378231018467682,17.5
2026-05,350,50,80,51,50,37.800000000000054,398.0,0.11327720316464798,0.17378231018467682,5.0
2026-05,350,100,80,51,50,37.800000000000054,398.0,0.11327720316464798,0.17378231018467682,10.0
2026-05,350,200,80,51,50,37.800000000000054,398.0,0.11327720316464798,0.17378231018467682,20.0
2026-05,350,225,80,51,50,37.800000000000054,398.0,0.11327720316464798,0.17378231018467682,22.5
2026-05,350,250,80,51,50,37.800000000000054,398.0,0.11327720316464798,0.17378231018467682,25.0
2026-05,350,25,80,51,50,37.800000000000054,398.0,0.11327720316464798,0.17378231018467682,2.5
2026-05,350,100,60,51,50,37.800000000000054,398.0,0.11327720316464798,0.17378231018467682,10.0
2026-05,350,75,60,51,50,37.800000000000054,398.0,0.11327720316464798,0.17378231018467682,7.5
2026-05,350,50,60,51,50,37.800000000000054,398.0,0.11327720316464798,0.17378231018467682,5.0
2026-05,350,175,60,51,50,37.800000000000054,398.0,0.11327720316464798,0.17378231018467682,17.5
2026-05,350,200,60,51,50,37.800000000000054,398.0,0.11327720316464798,0.17378231018467682,20.0
2026-05,350,225,60,51,50,37.800000000000054,398.0,0.11327720316464798,0.17378231018467682,22.5
2026-05,350,125,60,51,50,37.800000000000054,398.0,0.11327720316464798,0.17378231018467682,12.5
2026-05,350,150,60,51,50,37.800000000000054,398.0,0.11327720316464798,0.17378231018467682,15.0
2026-05,350,25,60,51,50,37.800000000000054,398.0,0.11327720316464798,0.17378231018467682,2.5
2026-05,350,250,60,51,50,37.800000000000054,398.0,0.11327720316464798,0.17378231018467682,25.0
2026-06,350,200,40,64,63,37.00000000000036,397.0,0.13012410680706685,0.1488387483439924,20.0
2026-06,350,200,20,64,63,37.00000000000036,397.0,0.13012410680706685,0.1488387483439924,20.0
2026-06,350,225,40,64,63,37.00000000000036,397.0,0.13012410680706685,0.1488387483439924,22.5
2026-06,350,225,20,64,63,37.00000000000036,397.0,0.13012410680706685,0.1488387483439924,22.5
2026-06,350,250,20,64,63,37.00000000000036,397.0,0.13012410680706685,0.1488387483439924,25.0
2026-06,350,250,40,64,63,37.00000000000036,397.0,0.13012410680706685,0.1488387483439924,25.0
2026-06,350,100,20,64,63,37.00000000000036,397.0,0.13012410680706685,0.1488387483439924,10.0
2026-06,350,100,40,64,63,37.00000000000036,397.0,0.13012410680706685,0.1488387483439924,10.0
2026-06,350,75,40,64,63,37.00000000000036,397.0,0.13012410680706685,0.1488387483439924,7.5
2026-06,350,75,20,64,63,37.00000000000036,397.0,0.13012410680706685,0.1488387483439924,7.5
2026-06,350,125,40,64,63,37.00000000000036,397.0,0.13012410680706685,0.1488387483439924,12.5
2026-06,350,125,20,64,63,37.00000000000036,397.0,0.13012410680706685,0.1488387483439924,12.5
2026-06,350,150,20,64,63,37.00000000000036,397.0,0.13012410680706685,0.1488387483439924,15.0
2026-06,350,150,40,64,63,37.00000000000036,397.0,0.13012410680706685,0.1488387483439924,15.0
2026-06,350,175,20,64,63,37.00000000000036,397.0,0.13012410680706685,0.1488387483439924,17.5
2026-06,350,175,40,64,63,37.00000000000036,397.0,0.13012410680706685,0.1488387483439924,17.5
2026-06,350,25,20,64,63,37.00000000000036,397.0,0.13012410680706685,0.1488387483439924,2.5
2026-06,350,25,40,64,63,37.00000000000036,397.0,0.13012410680706685,0.1488387483439924,2.5
2026-06,350,50,20,64,63,37.00000000000036,397.0,0.13012410680706685,0.1488387483439924,5.0
2026-06,350,50,40,64,63,37.00000000000036,397.0,0.13012410680706685,0.1488387483439924,5.0
2026-06,350,75,80,64,63,37.00000000000036,397.0,0.13012410680706685,0.1488387483439924,7.5
2026-06,350,125,80,64,63,37.00000000000036,397.0,0.13012410680706685,0.1488387483439924,12.5
2026-06,350,150,80,64,63,37.00000000000036,397.0,0.13012410680706685,0.1488387483439924,15.0
2026-06,350,175,80,64,63,37.00000000000036,397.0,0.13012410680706685,0.1488387483439924,17.5
2026-06,350,50,80,64,63,37.00000000000036,397.0,0.13012410680706685,0.1488387483439924,5.0
2026-06,350,100,80,64,63,37.00000000000036,397.0,0.13012410680706685,0.1488387483439924,10.0
2026-06,350,200,80,64,63,37.00000000000036,397.0,0.13012410680706685,0.1488387483439924,20.0
2026-06,350,225,80,64,63,37.00000000000036,397.0,0.13012410680706685,0.1488387483439924,22.5
2026-06,350,250,80,64,63,37.00000000000036,397.0,0.13012410680706685,0.1488387483439924,25.0
2026-06,350,25,80,64,63,37.00000000000036,397.0,0.13012410680706685,0.1488387483439924,2.5
2026-06,350,100,60,64,63,37.00000000000036,397.0,0.13012410680706685,0.1488387483439924,10.0
2026-06,350,75,60,64,63,37.00000000000036,397.0,0.13012410680706685,0.1488387483439924,7.5
2026-06,350,50,60,64,63,37.00000000000036,397.0,0.13012410680706685,0.1488387483439924,5.0
2026-06,350,175,60,64,63,37.00000000000036,397.0,0.13012410680706685,0.1488387483439924,17.5
2026-06,350,200,60,64,63,37.00000000000036,397.0,0.13012410680706685,0.1488387483439924,20.0
2026-06,350,225,60,64,63,37.00000000000036,397.0,0.13012410680706685,0.1488387483439924,22.5
2026-06,350,125,60,64,63,37.00000000000036,397.0,0.13012410680706685,0.1488387483439924,12.5
2026-06,350,150,60,64,63,37.00000000000036,397.0,0.13012410680706685,0.1488387483439924,15.0
2026-06,350,25,60,64,63,37.00000000000036,397.0,0.13012410680706685,0.1488387483439924,2.5
2026-06,350,250,60,64,63,37.00000000000036,397.0,0.13012410680706685,0.1488387483439924,25.0
2026-07,350,200,40,66,65,32.69999999999884,413.0,0.12369597615498204,0.1351132661635907,20.0
2026-07,350,200,20,66,65,32.69999999999884,413.0,0.12369597615498204,0.1351132661635907,20.0
2026-07,350,225,40,66,65,32.69999999999884,413.0,0.12369597615498204,0.1351132661635907,22.5
2026-07,350,225,20,66,65,32.69999999999884,413.0,0.12369597615498204,0.1351132661635907,22.5
2026-07,350,250,20,66,65,32.69999999999884,413.0,0.12369597615498204,0.1351132661635907,25.0
2026-07,350,250,40,66,65,32.69999999999884,413.0,0.12369597615498204,0.1351132661635907,25.0
2026-07,350,100,20,66,65,32.69999999999884,413.0,0.12369597615498204,0.1351132661635907,10.0
2026-07,350,100,40,66,65,32.69999999999884,413.0,0.12369597615498204,0.1351132661635907,10.0
2026-07,350,75,40,66,65,32.69999999999884,413.0,0.12369597615498204,0.1351132661635907,7.5
2026-07,350,75,20,66,65,32.69999999999884,413.0,0.12369597615498204,0.1351132661635907,7.5
2026-07,350,125,40,66,65,32.69999999999884,413.0,0.12369597615498204,0.1351132661635907,12.5
2026-07,350,125,20,66,65,32.69999999999884,413.0,0.12369597615498204,0.1351132661635907,12.5
2026-07,350,150,20,66,65,32.69999999999884,413.0,0.12369597615498204,0.1351132661635907,15.0
2026-07,350,150,40,66,65,32.69999999999884,413.0,0.12369597615498204,0.1351132661635907,15.0
2026-07,350,175,20,66,65,32.69999999999884,413.0,0.12369597615498204,0.1351132661635907,17.5
2026-07,350,175,40,66,65,32.69999999999884,413.0,0.12369597615498204,0.1351132661635907,17.5
2026-07,350,25,20,66,65,32.69999999999884,413.0,0.12369597615498204,0.1351132661635907,2.5
2026-07,350,25,40,66,65,32.69999999999884,413.0,0.12369597615498204,0.1351132661635907,2.5
2026-07,350,50,20,66,65,32.69999999999884,413.0,0.12369597615498204,0.1351132661635907,5.0
2026-07,350,50,40,66,65,32.69999999999884,413.0,0.12369597615498204,0.1351132661635907,5.0
2026-07,350,75,80,66,65,32.69999999999884,413.0,0.12369597615498204,0.1351132661635907,7.5
2026-07,350,125,80,66,65,32.69999999999884,413.0,0.12369597615498204,0.1351132661635907,12.5
2026-07,350,150,80,66,65,32.69999999999884,413.0,0.12369597615498204,0.1351132661635907,15.0
2026-07,350,175,80,66,65,32.69999999999884,413.0,0.12369597615498204,0.1351132661635907,17.5
2026-07,350,50,80,66,65,32.69999999999884,413.0,0.12369597615498204,0.1351132661635907,5.0
2026-07,350,100,80,66,65,32.69999999999884,413.0,0.12369597615498204,0.1351132661635907,10.0
2026-07,350,200,80,66,65,32.69999999999884,413.0,0.12369597615498204,0.1351132661635907,20.0
2026-07,350,225,80,66,65,32.69999999999884,413.0,0.12369597615498204,0.1351132661635907,22.5
2026-07,350,250,80,66,65,32.69999999999884,413.0,0.12369597615498204,0.1351132661635907,25.0
2026-07,350,25,80,66,65,32.69999999999884,413.0,0.12369597615498204,0.1351132661635907,2.5
2026-07,350,100,60,66,65,32.69999999999884,413.0,0.12369597615498204,0.1351132661635907,10.0
2026-07,350,75,60,66,65,32.69999999999884,413.0,0.12369597615498204,0.1351132661635907,7.5
2026-07,350,50,60,66,65,32.69999999999884,413.0,0.12369597615498204,0.1351132661635907,5.0
2026-07,350,175,60,66,65,32.69999999999884,413.0,0.12369597615498204,0.1351132661635907,17.5
2026-07,350,200,60,66,65,32.69999999999884,413.0,0.12369597615498204,0.1351132661635907,20.0
2026-07,350,225,60,66,65,32.69999999999884,413.0,0.12369597615498204,0.1351132661635907,22.5
2026-07,350,125,60,66,65,32.69999999999884,413.0,0.12369597615498204,0.1351132661635907,12.5
2026-07,350,150,60,66,65,32.69999999999884,413.0,0.12369597615498204,0.1351132661635907,15.0
2026-07,350,25,60,66,65,32.69999999999884,413.0,0.12369597615498204,0.1351132661635907,2.5
2026-07,350,250,60,66,65,32.69999999999884,413.0,0.12369597615498204,0.1351132661635907,25.0
2026-08,350,200,40,68,67,19.700000000000273,378.0,0.11248454882571374,0.14132993613534564,20.0
2026-08,350,200,20,68,67,19.700000000000273,378.0,0.11248454882571374,0.14132993613534564,20.0
2026-08,350,225,40,68,67,19.700000000000273,378.0,0.11248454882571374,0.14132993613534564,22.5
2026-08,350,225,20,68,67,19.700000000000273,378.0,0.11248454882571374,0.14132993613534564,22.5
2026-08,350,250,20,68,67,19.700000000000273,378.0,0.11248454882571374,0.14132993613534564,25.0
2026-08,350,250,40,68,67,19.700000000000273,378.0,0.11248454882571374,0.14132993613534564,25.0
2026-08,350,100,20,68,67,19.700000000000273,378.0,0.11248454882571374,0.14132993613534564,10.0
2026-08,350,100,40,68,67,19.700000000000273,378.0,0.11248454882571374,0.14132993613534564,10.0
2026-08,350,75,40,68,67,19.700000000000273,378.0,0.11248454882571374,0.14132993613534564,7.5
2026-08,350,75,20,68,67,19.700000000000273,378.0,0.11248454882571374,0.14132993613534564,7.5
2026-08,350,125,40,68,67,19.700000000000273,378.0,0.11248454882571374,0.14132993613534564,12.5
2026-08,350,125,20,68,67,19.700000000000273,378.0,0.11248454882571374,0.14132993613534564,12.5
2026-08,350,150,20,68,67,19.700000000000273,378.0,0.11248454882571374,0.14132993613534564,15.0
2026-08,350,150,40,68,67,19.700000000000273,378.0,0.11248454882571374,0.14132993613534564,15.0
2026-08,350,175,20,68,67,19.700000000000273,378.0,0.11248454882571374,0.14132993613534564,17.5
2026-08,350,175,40,68,67,19.700000000000273,378.0,0.11248454882571374,0.14132993613534564,17.5
2026-08,350,25,20,68,67,19.700000000000273,378.0,0.11248454882571374,0.14132993613534564,2.5
2026-08,350,25,40,68,67,19.700000000000273,378.0,0.11248454882571374,0.14132993613534564,2.5
2026-08,350,50,20,68,67,19.700000000000273,378.0,0.11248454882571374,0.14132993613534564,5.0
2026-08,350,50,40,68,67,19.700000000000273,378.0,0.11248454882571374,0.14132993613534564,5.0
2026-08,350,75,80,68,67,19.700000000000273,378.0,0.11248454882571374,0.1398055907111325,7.5
2026-08,350,125,80,68,67,19.700000000000273,378.0,0.11248454882571374,0.1398055907111325,12.5
2026-08,350,150,80,68,67,19.700000000000273,378.0,0.11248454882571374,0.1398055907111325,15.0
2026-08,350,175,80,68,67,19.700000000000273,378.0,0.11248454882571374,0.1398055907111325,17.5
2026-08,350,50,80,68,67,19.700000000000273,378.0,0.11248454882571374,0.1398055907111325,5.0
2026-08,350,100,80,68,67,19.700000000000273,378.0,0.11248454882571374,0.1398055907111325,10.0
2026-08,350,200,80,68,67,19.700000000000273,378.0,0.11248454882571374,0.1398055907111325,20.0
2026-08,350,225,80,68,67,19.700000000000273,378.0,0.11248454882571374,0.1398055907111325,22.5
2026-08,350,250,80,68,67,19.700000000000273,378.0,0.11248454882571374,0.1398055907111325,25.0
2026-08,350,25,80,68,67,19.700000000000273,378.0,0.11248454882571374,0.1398055907111325,2.5
2026-08,350,100,60,68,67,19.700000000000273,378.0,0.11248454882571374,0.1398055907111325,10.0
2026-08,350,75,60,68,67,19.700000000000273,378.0,0.11248454882571374,0.1398055907111325,7.5
2026-08,350,50,60,68,67,19.700000000000273,378.0,0.11248454882571374,0.1398055907111325,5.0
2026-08,350,175,60,68,67,19.700000000000273,378.0,0.11248454882571374,0.1398055907111325,17.5
2026-08,350,200,60,68,67,19.700000000000273,378.0,0.11248454882571374,0.1398055907111325,20.0
2026-08,350,225,60,68,67,19.700000000000273,378.0,0.11248454882571374,0.1398055907111325,22.5
2026-08,350,125,60,68,67,19.700000000000273,378.0,0.11248454882571374,0.1398055907111325,12.5
2026-08,350,150,60,68,67,19.700000000000273,378.0,0.11248454882571374,0.1398055907111325,15.0
2026-08,350,25,60,68,67,19.700000000000273,378.0,0.11248454882571374,0.1398055907111325,2.5
2026-08,350,250,60,68,67,19.700000000000273,378.0,0.11248454882571374,0.1398055907111325,25.0
2026-09,350,200,40,9,8,28.100000000000904,369.5,0.08830624992544422,0.11145199401590529,20.0
2026-09,350,200,20,9,8,28.100000000000904,369.5,0.08830624992544422,0.11145199401590529,20.0
2026-09,350,225,40,9,8,28.100000000000904,369.5,0.08830624992544422,0.11145199401590529,22.5
2026-09,350,225,20,9,8,28.100000000000904,369.5,0.08830624992544422,0.11145199401590529,22.5
2026-09,350,250,20,9,8,28.100000000000904,369.5,0.08830624992544422,0.11145199401590529,25.0
2026-09,350,250,40,9,8,28.100000000000904,369.5,0.08830624992544422,0.11145199401590529,25.0
2026-09,350,100,20,9,8,28.100000000000904,369.5,0.08830624992544422,0.11145199401590529,10.0
2026-09,350,100,40,9,8,28.100000000000904,369.5,0.08830624992544422,0.11145199401590529,10.0
2026-09,350,75,40,9,8,28.100000000000904,369.5,0.08830624992544422,0.11145199401590529,7.5
2026-09,350,75,20,9,8,28.100000000000904,369.5,0.08830624992544422,0.11145199401590529,7.5
2026-09,350,125,40,9,8,28.100000000000904,369.5,0.08830624992544422,0.11145199401590529,12.5
2026-09,350,125,20,9,8,28.100000000000904,369.5,0.08830624992544422,0.11145199401590529,12.5
2026-09,350,150,20,9,8,28.100000000000904,369.5,0.08830624992544422,0.11145199401590529,15.0
2026-09,350,150,40,9,8,28.100000000000904,369.5,0.08830624992544422,0.11145199401590529,15.0
2026-09,350,175,20,9,8,28.100000000000904,369.5,0.08830624992544422,0.11145199401590529,17.5
2026-09,350,175,40,9,8,28.100000000000904,369.5,0.08830624992544422,0.11145199401590529,17.5
2026-09,350,25,20,9,8,28.100000000000904,369.5,0.08830624992544422,0.11145199401590529,2.5
2026-09,350,25,40,9,8,28.100000000000904,369.5,0.08830624992544422,0.11145199401590529,2.5
2026-09,350,50,20,9,8,28.100000000000904,369.5,0.08830624992544422,0.11145199401590529,5.0
2026-09,350,50,40,9,8,28.100000000000904,369.5,0.08830624992544422,0.11145199401590529,5.0
2026-09,350,75,80,9,8,28.100000000000904,369.5,0.08830624992544422,0.11145199401590529,7.5
2026-09,350,125,80,9,8,28.100000000000904,369.5,0.08830624992544422,0.11145199401590529,12.5
2026-09,350,150,80,9,8,28.100000000000904,369.5,0.08830624992544422,0.11145199401590529,15.0
2026-09,350,175,80,9,8,28.100000000000904,369.5,0.08830624992544422,0.11145199401590529,17.5
2026-09,350,50,80,9,8,28.100000000000904,369.5,0.08830624992544422,0.11145199401590529,5.0
2026-09,350,100,80,9,8,28.100000000000904,369.5,0.08830624992544422,0.11145199401590529,10.0
2026-09,350,200,80,9,8,28.100000000000904,369.5,0.08830624992544422,0.11145199401590529,20.0
2026-09,350,225,80,9,8,28.100000000000904,369.5,0.08830624992544422,0.11145199401590529,22.5
2026-09,350,250,80,9,8,28.100000000000904,369.5,0.08830624992544422,0.11145199401590529,25.0
2026-09,350,25,80,9,8,28.100000000000904,369.5,0.08830624992544422,0.11145199401590529,2.5
2026-09,350,100,60,9,8,28.100000000000904,369.5,0.08830624992544422,0.11145199401590529,10.0
2026-09,350,75,60,9,8,28.100000000000904,369.5,0.08830624992544422,0.11145199401590529,7.5
2026-09,350,50,60,9,8,28.100000000000904,369.5,0.08830624992544422,0.11145199401590529,5.0
2026-09,350,175,60,9,8,28.100000000000904,369.5,0.08830624992544422,0.11145199401590529,17.5
2026-09,350,200,60,9,8,28.100000000000904,369.5,0.08830624992544422,0.11145199401590529,20.0
2026-09,350,225,60,9,8,28.100000000000904,369.5,0.08830624992544422,0.11145199401590529,22.5
2026-09,350,125,60,9,8,28.100000000000904,369.5,0.08830624992544422,0.11145199401590529,12.5
2026-09,350,150,60,9,8,28.100000000000904,369.5,0.08830624992544422,0.11145199401590529,15.0
2026-09,350,25,60,9,8,28.100000000000904,369.5,0.08830624992544422,0.11145199401590529,2.5
2026-09,350,250,60,9,8,28.100000000000904,369.5,0.08830624992544422,0.11145199401590529,25.0
