swing_id,event_a,event_b,overlap_bars
14,breakout_A,fib_rejection_C,6
14,breakout_A,m1_structure_break_D,62
14,breakout_A,momentum_E,25
14,break_retest_B,breakout_A,0
14,break_retest_B,fib_rejection_C,4
14,break_retest_B,m1_structure_break_D,10
14,break_retest_B,momentum_E,4
14,fib_rejection_C,m1_structure_break_D,10
14,fib_rejection_C,momentum_E,1
14,m1_structure_break_D,momentum_E,36
16,breakout_A,fib_rejection_C,1
16,breakout_A,m1_structure_break_D,90
16,breakout_A,momentum_E,38
16,break_retest_B,breakout_A,0
16,break_retest_B,fib_rejection_C,5
16,break_retest_B,m1_structure_break_D,9
16,break_retest_B,momentum_E,4
16,fib_rejection_C,m1_structure_break_D,5
16,fib_rejection_C,momentum_E,1
16,m1_structure_break_D,momentum_E,68
24,breakout_A,fib_rejection_C,5
24,breakout_A,m1_structure_break_D,112
24,breakout_A,momentum_E,44
24,break_retest_B,breakout_A,0
24,break_retest_B,fib_rejection_C,1
24,break_retest_B,m1_structure_break_D,17
24,break_retest_B,momentum_E,8
24,fib_rejection_C,m1_structure_break_D,10
24,fib_rejection_C,momentum_E,3
24,m1_structure_break_D,momentum_E,75
34,breakout_A,fib_rejection_C,1
34,breakout_A,m1_structure_break_D,2
34,breakout_A,momentum_E,2
34,break_retest_B,breakout_A,0
34,break_retest_B,fib_rejection_C,0
34,break_retest_B,m1_structure_break_D,0
34,break_retest_B,momentum_E,0
34,fib_rejection_C,m1_structure_break_D,1
34,fib_rejection_C,momentum_E,1
34,m1_structure_break_D,momentum_E,3
36,breakout_A,fib_rejection_C,5
36,breakout_A,m1_structure_break_D,68
36,breakout_A,momentum_E,26
36,break_retest_B,breakout_A,0
36,break_retest_B,fib_rejection_C,0
36,break_retest_B,m1_structure_break_D,8
36,break_retest_B,momentum_E,5
36,fib_rejection_C,m1_structure_break_D,10
36,fib_rejection_C,momentum_E,4
36,m1_structure_break_D,momentum_E,58
38,breakout_A,fib_rejection_C,1
38,breakout_A,m1_structure_break_D,26
38,breakout_A,momentum_E,10
38,break_retest_B,breakout_A,0
38,break_retest_B,fib_rejection_C,3
38,break_retest_B,m1_structure_break_D,5
38,break_retest_B,momentum_E,4
38,fib_rejection_C,m1_structure_break_D,3
38,fib_rejection_C,momentum_E,1
38,m1_structure_break_D,momentum_E,21
42,breakout_A,fib_rejection_C,1
42,breakout_A,m1_structure_break_D,25
42,breakout_A,momentum_E,10
42,break_retest_B,breakout_A,0
42,break_retest_B,fib_rejection_C,0
42,break_retest_B,m1_structure_break_D,2
42,break_retest_B,momentum_E,1
42,fib_rejection_C,m1_structure_break_D,1
42,fib_rejection_C,momentum_E,0
42,m1_structure_break_D,momentum_E,14
46,breakout_A,fib_rejection_C,0
46,breakout_A,m1_structure_break_D,71
46,breakout_A,momentum_E,31
46,break_retest_B,breakout_A,0
46,break_retest_B,fib_rejection_C,0
46,break_retest_B,m1_structure_break_D,3
46,break_retest_B,momentum_E,3
46,fib_rejection_C,m1_structure_break_D,0
46,fib_rejection_C,momentum_E,0
46,m1_structure_break_D,momentum_E,58
50,breakout_A,fib_rejection_C,6
50,breakout_A,m1_structure_break_D,40
50,breakout_A,momentum_E,16
50,break_retest_B,breakout_A,0
50,break_retest_B,fib_rejection_C,7
50,break_retest_B,m1_structure_break_D,5
50,break_retest_B,momentum_E,3
50,fib_rejection_C,m1_structure_break_D,14
50,fib_rejection_C,momentum_E,5
50,m1_structure_break_D,momentum_E,32
60,breakout_A,fib_rejection_C,2
60,breakout_A,m1_structure_break_D,54
60,breakout_A,momentum_E,15
60,break_retest_B,breakout_A,0
60,break_retest_B,fib_rejection_C,0
60,break_retest_B,m1_structure_break_D,9
60,break_retest_B,momentum_E,4
60,fib_rejection_C,m1_structure_break_D,3
60,fib_rejection_C,momentum_E,2
60,m1_structure_break_D,momentum_E,40
64,breakout_A,fib_rejection_C,1
64,breakout_A,m1_structure_break_D,8
64,breakout_A,momentum_E,4
64,break_retest_B,breakout_A,0
64,break_retest_B,fib_rejection_C,2
64,break_retest_B,m1_structure_break_D,1
64,break_retest_B,momentum_E,0
64,fib_rejection_C,m1_structure_break_D,4
64,fib_rejection_C,momentum_E,0
64,m1_structure_break_D,momentum_E,6
68,breakout_A,fib_rejection_C,1
68,breakout_A,m1_structure_break_D,40
68,breakout_A,momentum_E,15
68,break_retest_B,breakout_A,0
68,break_retest_B,fib_rejection_C,1
68,break_retest_B,m1_structure_break_D,3
68,break_retest_B,momentum_E,0
68,fib_rejection_C,m1_structure_break_D,3
68,fib_rejection_C,momentum_E,0
68,m1_structure_break_D,momentum_E,33
72,breakout_A,fib_rejection_C,11
72,breakout_A,m1_structure_break_D,104
72,breakout_A,momentum_E,36
72,break_retest_B,breakout_A,0
72,break_retest_B,fib_rejection_C,12
72,break_retest_B,m1_structure_break_D,15
72,break_retest_B,momentum_E,9
72,fib_rejection_C,m1_structure_break_D,17
72,fib_rejection_C,momentum_E,7
72,m1_structure_break_D,momentum_E,75
74,breakout_A,fib_rejection_C,4
74,breakout_A,m1_structure_break_D,70
74,breakout_A,momentum_E,26
74,break_retest_B,breakout_A,0
74,break_retest_B,fib_rejection_C,6
74,break_retest_B,m1_structure_break_D,6
74,break_retest_B,momentum_E,3
74,fib_rejection_C,m1_structure_break_D,8
74,fib_rejection_C,momentum_E,2
74,m1_structure_break_D,momentum_E,45
76,breakout_A,fib_rejection_C,5
76,breakout_A,m1_structure_break_D,102
76,breakout_A,momentum_E,35
76,break_retest_B,breakout_A,0
76,break_retest_B,fib_rejection_C,4
76,break_retest_B,m1_structure_break_D,13
76,break_retest_B,momentum_E,7
76,fib_rejection_C,m1_structure_break_D,13
76,fib_rejection_C,momentum_E,5
76,m1_structure_break_D,momentum_E,76
79,breakout_A,fib_rejection_C,2
79,breakout_A,m1_structure_break_D,54
79,breakout_A,momentum_E,22
79,break_retest_B,breakout_A,0
79,break_retest_B,fib_rejection_C,5
79,break_retest_B,m1_structure_break_D,5
79,break_retest_B,momentum_E,5
79,fib_rejection_C,m1_structure_break_D,7
79,fib_rejection_C,momentum_E,3
79,m1_structure_break_D,momentum_E,36
81,breakout_A,fib_rejection_C,4
81,breakout_A,m1_structure_break_D,61
81,breakout_A,momentum_E,27
81,break_retest_B,breakout_A,0
81,break_retest_B,fib_rejection_C,2
81,break_retest_B,m1_structure_break_D,6
81,break_retest_B,momentum_E,4
81,fib_rejection_C,m1_structure_break_D,13
81,fib_rejection_C,momentum_E,4
81,m1_structure_break_D,momentum_E,51
83,breakout_A,fib_rejection_C,1
83,breakout_A,m1_structure_break_D,35
83,breakout_A,momentum_E,15
83,break_retest_B,breakout_A,0
83,break_retest_B,fib_rejection_C,2
83,break_retest_B,m1_structure_break_D,7
83,break_retest_B,momentum_E,2
83,fib_rejection_C,m1_structure_break_D,8
83,fib_rejection_C,momentum_E,2
83,m1_structure_break_D,momentum_E,23
87,breakout_A,fib_rejection_C,2
87,breakout_A,m1_structure_break_D,18
87,breakout_A,momentum_E,4
87,break_retest_B,breakout_A,0
87,break_retest_B,fib_rejection_C,2
87,break_retest_B,m1_structure_break_D,4
87,break_retest_B,momentum_E,0
87,fib_rejection_C,m1_structure_break_D,2
87,fib_rejection_C,momentum_E,0
87,m1_structure_break_D,momentum_E,7
89,breakout_A,fib_rejection_C,0
89,breakout_A,m1_structure_break_D,20
89,breakout_A,momentum_E,12
89,break_retest_B,breakout_A,0
89,break_retest_B,fib_rejection_C,0
89,break_retest_B,m1_structure_break_D,1
89,break_retest_B,momentum_E,1
89,fib_rejection_C,m1_structure_break_D,0
89,fib_rejection_C,momentum_E,0
89,m1_structure_break_D,momentum_E,21
93,breakout_A,fib_rejection_C,1
93,breakout_A,m1_structure_break_D,34
93,breakout_A,momentum_E,16
93,break_retest_B,breakout_A,0
93,break_retest_B,fib_rejection_C,6
93,break_retest_B,m1_structure_break_D,4
93,break_retest_B,momentum_E,4
93,fib_rejection_C,m1_structure_break_D,3
93,fib_rejection_C,momentum_E,3
93,m1_structure_break_D,momentum_E,26
97,breakout_A,fib_rejection_C,2
97,breakout_A,m1_structure_break_D,64
97,breakout_A,momentum_E,32
97,break_retest_B,breakout_A,0
97,break_retest_B,fib_rejection_C,1
97,break_retest_B,m1_structure_break_D,5
97,break_retest_B,momentum_E,4
97,fib_rejection_C,m1_structure_break_D,7
97,fib_rejection_C,momentum_E,1
97,m1_structure_break_D,momentum_E,55
105,breakout_A,fib_rejection_C,5
105,breakout_A,m1_structure_break_D,54
105,breakout_A,momentum_E,15
105,break_retest_B,breakout_A,0
105,break_retest_B,fib_rejection_C,4
105,break_retest_B,m1_structure_break_D,7
105,break_retest_B,momentum_E,2
105,fib_rejection_C,m1_structure_break_D,8
105,fib_rejection_C,momentum_E,3
105,m1_structure_break_D,momentum_E,33
114,breakout_A,fib_rejection_C,1
114,breakout_A,m1_structure_break_D,4
114,breakout_A,momentum_E,2
114,break_retest_B,breakout_A,0
114,break_retest_B,fib_rejection_C,0
114,break_retest_B,m1_structure_break_D,0
114,break_retest_B,momentum_E,0
114,fib_rejection_C,m1_structure_break_D,1
114,fib_rejection_C,momentum_E,0
114,m1_structure_break_D,momentum_E,6
116,breakout_A,fib_rejection_C,5
116,breakout_A,m1_structure_break_D,124
116,breakout_A,momentum_E,55
116,break_retest_B,breakout_A,0
116,break_retest_B,fib_rejection_C,4
116,break_retest_B,m1_structure_break_D,9
116,break_retest_B,momentum_E,6
116,fib_rejection_C,m1_structure_break_D,11
116,fib_rejection_C,momentum_E,2
116,m1_structure_break_D,momentum_E,101
118,breakout_A,fib_rejection_C,4
118,breakout_A,m1_structure_break_D,52
118,breakout_A,momentum_E,13
118,break_retest_B,breakout_A,0
118,break_retest_B,fib_rejection_C,5
118,break_retest_B,m1_structure_break_D,9
118,break_retest_B,momentum_E,5
118,fib_rejection_C,m1_structure_break_D,9
118,fib_rejection_C,momentum_E,4
118,m1_structure_break_D,momentum_E,30
128,breakout_A,fib_rejection_C,7
128,breakout_A,m1_structure_break_D,96
128,breakout_A,momentum_E,34
128,break_retest_B,breakout_A,0
128,break_retest_B,fib_rejection_C,3
128,break_retest_B,m1_structure_break_D,11
128,break_retest_B,momentum_E,6
128,fib_rejection_C,m1_structure_break_D,11
128,fib_rejection_C,momentum_E,3
128,m1_structure_break_D,momentum_E,55
151,breakout_A,fib_rejection_C,10
151,breakout_A,m1_structure_break_D,49
151,breakout_A,momentum_E,21
151,break_retest_B,breakout_A,0
151,break_retest_B,fib_rejection_C,2
151,break_retest_B,m1_structure_break_D,4
151,break_retest_B,momentum_E,4
151,fib_rejection_C,m1_structure_break_D,15
151,fib_rejection_C,momentum_E,7
151,m1_structure_break_D,momentum_E,35
153,breakout_A,fib_rejection_C,0
153,breakout_A,m1_structure_break_D,13
153,breakout_A,momentum_E,7
153,break_retest_B,breakout_A,0
153,break_retest_B,fib_rejection_C,0
153,break_retest_B,m1_structure_break_D,3
153,break_retest_B,momentum_E,0
153,fib_rejection_C,m1_structure_break_D,0
153,fib_rejection_C,momentum_E,0
153,m1_structure_break_D,momentum_E,9
159,breakout_A,fib_rejection_C,0
159,breakout_A,m1_structure_break_D,26
159,breakout_A,momentum_E,5
159,break_retest_B,breakout_A,0
159,break_retest_B,fib_rejection_C,0
159,break_retest_B,m1_structure_break_D,3
159,break_retest_B,momentum_E,2
159,fib_rejection_C,m1_structure_break_D,0
159,fib_rejection_C,momentum_E,0
159,m1_structure_break_D,momentum_E,7
160,breakout_A,fib_rejection_C,5
160,breakout_A,m1_structure_break_D,135
160,breakout_A,momentum_E,40
160,break_retest_B,breakout_A,0
160,break_retest_B,fib_rejection_C,3
160,break_retest_B,m1_structure_break_D,11
160,break_retest_B,momentum_E,7
160,fib_rejection_C,m1_structure_break_D,8
160,fib_rejection_C,momentum_E,2
160,m1_structure_break_D,momentum_E,77
162,breakout_A,fib_rejection_C,6
162,breakout_A,m1_structure_break_D,74
162,breakout_A,momentum_E,22
162,break_retest_B,breakout_A,0
162,break_retest_B,fib_rejection_C,7
162,break_retest_B,m1_structure_break_D,5
162,break_retest_B,momentum_E,4
162,fib_rejection_C,m1_structure_break_D,13
162,fib_rejection_C,momentum_E,4
162,m1_structure_break_D,momentum_E,41
164,breakout_A,fib_rejection_C,0
164,breakout_A,m1_structure_break_D,65
164,breakout_A,momentum_E,21
164,break_retest_B,breakout_A,0
164,break_retest_B,fib_rejection_C,0
164,break_retest_B,m1_structure_break_D,5
164,break_retest_B,momentum_E,2
164,fib_rejection_C,m1_structure_break_D,0
164,fib_rejection_C,momentum_E,0
164,m1_structure_break_D,momentum_E,39
168,breakout_A,fib_rejection_C,3
168,breakout_A,m1_structure_break_D,19
168,breakout_A,momentum_E,5
168,break_retest_B,breakout_A,0
168,break_retest_B,fib_rejection_C,8
168,break_retest_B,m1_structure_break_D,5
168,break_retest_B,momentum_E,1
168,fib_rejection_C,m1_structure_break_D,6
168,fib_rejection_C,momentum_E,2
168,m1_structure_break_D,momentum_E,9
170,breakout_A,fib_rejection_C,4
170,breakout_A,m1_structure_break_D,56
170,breakout_A,momentum_E,26
170,break_retest_B,breakout_A,0
170,break_retest_B,fib_rejection_C,1
170,break_retest_B,m1_structure_break_D,5
170,break_retest_B,momentum_E,2
170,fib_rejection_C,m1_structure_break_D,6
170,fib_rejection_C,momentum_E,5
170,m1_structure_break_D,momentum_E,38
176,breakout_A,fib_rejection_C,4
176,breakout_A,m1_structure_break_D,84
176,breakout_A,momentum_E,30
176,break_retest_B,breakout_A,0
176,break_retest_B,fib_rejection_C,6
176,break_retest_B,m1_structure_break_D,11
176,break_retest_B,momentum_E,6
176,fib_rejection_C,m1_structure_break_D,7
176,fib_rejection_C,momentum_E,5
176,m1_structure_break_D,momentum_E,49
178,breakout_A,fib_rejection_C,7
178,breakout_A,m1_structure_break_D,55
178,breakout_A,momentum_E,16
178,break_retest_B,breakout_A,0
178,break_retest_B,fib_rejection_C,3
178,break_retest_B,m1_structure_break_D,5
178,break_retest_B,momentum_E,7
178,fib_rejection_C,m1_structure_break_D,16
178,fib_rejection_C,momentum_E,2
178,m1_structure_break_D,momentum_E,31
188,breakout_A,fib_rejection_C,1
188,breakout_A,m1_structure_break_D,7
188,breakout_A,momentum_E,2
188,break_retest_B,breakout_A,0
188,break_retest_B,fib_rejection_C,0
188,break_retest_B,m1_structure_break_D,1
188,break_retest_B,momentum_E,1
188,fib_rejection_C,m1_structure_break_D,1
188,fib_rejection_C,momentum_E,0
188,m1_structure_break_D,momentum_E,6
190,breakout_A,fib_rejection_C,6
190,breakout_A,m1_structure_break_D,149
190,breakout_A,momentum_E,40
190,break_retest_B,breakout_A,0
190,break_retest_B,fib_rejection_C,2
190,break_retest_B,m1_structure_break_D,12
190,break_retest_B,momentum_E,4
190,fib_rejection_C,m1_structure_break_D,10
190,fib_rejection_C,momentum_E,5
190,m1_structure_break_D,momentum_E,94
192,breakout_A,fib_rejection_C,4
192,breakout_A,m1_structure_break_D,81
192,breakout_A,momentum_E,24
192,break_retest_B,breakout_A,0
192,break_retest_B,fib_rejection_C,3
192,break_retest_B,m1_structure_break_D,11
192,break_retest_B,momentum_E,5
192,fib_rejection_C,m1_structure_break_D,13
192,fib_rejection_C,momentum_E,4
192,m1_structure_break_D,momentum_E,44
198,breakout_A,fib_rejection_C,3
198,breakout_A,m1_structure_break_D,41
198,breakout_A,momentum_E,15
198,break_retest_B,breakout_A,0
198,break_retest_B,fib_rejection_C,1
198,break_retest_B,m1_structure_break_D,3
198,break_retest_B,momentum_E,2
198,fib_rejection_C,m1_structure_break_D,6
198,fib_rejection_C,momentum_E,2
198,m1_structure_break_D,momentum_E,31
202,breakout_A,fib_rejection_C,1
202,breakout_A,m1_structure_break_D,5
202,breakout_A,momentum_E,3
202,break_retest_B,breakout_A,0
202,break_retest_B,fib_rejection_C,1
202,break_retest_B,m1_structure_break_D,1
202,break_retest_B,momentum_E,1
202,fib_rejection_C,m1_structure_break_D,1
202,fib_rejection_C,momentum_E,0
202,m1_structure_break_D,momentum_E,5
204,breakout_A,fib_rejection_C,9
204,breakout_A,m1_structure_break_D,51
204,breakout_A,momentum_E,21
204,break_retest_B,breakout_A,0
204,break_retest_B,fib_rejection_C,7
204,break_retest_B,m1_structure_break_D,4
204,break_retest_B,momentum_E,2
204,fib_rejection_C,m1_structure_break_D,23
204,fib_rejection_C,momentum_E,4
204,m1_structure_break_D,momentum_E,31
216,breakout_A,fib_rejection_C,3
216,breakout_A,m1_structure_break_D,146
216,breakout_A,momentum_E,56
216,break_retest_B,breakout_A,0
216,break_retest_B,fib_rejection_C,4
216,break_retest_B,m1_structure_break_D,17
216,break_retest_B,momentum_E,10
216,fib_rejection_C,m1_structure_break_D,8
216,fib_rejection_C,momentum_E,3
216,m1_structure_break_D,momentum_E,100
218,breakout_A,fib_rejection_C,1
218,breakout_A,m1_structure_break_D,55
218,breakout_A,momentum_E,20
218,break_retest_B,breakout_A,0
218,break_retest_B,fib_rejection_C,1
218,break_retest_B,m1_structure_break_D,5
218,break_retest_B,momentum_E,1
218,fib_rejection_C,m1_structure_break_D,4
218,fib_rejection_C,momentum_E,1
218,m1_structure_break_D,momentum_E,45
222,breakout_A,fib_rejection_C,1
222,breakout_A,m1_structure_break_D,11
222,breakout_A,momentum_E,4
222,break_retest_B,breakout_A,0
222,break_retest_B,fib_rejection_C,1
222,break_retest_B,m1_structure_break_D,0
222,break_retest_B,momentum_E,0
222,fib_rejection_C,m1_structure_break_D,5
222,fib_rejection_C,momentum_E,1
222,m1_structure_break_D,momentum_E,12
230,breakout_A,fib_rejection_C,0
230,breakout_A,m1_structure_break_D,61
230,breakout_A,momentum_E,26
230,break_retest_B,breakout_A,0
230,break_retest_B,fib_rejection_C,0
230,break_retest_B,m1_structure_break_D,4
230,break_retest_B,momentum_E,2
230,fib_rejection_C,m1_structure_break_D,0
230,fib_rejection_C,momentum_E,0
230,m1_structure_break_D,momentum_E,44
234,breakout_A,fib_rejection_C,2
234,breakout_A,m1_structure_break_D,58
234,breakout_A,momentum_E,21
234,break_retest_B,breakout_A,0
234,break_retest_B,fib_rejection_C,0
234,break_retest_B,m1_structure_break_D,9
234,break_retest_B,momentum_E,2
234,fib_rejection_C,m1_structure_break_D,3
234,fib_rejection_C,momentum_E,1
234,m1_structure_break_D,momentum_E,44
240,breakout_A,fib_rejection_C,6
240,breakout_A,m1_structure_break_D,45
240,breakout_A,momentum_E,11
240,break_retest_B,breakout_A,0
240,break_retest_B,fib_rejection_C,1
240,break_retest_B,m1_structure_break_D,5
240,break_retest_B,momentum_E,0
240,fib_rejection_C,m1_structure_break_D,8
240,fib_rejection_C,momentum_E,3
240,m1_structure_break_D,momentum_E,20
242,breakout_A,fib_rejection_C,8
242,breakout_A,m1_structure_break_D,49
242,breakout_A,momentum_E,17
242,break_retest_B,breakout_A,0
242,break_retest_B,fib_rejection_C,2
242,break_retest_B,m1_structure_break_D,1
242,break_retest_B,momentum_E,0
242,fib_rejection_C,m1_structure_break_D,9
242,fib_rejection_C,momentum_E,4
242,m1_structure_break_D,momentum_E,26
252,breakout_A,fib_rejection_C,5
252,breakout_A,m1_structure_break_D,107
252,breakout_A,momentum_E,37
252,break_retest_B,breakout_A,0
252,break_retest_B,fib_rejection_C,4
252,break_retest_B,m1_structure_break_D,19
252,break_retest_B,momentum_E,9
252,fib_rejection_C,m1_structure_break_D,9
252,fib_rejection_C,momentum_E,2
252,m1_structure_break_D,momentum_E,74
264,breakout_A,fib_rejection_C,3
264,breakout_A,m1_structure_break_D,57
264,breakout_A,momentum_E,26
264,break_retest_B,breakout_A,0
264,break_retest_B,fib_rejection_C,1
264,break_retest_B,m1_structure_break_D,6
264,break_retest_B,momentum_E,4
264,fib_rejection_C,m1_structure_break_D,9
264,fib_rejection_C,momentum_E,5
264,m1_structure_break_D,momentum_E,42
266,breakout_A,fib_rejection_C,1
266,breakout_A,m1_structure_break_D,49
266,breakout_A,momentum_E,20
266,break_retest_B,breakout_A,0
266,break_retest_B,fib_rejection_C,1
266,break_retest_B,m1_structure_break_D,8
266,break_retest_B,momentum_E,4
266,fib_rejection_C,m1_structure_break_D,3
266,fib_rejection_C,momentum_E,2
266,m1_structure_break_D,momentum_E,41
268,breakout_A,fib_rejection_C,1
268,breakout_A,m1_structure_break_D,81
268,breakout_A,momentum_E,32
268,break_retest_B,breakout_A,0
268,break_retest_B,fib_rejection_C,4
268,break_retest_B,m1_structure_break_D,6
268,break_retest_B,momentum_E,5
268,fib_rejection_C,m1_structure_break_D,3
268,fib_rejection_C,momentum_E,1
268,m1_structure_break_D,momentum_E,56
274,breakout_A,fib_rejection_C,4
274,breakout_A,m1_structure_break_D,145
274,breakout_A,momentum_E,53
274,break_retest_B,breakout_A,0
274,break_retest_B,fib_rejection_C,5
274,break_retest_B,m1_structure_break_D,16
274,break_retest_B,momentum_E,7
274,fib_rejection_C,m1_structure_break_D,6
274,fib_rejection_C,momentum_E,2
274,m1_structure_break_D,momentum_E,84
276,breakout_A,fib_rejection_C,6
276,breakout_A,m1_structure_break_D,102
276,breakout_A,momentum_E,35
276,break_retest_B,breakout_A,0
276,break_retest_B,fib_rejection_C,2
276,break_retest_B,m1_structure_break_D,6
276,break_retest_B,momentum_E,4
276,fib_rejection_C,m1_structure_break_D,9
276,fib_rejection_C,momentum_E,2
276,m1_structure_break_D,momentum_E,63
280,breakout_A,fib_rejection_C,2
280,breakout_A,m1_structure_break_D,84
280,breakout_A,momentum_E,40
280,break_retest_B,breakout_A,0
280,break_retest_B,fib_rejection_C,2
280,break_retest_B,m1_structure_break_D,12
280,break_retest_B,momentum_E,5
280,fib_rejection_C,m1_structure_break_D,4
280,fib_rejection_C,momentum_E,4
280,m1_structure_break_D,momentum_E,64
284,breakout_A,fib_rejection_C,0
284,breakout_A,m1_structure_break_D,82
284,breakout_A,momentum_E,24
284,break_retest_B,breakout_A,0
284,break_retest_B,fib_rejection_C,0
284,break_retest_B,m1_structure_break_D,9
284,break_retest_B,momentum_E,2
284,fib_rejection_C,m1_structure_break_D,0
284,fib_rejection_C,momentum_E,0
284,m1_structure_break_D,momentum_E,40
299,breakout_A,fib_rejection_C,1
299,breakout_A,m1_structure_break_D,69
299,breakout_A,momentum_E,29
299,break_retest_B,breakout_A,0
299,break_retest_B,fib_rejection_C,1
299,break_retest_B,m1_structure_break_D,8
299,break_retest_B,momentum_E,1
299,fib_rejection_C,m1_structure_break_D,1
299,fib_rejection_C,momentum_E,0
299,m1_structure_break_D,momentum_E,62
315,breakout_A,fib_rejection_C,3
315,breakout_A,m1_structure_break_D,35
315,breakout_A,momentum_E,13
315,break_retest_B,breakout_A,0
315,break_retest_B,fib_rejection_C,3
315,break_retest_B,m1_structure_break_D,4
315,break_retest_B,momentum_E,5
315,fib_rejection_C,m1_structure_break_D,4
315,fib_rejection_C,momentum_E,3
315,m1_structure_break_D,momentum_E,25
319,breakout_A,fib_rejection_C,0
319,breakout_A,m1_structure_break_D,22
319,breakout_A,momentum_E,12
319,break_retest_B,breakout_A,0
319,break_retest_B,fib_rejection_C,0
319,break_retest_B,m1_structure_break_D,1
319,break_retest_B,momentum_E,0
319,fib_rejection_C,m1_structure_break_D,0
319,fib_rejection_C,momentum_E,0
319,m1_structure_break_D,momentum_E,22
323,breakout_A,fib_rejection_C,1
323,breakout_A,m1_structure_break_D,32
323,breakout_A,momentum_E,12
323,break_retest_B,breakout_A,0
323,break_retest_B,fib_rejection_C,0
323,break_retest_B,m1_structure_break_D,3
323,break_retest_B,momentum_E,3
323,fib_rejection_C,m1_structure_break_D,7
323,fib_rejection_C,momentum_E,3
323,m1_structure_break_D,momentum_E,26
327,breakout_A,fib_rejection_C,0
327,breakout_A,m1_structure_break_D,2
327,breakout_A,momentum_E,0
327,break_retest_B,breakout_A,0
327,break_retest_B,fib_rejection_C,0
327,break_retest_B,m1_structure_break_D,1
327,break_retest_B,momentum_E,0
327,fib_rejection_C,m1_structure_break_D,0
327,fib_rejection_C,momentum_E,0
327,m1_structure_break_D,momentum_E,1
329,breakout_A,fib_rejection_C,10
329,breakout_A,m1_structure_break_D,92
329,breakout_A,momentum_E,46
329,break_retest_B,breakout_A,0
329,break_retest_B,fib_rejection_C,6
329,break_retest_B,m1_structure_break_D,16
329,break_retest_B,momentum_E,7
329,fib_rejection_C,m1_structure_break_D,27
329,fib_rejection_C,momentum_E,7
329,m1_structure_break_D,momentum_E,78
331,breakout_A,fib_rejection_C,2
331,breakout_A,m1_structure_break_D,32
331,breakout_A,momentum_E,14
331,break_retest_B,breakout_A,0
331,break_retest_B,fib_rejection_C,6
331,break_retest_B,m1_structure_break_D,3
331,break_retest_B,momentum_E,1
331,fib_rejection_C,m1_structure_break_D,7
331,fib_rejection_C,momentum_E,3
331,m1_structure_break_D,momentum_E,25
335,breakout_A,fib_rejection_C,7
335,breakout_A,m1_structure_break_D,48
335,breakout_A,momentum_E,21
335,break_retest_B,breakout_A,0
335,break_retest_B,fib_rejection_C,7
335,break_retest_B,m1_structure_break_D,6
335,break_retest_B,momentum_E,6
335,fib_rejection_C,m1_structure_break_D,12
335,fib_rejection_C,momentum_E,3
335,m1_structure_break_D,momentum_E,38
342,breakout_A,fib_rejection_C,5
342,breakout_A,m1_structure_break_D,24
342,breakout_A,momentum_E,11
342,break_retest_B,breakout_A,0
342,break_retest_B,fib_rejection_C,5
342,break_retest_B,m1_structure_break_D,2
342,break_retest_B,momentum_E,0
342,fib_rejection_C,m1_structure_break_D,15
342,fib_rejection_C,momentum_E,5
342,m1_structure_break_D,momentum_E,27
344,breakout_A,fib_rejection_C,8
344,breakout_A,m1_structure_break_D,47
344,breakout_A,momentum_E,11
344,break_retest_B,breakout_A,0
344,break_retest_B,fib_rejection_C,6
344,break_retest_B,m1_structure_break_D,5
344,break_retest_B,momentum_E,2
344,fib_rejection_C,m1_structure_break_D,12
344,fib_rejection_C,momentum_E,2
344,m1_structure_break_D,momentum_E,19
350,breakout_A,fib_rejection_C,1
350,breakout_A,m1_structure_break_D,51
350,breakout_A,momentum_E,18
350,break_retest_B,breakout_A,0
350,break_retest_B,fib_rejection_C,3
350,break_retest_B,m1_structure_break_D,5
350,break_retest_B,momentum_E,5
350,fib_rejection_C,m1_structure_break_D,5
350,fib_rejection_C,momentum_E,3
350,m1_structure_break_D,momentum_E,29
352,breakout_A,fib_rejection_C,3
352,breakout_A,m1_structure_break_D,82
352,breakout_A,momentum_E,31
352,break_retest_B,breakout_A,0
352,break_retest_B,fib_rejection_C,2
352,break_retest_B,m1_structure_break_D,14
352,break_retest_B,momentum_E,2
352,fib_rejection_C,m1_structure_break_D,6
352,fib_rejection_C,momentum_E,2
352,m1_structure_break_D,momentum_E,55
354,breakout_A,fib_rejection_C,0
354,breakout_A,m1_structure_break_D,74
354,breakout_A,momentum_E,26
354,break_retest_B,breakout_A,0
354,break_retest_B,fib_rejection_C,0
354,break_retest_B,m1_structure_break_D,6
354,break_retest_B,momentum_E,3
354,fib_rejection_C,m1_structure_break_D,1
354,fib_rejection_C,momentum_E,0
354,m1_structure_break_D,momentum_E,39
363,breakout_A,fib_rejection_C,3
363,breakout_A,m1_structure_break_D,43
363,breakout_A,momentum_E,16
363,break_retest_B,breakout_A,0
363,break_retest_B,fib_rejection_C,5
363,break_retest_B,m1_structure_break_D,4
363,break_retest_B,momentum_E,1
363,fib_rejection_C,m1_structure_break_D,5
363,fib_rejection_C,momentum_E,2
363,m1_structure_break_D,momentum_E,23
365,breakout_A,fib_rejection_C,2
365,breakout_A,m1_structure_break_D,53
365,breakout_A,momentum_E,21
365,break_retest_B,breakout_A,0
365,break_retest_B,fib_rejection_C,5
365,break_retest_B,m1_structure_break_D,9
365,break_retest_B,momentum_E,2
365,fib_rejection_C,m1_structure_break_D,4
365,fib_rejection_C,momentum_E,0
365,m1_structure_break_D,momentum_E,38
371,breakout_A,fib_rejection_C,2
371,breakout_A,m1_structure_break_D,32
371,breakout_A,momentum_E,11
371,break_retest_B,breakout_A,0
371,break_retest_B,fib_rejection_C,1
371,break_retest_B,m1_structure_break_D,3
371,break_retest_B,momentum_E,2
371,fib_rejection_C,m1_structure_break_D,2
371,fib_rejection_C,momentum_E,1
371,m1_structure_break_D,momentum_E,20
373,breakout_A,fib_rejection_C,7
373,breakout_A,m1_structure_break_D,98
373,breakout_A,momentum_E,40
373,break_retest_B,breakout_A,0
373,break_retest_B,fib_rejection_C,8
373,break_retest_B,m1_structure_break_D,19
373,break_retest_B,momentum_E,7
373,fib_rejection_C,m1_structure_break_D,12
373,fib_rejection_C,momentum_E,4
373,m1_structure_break_D,momentum_E,80
375,breakout_A,fib_rejection_C,3
375,breakout_A,m1_structure_break_D,45
375,breakout_A,momentum_E,18
375,break_retest_B,breakout_A,0
375,break_retest_B,fib_rejection_C,5
375,break_retest_B,m1_structure_break_D,8
375,break_retest_B,momentum_E,2
375,fib_rejection_C,m1_structure_break_D,11
375,fib_rejection_C,momentum_E,4
375,m1_structure_break_D,momentum_E,37
377,breakout_A,fib_rejection_C,3
377,breakout_A,m1_structure_break_D,70
377,breakout_A,momentum_E,27
377,break_retest_B,breakout_A,0
377,break_retest_B,fib_rejection_C,6
377,break_retest_B,m1_structure_break_D,5
377,break_retest_B,momentum_E,3
377,fib_rejection_C,m1_structure_break_D,3
377,fib_rejection_C,momentum_E,1
377,m1_structure_break_D,momentum_E,34
379,breakout_A,fib_rejection_C,0
379,breakout_A,m1_structure_break_D,53
379,breakout_A,momentum_E,13
379,break_retest_B,breakout_A,0
379,break_retest_B,fib_rejection_C,3
379,break_retest_B,m1_structure_break_D,8
379,break_retest_B,momentum_E,7
379,fib_rejection_C,m1_structure_break_D,4
379,fib_rejection_C,momentum_E,4
379,m1_structure_break_D,momentum_E,27
389,breakout_A,fib_rejection_C,9
389,breakout_A,m1_structure_break_D,57
389,breakout_A,momentum_E,19
389,break_retest_B,breakout_A,0
389,break_retest_B,fib_rejection_C,7
389,break_retest_B,m1_structure_break_D,6
389,break_retest_B,momentum_E,2
389,fib_rejection_C,m1_structure_break_D,19
389,fib_rejection_C,momentum_E,6
389,m1_structure_break_D,momentum_E,35
391,breakout_A,fib_rejection_C,1
391,breakout_A,m1_structure_break_D,36
391,breakout_A,momentum_E,14
391,break_retest_B,breakout_A,0
391,break_retest_B,fib_rejection_C,1
391,break_retest_B,m1_structure_break_D,6
391,break_retest_B,momentum_E,1
391,fib_rejection_C,m1_structure_break_D,2
391,fib_rejection_C,momentum_E,0
391,m1_structure_break_D,momentum_E,26
395,breakout_A,fib_rejection_C,7
395,breakout_A,m1_structure_break_D,43
395,breakout_A,momentum_E,17
395,break_retest_B,breakout_A,0
395,break_retest_B,fib_rejection_C,1
395,break_retest_B,m1_structure_break_D,3
395,break_retest_B,momentum_E,3
395,fib_rejection_C,m1_structure_break_D,12
395,fib_rejection_C,momentum_E,6
395,m1_structure_break_D,momentum_E,28
397,breakout_A,fib_rejection_C,2
397,breakout_A,m1_structure_break_D,70
397,breakout_A,momentum_E,32
397,break_retest_B,breakout_A,0
397,break_retest_B,fib_rejection_C,3
397,break_retest_B,m1_structure_break_D,10
397,break_retest_B,momentum_E,7
397,fib_rejection_C,m1_structure_break_D,6
397,fib_rejection_C,momentum_E,3
397,m1_structure_break_D,momentum_E,54
401,breakout_A,fib_rejection_C,6
401,breakout_A,m1_structure_break_D,21
401,breakout_A,momentum_E,6
401,break_retest_B,breakout_A,0
401,break_retest_B,fib_rejection_C,1
401,break_retest_B,m1_structure_break_D,3
401,break_retest_B,momentum_E,1
401,fib_rejection_C,m1_structure_break_D,7
401,fib_rejection_C,momentum_E,1
401,m1_structure_break_D,momentum_E,17
403,breakout_A,fib_rejection_C,1
403,breakout_A,m1_structure_break_D,13
403,breakout_A,momentum_E,5
403,break_retest_B,breakout_A,0
403,break_retest_B,fib_rejection_C,0
403,break_retest_B,m1_structure_break_D,0
403,break_retest_B,momentum_E,0
403,fib_rejection_C,m1_structure_break_D,1
403,fib_rejection_C,momentum_E,1
403,m1_structure_break_D,momentum_E,7
407,breakout_A,fib_rejection_C,9
407,breakout_A,m1_structure_break_D,80
407,breakout_A,momentum_E,27
407,break_retest_B,breakout_A,0
407,break_retest_B,fib_rejection_C,7
407,break_retest_B,m1_structure_break_D,8
407,break_retest_B,momentum_E,2
407,fib_rejection_C,m1_structure_break_D,15
407,fib_rejection_C,momentum_E,3
407,m1_structure_break_D,momentum_E,52
409,breakout_A,fib_rejection_C,4
409,breakout_A,m1_structure_break_D,67
409,breakout_A,momentum_E,27
409,break_retest_B,breakout_A,0
409,break_retest_B,fib_rejection_C,4
409,break_retest_B,m1_structure_break_D,7
409,break_retest_B,momentum_E,7
409,fib_rejection_C,m1_structure_break_D,22
409,fib_rejection_C,momentum_E,10
409,m1_structure_break_D,momentum_E,52
413,breakout_A,fib_rejection_C,4
413,breakout_A,m1_structure_break_D,43
413,breakout_A,momentum_E,16
413,break_retest_B,breakout_A,0
413,break_retest_B,fib_rejection_C,5
413,break_retest_B,m1_structure_break_D,3
413,break_retest_B,momentum_E,2
413,fib_rejection_C,m1_structure_break_D,6
413,fib_rejection_C,momentum_E,0
413,m1_structure_break_D,momentum_E,27
415,breakout_A,fib_rejection_C,7
415,breakout_A,m1_structure_break_D,60
415,breakout_A,momentum_E,28
415,break_retest_B,breakout_A,0
415,break_retest_B,fib_rejection_C,0
415,break_retest_B,m1_structure_break_D,5
415,break_retest_B,momentum_E,5
415,fib_rejection_C,m1_structure_break_D,12
415,fib_rejection_C,momentum_E,6
415,m1_structure_break_D,momentum_E,43
417,breakout_A,fib_rejection_C,0
417,breakout_A,m1_structure_break_D,14
417,breakout_A,momentum_E,7
417,break_retest_B,breakout_A,0
417,break_retest_B,fib_rejection_C,0
417,break_retest_B,m1_structure_break_D,0
417,break_retest_B,momentum_E,0
417,fib_rejection_C,m1_structure_break_D,0
417,fib_rejection_C,momentum_E,0
417,m1_structure_break_D,momentum_E,10
423,breakout_A,fib_rejection_C,2
423,breakout_A,m1_structure_break_D,47
423,breakout_A,momentum_E,19
423,break_retest_B,breakout_A,0
423,break_retest_B,fib_rejection_C,5
423,break_retest_B,m1_structure_break_D,5
423,break_retest_B,momentum_E,4
423,fib_rejection_C,m1_structure_break_D,8
423,fib_rejection_C,momentum_E,3
423,m1_structure_break_D,momentum_E,34
429,breakout_A,fib_rejection_C,1
429,breakout_A,m1_structure_break_D,27
429,breakout_A,momentum_E,9
429,break_retest_B,breakout_A,0
429,break_retest_B,fib_rejection_C,1
429,break_retest_B,m1_structure_break_D,4
429,break_retest_B,momentum_E,2
429,fib_rejection_C,m1_structure_break_D,2
429,fib_rejection_C,momentum_E,0
429,m1_structure_break_D,momentum_E,19
431,breakout_A,fib_rejection_C,3
431,breakout_A,m1_structure_break_D,11
431,breakout_A,momentum_E,5
431,break_retest_B,breakout_A,0
431,break_retest_B,fib_rejection_C,0
431,break_retest_B,m1_structure_break_D,0
431,break_retest_B,momentum_E,0
431,fib_rejection_C,m1_structure_break_D,4
431,fib_rejection_C,momentum_E,1
431,m1_structure_break_D,momentum_E,6
433,breakout_A,fib_rejection_C,0
433,breakout_A,m1_structure_break_D,42
433,breakout_A,momentum_E,20
433,break_retest_B,breakout_A,0
433,break_retest_B,fib_rejection_C,0
433,break_retest_B,m1_structure_break_D,5
433,break_retest_B,momentum_E,1
433,fib_rejection_C,m1_structure_break_D,0
433,fib_rejection_C,momentum_E,0
433,m1_structure_break_D,momentum_E,39
437,breakout_A,fib_rejection_C,0
437,breakout_A,m1_structure_break_D,58
437,breakout_A,momentum_E,18
437,break_retest_B,breakout_A,0
437,break_retest_B,fib_rejection_C,0
437,break_retest_B,m1_structure_break_D,10
437,break_retest_B,momentum_E,4
437,fib_rejection_C,m1_structure_break_D,0
437,fib_rejection_C,momentum_E,0
437,m1_structure_break_D,momentum_E,46
441,breakout_A,fib_rejection_C,0
441,breakout_A,m1_structure_break_D,5
441,breakout_A,momentum_E,2
441,break_retest_B,breakout_A,0
441,break_retest_B,fib_rejection_C,0
441,break_retest_B,m1_structure_break_D,0
441,break_retest_B,momentum_E,0
441,fib_rejection_C,m1_structure_break_D,0
441,fib_rejection_C,momentum_E,0
441,m1_structure_break_D,momentum_E,3
445,breakout_A,fib_rejection_C,0
445,breakout_A,m1_structure_break_D,15
445,breakout_A,momentum_E,8
445,break_retest_B,breakout_A,0
445,break_retest_B,fib_rejection_C,1
445,break_retest_B,m1_structure_break_D,3
445,break_retest_B,momentum_E,2
445,fib_rejection_C,m1_structure_break_D,0
445,fib_rejection_C,momentum_E,0
445,m1_structure_break_D,momentum_E,16
447,breakout_A,fib_rejection_C,4
447,breakout_A,m1_structure_break_D,58
447,breakout_A,momentum_E,25
447,break_retest_B,breakout_A,0
447,break_retest_B,fib_rejection_C,2
447,break_retest_B,m1_structure_break_D,8
447,break_retest_B,momentum_E,5
447,fib_rejection_C,m1_structure_break_D,7
447,fib_rejection_C,momentum_E,4
447,m1_structure_break_D,momentum_E,38
451,breakout_A,fib_rejection_C,0
451,breakout_A,m1_structure_break_D,49
451,breakout_A,momentum_E,23
451,break_retest_B,breakout_A,0
451,break_retest_B,fib_rejection_C,0
451,break_retest_B,m1_structure_break_D,12
451,break_retest_B,momentum_E,6
451,fib_rejection_C,m1_structure_break_D,0
451,fib_rejection_C,momentum_E,0
451,m1_structure_break_D,momentum_E,47
453,breakout_A,fib_rejection_C,5
453,breakout_A,m1_structure_break_D,32
453,breakout_A,momentum_E,12
453,break_retest_B,breakout_A,0
453,break_retest_B,fib_rejection_C,4
453,break_retest_B,m1_structure_break_D,2
453,break_retest_B,momentum_E,2
453,fib_rejection_C,m1_structure_break_D,12
453,fib_rejection_C,momentum_E,5
453,m1_structure_break_D,momentum_E,18
455,breakout_A,fib_rejection_C,5
455,breakout_A,m1_structure_break_D,75
455,breakout_A,momentum_E,24
455,break_retest_B,breakout_A,0
455,break_retest_B,fib_rejection_C,4
455,break_retest_B,m1_structure_break_D,16
455,break_retest_B,momentum_E,6
455,fib_rejection_C,m1_structure_break_D,9
455,fib_rejection_C,momentum_E,5
455,m1_structure_break_D,momentum_E,57
457,breakout_A,fib_rejection_C,2
457,breakout_A,m1_structure_break_D,39
457,breakout_A,momentum_E,14
457,break_retest_B,breakout_A,0
457,break_retest_B,fib_rejection_C,5
457,break_retest_B,m1_structure_break_D,5
457,break_retest_B,momentum_E,5
457,fib_rejection_C,m1_structure_break_D,4
457,fib_rejection_C,momentum_E,2
457,m1_structure_break_D,momentum_E,29
461,breakout_A,fib_rejection_C,2
461,breakout_A,m1_structure_break_D,15
461,breakout_A,momentum_E,9
461,break_retest_B,breakout_A,0
461,break_retest_B,fib_rejection_C,0
461,break_retest_B,m1_structure_break_D,0
461,break_retest_B,momentum_E,0
461,fib_rejection_C,m1_structure_break_D,2
461,fib_rejection_C,momentum_E,1
461,m1_structure_break_D,momentum_E,10
465,breakout_A,fib_rejection_C,0
465,breakout_A,m1_structure_break_D,37
465,breakout_A,momentum_E,11
465,break_retest_B,breakout_A,0
465,break_retest_B,fib_rejection_C,0
465,break_retest_B,m1_structure_break_D,6
465,break_retest_B,momentum_E,3
465,fib_rejection_C,m1_structure_break_D,0
465,fib_rejection_C,momentum_E,0
465,m1_structure_break_D,momentum_E,32
467,breakout_A,fib_rejection_C,5
467,breakout_A,m1_structure_break_D,58
467,breakout_A,momentum_E,26
467,break_retest_B,breakout_A,0
467,break_retest_B,fib_rejection_C,5
467,break_retest_B,m1_structure_break_D,7
467,break_retest_B,momentum_E,3
467,fib_rejection_C,m1_structure_break_D,9
467,fib_rejection_C,momentum_E,4
467,m1_structure_break_D,momentum_E,48
469,breakout_A,fib_rejection_C,0
469,breakout_A,m1_structure_break_D,39
469,breakout_A,momentum_E,15
469,break_retest_B,breakout_A,0
469,break_retest_B,fib_rejection_C,0
469,break_retest_B,m1_structure_break_D,2
469,break_retest_B,momentum_E,1
469,fib_rejection_C,m1_structure_break_D,0
469,fib_rejection_C,momentum_E,0
469,m1_structure_break_D,momentum_E,30
471,breakout_A,fib_rejection_C,3
471,breakout_A,m1_structure_break_D,32
471,breakout_A,momentum_E,11
471,break_retest_B,breakout_A,0
471,break_retest_B,fib_rejection_C,3
471,break_retest_B,m1_structure_break_D,8
471,break_retest_B,momentum_E,2
471,fib_rejection_C,m1_structure_break_D,15
471,fib_rejection_C,momentum_E,6
471,m1_structure_break_D,momentum_E,20
473,breakout_A,fib_rejection_C,0
473,breakout_A,m1_structure_break_D,30
473,breakout_A,momentum_E,12
473,break_retest_B,breakout_A,0
473,break_retest_B,fib_rejection_C,1
473,break_retest_B,m1_structure_break_D,2
473,break_retest_B,momentum_E,1
473,fib_rejection_C,m1_structure_break_D,0
473,fib_rejection_C,momentum_E,0
473,m1_structure_break_D,momentum_E,19
480,breakout_A,fib_rejection_C,0
480,breakout_A,m1_structure_break_D,46
480,breakout_A,momentum_E,19
480,break_retest_B,breakout_A,0
480,break_retest_B,fib_rejection_C,0
480,break_retest_B,m1_structure_break_D,6
480,break_retest_B,momentum_E,0
480,fib_rejection_C,m1_structure_break_D,0
480,fib_rejection_C,momentum_E,0
480,m1_structure_break_D,momentum_E,36
482,breakout_A,fib_rejection_C,5
482,breakout_A,m1_structure_break_D,72
482,breakout_A,momentum_E,30
482,break_retest_B,breakout_A,0
482,break_retest_B,fib_rejection_C,2
482,break_retest_B,m1_structure_break_D,6
482,break_retest_B,momentum_E,2
482,fib_rejection_C,m1_structure_break_D,10
482,fib_rejection_C,momentum_E,4
482,m1_structure_break_D,momentum_E,48
486,breakout_A,fib_rejection_C,1
486,breakout_A,m1_structure_break_D,12
486,breakout_A,momentum_E,4
486,break_retest_B,breakout_A,0
486,break_retest_B,fib_rejection_C,1
486,break_retest_B,m1_structure_break_D,0
486,break_retest_B,momentum_E,0
486,fib_rejection_C,m1_structure_break_D,9
486,fib_rejection_C,momentum_E,5
486,m1_structure_break_D,momentum_E,10
488,breakout_A,fib_rejection_C,6
488,breakout_A,m1_structure_break_D,107
488,breakout_A,momentum_E,38
488,break_retest_B,breakout_A,0
488,break_retest_B,fib_rejection_C,2
488,break_retest_B,m1_structure_break_D,7
488,break_retest_B,momentum_E,4
488,fib_rejection_C,m1_structure_break_D,9
488,fib_rejection_C,momentum_E,2
488,m1_structure_break_D,momentum_E,75
502,breakout_A,fib_rejection_C,3
502,breakout_A,m1_structure_break_D,50
502,breakout_A,momentum_E,23
502,break_retest_B,breakout_A,0
502,break_retest_B,fib_rejection_C,1
502,break_retest_B,m1_structure_break_D,7
502,break_retest_B,momentum_E,2
502,fib_rejection_C,m1_structure_break_D,5
502,fib_rejection_C,momentum_E,1
502,m1_structure_break_D,momentum_E,40
504,breakout_A,fib_rejection_C,0
504,breakout_A,m1_structure_break_D,15
504,breakout_A,momentum_E,11
504,break_retest_B,breakout_A,0
504,break_retest_B,fib_rejection_C,5
504,break_retest_B,m1_structure_break_D,0
504,break_retest_B,momentum_E,0
504,fib_rejection_C,m1_structure_break_D,0
504,fib_rejection_C,momentum_E,0
504,m1_structure_break_D,momentum_E,16
506,breakout_A,fib_rejection_C,0
506,breakout_A,m1_structure_break_D,3
506,breakout_A,momentum_E,2
506,break_retest_B,breakout_A,0
506,break_retest_B,fib_rejection_C,0
506,break_retest_B,m1_structure_break_D,0
506,break_retest_B,momentum_E,0
506,fib_rejection_C,m1_structure_break_D,0
506,fib_rejection_C,momentum_E,0
506,m1_structure_break_D,momentum_E,4
514,breakout_A,fib_rejection_C,2
514,breakout_A,m1_structure_break_D,14
514,breakout_A,momentum_E,6
514,break_retest_B,breakout_A,0
514,break_retest_B,fib_rejection_C,0
514,break_retest_B,m1_structure_break_D,6
514,break_retest_B,momentum_E,4
514,fib_rejection_C,m1_structure_break_D,4
514,fib_rejection_C,momentum_E,1
514,m1_structure_break_D,momentum_E,20
516,breakout_A,fib_rejection_C,2
516,breakout_A,m1_structure_break_D,29
516,breakout_A,momentum_E,11
516,break_retest_B,breakout_A,0
516,break_retest_B,fib_rejection_C,1
516,break_retest_B,m1_structure_break_D,4
516,break_retest_B,momentum_E,3
516,fib_rejection_C,m1_structure_break_D,4
516,fib_rejection_C,momentum_E,4
516,m1_structure_break_D,momentum_E,22
520,breakout_A,fib_rejection_C,3
520,breakout_A,m1_structure_break_D,68
520,breakout_A,momentum_E,27
520,break_retest_B,breakout_A,0
520,break_retest_B,fib_rejection_C,2
520,break_retest_B,m1_structure_break_D,4
520,break_retest_B,momentum_E,2
520,fib_rejection_C,m1_structure_break_D,4
520,fib_rejection_C,momentum_E,1
520,m1_structure_break_D,momentum_E,42
522,breakout_A,fib_rejection_C,2
522,breakout_A,m1_structure_break_D,4
522,breakout_A,momentum_E,2
522,break_retest_B,breakout_A,0
522,break_retest_B,fib_rejection_C,2
522,break_retest_B,m1_structure_break_D,0
522,break_retest_B,momentum_E,1
522,fib_rejection_C,m1_structure_break_D,3
522,fib_rejection_C,momentum_E,2
522,m1_structure_break_D,momentum_E,2
524,breakout_A,fib_rejection_C,0
524,breakout_A,m1_structure_break_D,58
524,breakout_A,momentum_E,30
524,break_retest_B,breakout_A,0
524,break_retest_B,fib_rejection_C,0
524,break_retest_B,m1_structure_break_D,7
524,break_retest_B,momentum_E,3
524,fib_rejection_C,m1_structure_break_D,0
524,fib_rejection_C,momentum_E,0
524,m1_structure_break_D,momentum_E,45
530,breakout_A,fib_rejection_C,1
530,breakout_A,m1_structure_break_D,81
530,breakout_A,momentum_E,30
530,break_retest_B,breakout_A,0
530,break_retest_B,fib_rejection_C,0
530,break_retest_B,m1_structure_break_D,6
530,break_retest_B,momentum_E,0
530,fib_rejection_C,m1_structure_break_D,1
530,fib_rejection_C,momentum_E,0
530,m1_structure_break_D,momentum_E,54
531,breakout_A,fib_rejection_C,1
531,breakout_A,m1_structure_break_D,150
531,breakout_A,momentum_E,62
531,break_retest_B,breakout_A,0
531,break_retest_B,fib_rejection_C,2
531,break_retest_B,m1_structure_break_D,13
531,break_retest_B,momentum_E,10
531,fib_rejection_C,m1_structure_break_D,5
531,fib_rejection_C,momentum_E,1
531,m1_structure_break_D,momentum_E,114
537,breakout_A,fib_rejection_C,8
537,breakout_A,m1_structure_break_D,84
537,breakout_A,momentum_E,29
537,break_retest_B,breakout_A,0
537,break_retest_B,fib_rejection_C,3
537,break_retest_B,m1_structure_break_D,11
537,break_retest_B,momentum_E,4
537,fib_rejection_C,m1_structure_break_D,10
537,fib_rejection_C,momentum_E,2
537,m1_structure_break_D,momentum_E,48
549,breakout_A,fib_rejection_C,11
549,breakout_A,m1_structure_break_D,84
549,breakout_A,momentum_E,33
549,break_retest_B,breakout_A,0
549,break_retest_B,fib_rejection_C,8
549,break_retest_B,m1_structure_break_D,13
549,break_retest_B,momentum_E,6
549,fib_rejection_C,m1_structure_break_D,16
549,fib_rejection_C,momentum_E,8
549,m1_structure_break_D,momentum_E,60
553,breakout_A,fib_rejection_C,1
553,breakout_A,m1_structure_break_D,52
553,breakout_A,momentum_E,24
553,break_retest_B,breakout_A,0
553,break_retest_B,fib_rejection_C,1
553,break_retest_B,m1_structure_break_D,8
553,break_retest_B,momentum_E,1
553,fib_rejection_C,m1_structure_break_D,1
553,fib_rejection_C,momentum_E,0
553,m1_structure_break_D,momentum_E,44
557,breakout_A,fib_rejection_C,1
557,breakout_A,m1_structure_break_D,45
557,breakout_A,momentum_E,20
557,break_retest_B,breakout_A,0
557,break_retest_B,fib_rejection_C,0
557,break_retest_B,m1_structure_break_D,1
557,break_retest_B,momentum_E,1
557,fib_rejection_C,m1_structure_break_D,5
557,fib_rejection_C,momentum_E,1
557,m1_structure_break_D,momentum_E,28
559,breakout_A,fib_rejection_C,1
559,breakout_A,m1_structure_break_D,25
559,breakout_A,momentum_E,10
559,break_retest_B,breakout_A,0
559,break_retest_B,fib_rejection_C,2
559,break_retest_B,m1_structure_break_D,3
559,break_retest_B,momentum_E,1
559,fib_rejection_C,m1_structure_break_D,1
559,fib_rejection_C,momentum_E,0
559,m1_structure_break_D,momentum_E,17
565,breakout_A,fib_rejection_C,3
565,breakout_A,m1_structure_break_D,47
565,breakout_A,momentum_E,15
565,break_retest_B,breakout_A,0
565,break_retest_B,fib_rejection_C,4
565,break_retest_B,m1_structure_break_D,7
565,break_retest_B,momentum_E,4
565,fib_rejection_C,m1_structure_break_D,4
565,fib_rejection_C,momentum_E,1
565,m1_structure_break_D,momentum_E,25
567,breakout_A,fib_rejection_C,4
567,breakout_A,m1_structure_break_D,86
567,breakout_A,momentum_E,36
567,break_retest_B,breakout_A,0
567,break_retest_B,fib_rejection_C,5
567,break_retest_B,m1_structure_break_D,4
567,break_retest_B,momentum_E,5
567,fib_rejection_C,m1_structure_break_D,10
567,fib_rejection_C,momentum_E,3
567,m1_structure_break_D,momentum_E,54
569,breakout_A,fib_rejection_C,0
569,breakout_A,m1_structure_break_D,70
569,breakout_A,momentum_E,22
569,break_retest_B,breakout_A,0
569,break_retest_B,fib_rejection_C,0
569,break_retest_B,m1_structure_break_D,6
569,break_retest_B,momentum_E,4
569,fib_rejection_C,m1_structure_break_D,0
569,fib_rejection_C,momentum_E,0
569,m1_structure_break_D,momentum_E,40
571,breakout_A,fib_rejection_C,7
571,breakout_A,m1_structure_break_D,56
571,breakout_A,momentum_E,22
571,break_retest_B,breakout_A,0
571,break_retest_B,fib_rejection_C,6
571,break_retest_B,m1_structure_break_D,5
571,break_retest_B,momentum_E,2
571,fib_rejection_C,m1_structure_break_D,8
571,fib_rejection_C,momentum_E,4
571,m1_structure_break_D,momentum_E,42
573,breakout_A,fib_rejection_C,0
573,breakout_A,m1_structure_break_D,10
573,breakout_A,momentum_E,5
573,break_retest_B,breakout_A,0
573,break_retest_B,fib_rejection_C,0
573,break_retest_B,m1_structure_break_D,0
573,break_retest_B,momentum_E,0
573,fib_rejection_C,m1_structure_break_D,0
573,fib_rejection_C,momentum_E,0
573,m1_structure_break_D,momentum_E,6
575,breakout_A,fib_rejection_C,5
575,breakout_A,m1_structure_break_D,122
575,breakout_A,momentum_E,50
575,break_retest_B,breakout_A,0
575,break_retest_B,fib_rejection_C,6
575,break_retest_B,m1_structure_break_D,14
575,break_retest_B,momentum_E,10
575,fib_rejection_C,m1_structure_break_D,11
575,fib_rejection_C,momentum_E,4
575,m1_structure_break_D,momentum_E,95
587,breakout_A,fib_rejection_C,0
587,breakout_A,m1_structure_break_D,14
587,breakout_A,momentum_E,9
587,break_retest_B,breakout_A,0
587,break_retest_B,fib_rejection_C,0
587,break_retest_B,m1_structure_break_D,1
587,break_retest_B,momentum_E,0
587,fib_rejection_C,m1_structure_break_D,0
587,fib_rejection_C,momentum_E,0
587,m1_structure_break_D,momentum_E,12
591,breakout_A,fib_rejection_C,5
591,breakout_A,m1_structure_break_D,104
591,breakout_A,momentum_E,40
591,break_retest_B,breakout_A,0
591,break_retest_B,fib_rejection_C,3
591,break_retest_B,m1_structure_break_D,17
591,break_retest_B,momentum_E,5
591,fib_rejection_C,m1_structure_break_D,8
591,fib_rejection_C,momentum_E,1
591,m1_structure_break_D,momentum_E,78
593,breakout_A,fib_rejection_C,0
593,breakout_A,m1_structure_break_D,36
593,breakout_A,momentum_E,8
593,break_retest_B,breakout_A,0
593,break_retest_B,fib_rejection_C,0
593,break_retest_B,m1_structure_break_D,3
593,break_retest_B,momentum_E,1
593,fib_rejection_C,m1_structure_break_D,0
593,fib_rejection_C,momentum_E,0
593,m1_structure_break_D,momentum_E,18
600,breakout_A,fib_rejection_C,5
600,breakout_A,m1_structure_break_D,45
600,breakout_A,momentum_E,20
600,break_retest_B,breakout_A,0
600,break_retest_B,fib_rejection_C,3
600,break_retest_B,m1_structure_break_D,8
600,break_retest_B,momentum_E,2
600,fib_rejection_C,m1_structure_break_D,6
600,fib_rejection_C,momentum_E,3
600,m1_structure_break_D,momentum_E,29
606,breakout_A,fib_rejection_C,0
606,breakout_A,m1_structure_break_D,72
606,breakout_A,momentum_E,31
606,break_retest_B,breakout_A,0
606,break_retest_B,fib_rejection_C,1
606,break_retest_B,m1_structure_break_D,9
606,break_retest_B,momentum_E,3
606,fib_rejection_C,m1_structure_break_D,5
606,fib_rejection_C,momentum_E,3
606,m1_structure_break_D,momentum_E,50
616,breakout_A,fib_rejection_C,3
616,breakout_A,m1_structure_break_D,29
616,breakout_A,momentum_E,11
616,break_retest_B,breakout_A,0
616,break_retest_B,fib_rejection_C,6
616,break_retest_B,m1_structure_break_D,2
616,break_retest_B,momentum_E,1
616,fib_rejection_C,m1_structure_break_D,8
616,fib_rejection_C,momentum_E,2
616,m1_structure_break_D,momentum_E,20
618,breakout_A,fib_rejection_C,0
618,breakout_A,m1_structure_break_D,53
618,breakout_A,momentum_E,22
618,break_retest_B,breakout_A,0
618,break_retest_B,fib_rejection_C,0
618,break_retest_B,m1_structure_break_D,7
618,break_retest_B,momentum_E,1
618,fib_rejection_C,m1_structure_break_D,0
618,fib_rejection_C,momentum_E,0
618,m1_structure_break_D,momentum_E,34
620,breakout_A,fib_rejection_C,4
620,breakout_A,m1_structure_break_D,51
620,breakout_A,momentum_E,14
620,break_retest_B,breakout_A,0
620,break_retest_B,fib_rejection_C,7
620,break_retest_B,m1_structure_break_D,6
620,break_retest_B,momentum_E,3
620,fib_rejection_C,m1_structure_break_D,5
620,fib_rejection_C,momentum_E,3
620,m1_structure_break_D,momentum_E,21
636,breakout_A,fib_rejection_C,1
636,breakout_A,m1_structure_break_D,33
636,breakout_A,momentum_E,16
636,break_retest_B,breakout_A,0
636,break_retest_B,fib_rejection_C,2
636,break_retest_B,m1_structure_break_D,3
636,break_retest_B,momentum_E,1
636,fib_rejection_C,m1_structure_break_D,3
636,fib_rejection_C,momentum_E,1
636,m1_structure_break_D,momentum_E,23
640,breakout_A,fib_rejection_C,5
640,breakout_A,m1_structure_break_D,22
640,breakout_A,momentum_E,4
640,break_retest_B,breakout_A,0
640,break_retest_B,fib_rejection_C,2
640,break_retest_B,m1_structure_break_D,1
640,break_retest_B,momentum_E,1
640,fib_rejection_C,m1_structure_break_D,6
640,fib_rejection_C,momentum_E,2
640,m1_structure_break_D,momentum_E,6
648,breakout_A,fib_rejection_C,0
648,breakout_A,m1_structure_break_D,25
648,breakout_A,momentum_E,10
648,break_retest_B,breakout_A,0
648,break_retest_B,fib_rejection_C,0
648,break_retest_B,m1_structure_break_D,5
648,break_retest_B,momentum_E,4
648,fib_rejection_C,m1_structure_break_D,0
648,fib_rejection_C,momentum_E,0
648,m1_structure_break_D,momentum_E,22
652,breakout_A,fib_rejection_C,1
652,breakout_A,m1_structure_break_D,63
652,breakout_A,momentum_E,24
652,break_retest_B,breakout_A,0
652,break_retest_B,fib_rejection_C,2
652,break_retest_B,m1_structure_break_D,4
652,break_retest_B,momentum_E,2
652,fib_rejection_C,m1_structure_break_D,4
652,fib_rejection_C,momentum_E,2
652,m1_structure_break_D,momentum_E,35
656,breakout_A,fib_rejection_C,0
656,breakout_A,m1_structure_break_D,56
656,breakout_A,momentum_E,19
656,break_retest_B,breakout_A,0
656,break_retest_B,fib_rejection_C,2
656,break_retest_B,m1_structure_break_D,8
656,break_retest_B,momentum_E,2
656,fib_rejection_C,m1_structure_break_D,3
656,fib_rejection_C,momentum_E,2
656,m1_structure_break_D,momentum_E,31
657,breakout_A,fib_rejection_C,0
657,breakout_A,m1_structure_break_D,62
657,breakout_A,momentum_E,23
657,break_retest_B,breakout_A,0
657,break_retest_B,fib_rejection_C,0
657,break_retest_B,m1_structure_break_D,12
657,break_retest_B,momentum_E,5
657,fib_rejection_C,m1_structure_break_D,0
657,fib_rejection_C,momentum_E,0
657,m1_structure_break_D,momentum_E,49
659,breakout_A,fib_rejection_C,0
659,breakout_A,m1_structure_break_D,2
659,breakout_A,momentum_E,2
659,break_retest_B,breakout_A,0
659,break_retest_B,fib_rejection_C,0
659,break_retest_B,m1_structure_break_D,0
659,break_retest_B,momentum_E,0
659,fib_rejection_C,m1_structure_break_D,0
659,fib_rejection_C,momentum_E,0
659,m1_structure_break_D,momentum_E,3
667,breakout_A,fib_rejection_C,2
667,breakout_A,m1_structure_break_D,75
667,breakout_A,momentum_E,25
667,break_retest_B,breakout_A,0
667,break_retest_B,fib_rejection_C,0
667,break_retest_B,m1_structure_break_D,6
667,break_retest_B,momentum_E,2
667,fib_rejection_C,m1_structure_break_D,4
667,fib_rejection_C,momentum_E,2
667,m1_structure_break_D,momentum_E,69
671,breakout_A,fib_rejection_C,3
671,breakout_A,m1_structure_break_D,50
671,breakout_A,momentum_E,23
671,break_retest_B,breakout_A,0
671,break_retest_B,fib_rejection_C,4
671,break_retest_B,m1_structure_break_D,7
671,break_retest_B,momentum_E,3
671,fib_rejection_C,m1_structure_break_D,15
671,fib_rejection_C,momentum_E,4
671,m1_structure_break_D,momentum_E,43
673,breakout_A,fib_rejection_C,3
673,breakout_A,m1_structure_break_D,33
673,breakout_A,momentum_E,12
673,break_retest_B,breakout_A,0
673,break_retest_B,fib_rejection_C,2
673,break_retest_B,m1_structure_break_D,2
673,break_retest_B,momentum_E,1
673,fib_rejection_C,m1_structure_break_D,4
673,fib_rejection_C,momentum_E,3
673,m1_structure_break_D,momentum_E,23
679,breakout_A,fib_rejection_C,4
679,breakout_A,m1_structure_break_D,32
679,breakout_A,momentum_E,14
679,break_retest_B,breakout_A,0
679,break_retest_B,fib_rejection_C,0
679,break_retest_B,m1_structure_break_D,1
679,break_retest_B,momentum_E,0
679,fib_rejection_C,m1_structure_break_D,7
679,fib_rejection_C,momentum_E,2
679,m1_structure_break_D,momentum_E,24
687,breakout_A,fib_rejection_C,5
687,breakout_A,m1_structure_break_D,28
687,breakout_A,momentum_E,10
687,break_retest_B,breakout_A,0
687,break_retest_B,fib_rejection_C,1
687,break_retest_B,m1_structure_break_D,6
687,break_retest_B,momentum_E,1
687,fib_rejection_C,m1_structure_break_D,8
687,fib_rejection_C,momentum_E,4
687,m1_structure_break_D,momentum_E,23
691,breakout_A,fib_rejection_C,1
691,breakout_A,m1_structure_break_D,5
691,breakout_A,momentum_E,3
691,break_retest_B,breakout_A,0
691,break_retest_B,fib_rejection_C,3
691,break_retest_B,m1_structure_break_D,0
691,break_retest_B,momentum_E,0
691,fib_rejection_C,m1_structure_break_D,1
691,fib_rejection_C,momentum_E,1
691,m1_structure_break_D,momentum_E,8
701,breakout_A,fib_rejection_C,5
701,breakout_A,m1_structure_break_D,73
701,breakout_A,momentum_E,26
701,break_retest_B,breakout_A,0
701,break_retest_B,fib_rejection_C,7
701,break_retest_B,m1_structure_break_D,13
701,break_retest_B,momentum_E,4
701,fib_rejection_C,m1_structure_break_D,14
701,fib_rejection_C,momentum_E,4
701,m1_structure_break_D,momentum_E,49
703,breakout_A,fib_rejection_C,0
703,breakout_A,m1_structure_break_D,31
703,breakout_A,momentum_E,13
703,break_retest_B,breakout_A,0
703,break_retest_B,fib_rejection_C,2
703,break_retest_B,m1_structure_break_D,3
703,break_retest_B,momentum_E,1
703,fib_rejection_C,m1_structure_break_D,3
703,fib_rejection_C,momentum_E,0
703,m1_structure_break_D,momentum_E,23
707,breakout_A,fib_rejection_C,4
707,breakout_A,m1_structure_break_D,35
707,breakout_A,momentum_E,14
707,break_retest_B,breakout_A,0
707,break_retest_B,fib_rejection_C,4
707,break_retest_B,m1_structure_break_D,4
707,break_retest_B,momentum_E,4
707,fib_rejection_C,m1_structure_break_D,7
707,fib_rejection_C,momentum_E,0
707,m1_structure_break_D,momentum_E,23
709,breakout_A,fib_rejection_C,0
709,breakout_A,m1_structure_break_D,1
709,breakout_A,momentum_E,1
709,break_retest_B,breakout_A,0
709,break_retest_B,fib_rejection_C,0
709,break_retest_B,m1_structure_break_D,0
709,break_retest_B,momentum_E,0
709,fib_rejection_C,m1_structure_break_D,0
709,fib_rejection_C,momentum_E,0
709,m1_structure_break_D,momentum_E,3
713,breakout_A,fib_rejection_C,3
713,breakout_A,m1_structure_break_D,17
713,breakout_A,momentum_E,9
713,break_retest_B,breakout_A,0
713,break_retest_B,fib_rejection_C,0
713,break_retest_B,m1_structure_break_D,2
713,break_retest_B,momentum_E,0
713,fib_rejection_C,m1_structure_break_D,4
713,fib_rejection_C,momentum_E,3
713,m1_structure_break_D,momentum_E,13
717,breakout_A,fib_rejection_C,0
717,breakout_A,m1_structure_break_D,36
717,breakout_A,momentum_E,12
717,break_retest_B,breakout_A,0
717,break_retest_B,fib_rejection_C,0
717,break_retest_B,m1_structure_break_D,2
717,break_retest_B,momentum_E,4
717,fib_rejection_C,m1_structure_break_D,1
717,fib_rejection_C,momentum_E,1
717,m1_structure_break_D,momentum_E,25
723,breakout_A,fib_rejection_C,4
723,breakout_A,m1_structure_break_D,43
723,breakout_A,momentum_E,16
723,break_retest_B,breakout_A,0
723,break_retest_B,fib_rejection_C,1
723,break_retest_B,m1_structure_break_D,8
723,break_retest_B,momentum_E,3
723,fib_rejection_C,m1_structure_break_D,8
723,fib_rejection_C,momentum_E,0
723,m1_structure_break_D,momentum_E,29
725,breakout_A,fib_rejection_C,3
725,breakout_A,m1_structure_break_D,11
725,breakout_A,momentum_E,8
725,break_retest_B,breakout_A,0
725,break_retest_B,fib_rejection_C,1
725,break_retest_B,m1_structure_break_D,1
725,break_retest_B,momentum_E,0
725,fib_rejection_C,m1_structure_break_D,4
725,fib_rejection_C,momentum_E,2
725,m1_structure_break_D,momentum_E,11
727,breakout_A,fib_rejection_C,6
727,breakout_A,m1_structure_break_D,47
727,breakout_A,momentum_E,16
727,break_retest_B,breakout_A,0
727,break_retest_B,fib_rejection_C,4
727,break_retest_B,m1_structure_break_D,11
727,break_retest_B,momentum_E,4
727,fib_rejection_C,m1_structure_break_D,16
727,fib_rejection_C,momentum_E,6
727,m1_structure_break_D,momentum_E,30
