swing_id,direction,swing_pips,bars,breakout_A_count,break_retest_B_count,fib_rejection_C_count,m1_structure_break_D_count,momentum_E_count,first_breakout_A_bar,first_break_retest_B_bar,first_fib_rejection_C_bar,first_m1_structure_break_D_bar,first_momentum_E_bar,any_formal_event,distinct_models_present
14,UP,58.400000000000674,573,62,58,30,115,42,20,22,37,3,18,True,5
16,UP,121.09999999999845,989,90,76,31,193,71,44,49,72,3,37,True,5
24,UP,93.700000000001,1491,112,103,15,259,84,107,135,564,3,37,True,5
34,UP,19.29999999999988,51,2,0,4,10,3,39,-1,31,5,25,True,4
36,UP,71.699999999999,1077,68,51,28,202,65,37,43,123,3,21,True,5
38,UP,46.90000000000083,321,26,18,9,66,26,22,26,256,3,22,True,5
42,UP,44.99999999999949,237,25,22,1,51,18,23,27,204,4,19,True,5
46,UP,42.899999999999054,1156,73,58,0,184,67,36,39,-1,3,14,True,4
50,UP,44.500000000000654,525,40,34,43,95,36,27,51,73,10,13,True,5
60,UP,49.70000000000141,751,54,39,11,131,45,27,33,597,4,27,True,5
64,UP,28.599999999998627,96,8,10,11,17,6,59,61,14,5,13,True,5
68,UP,37.8999999999996,483,41,27,5,100,38,22,47,376,3,17,True,5
72,UP,102.99999999999976,1499,105,105,38,261,91,46,49,403,6,17,True,5
74,UP,65.10000000000016,764,73,40,24,145,47,23,29,227,3,23,True,5
76,UP,85.39999999999992,1320,103,99,34,245,87,46,49,382,7,18,True,5
79,DOWN,37.0999999999988,763,54,54,25,131,45,25,34,278,8,16,True,5
81,DOWN,57.49999999999922,840,61,50,39,156,57,27,30,74,4,27,True,5
83,DOWN,38.89999999999949,430,35,31,29,83,27,23,35,99,4,20,True,5
87,DOWN,20.7999999999986,180,18,18,9,34,8,23,33,99,16,29,True,5
89,DOWN,20.700000000000163,336,21,15,0,49,24,23,36,-1,6,16,True,4
93,DOWN,29.90000000000048,411,34,38,11,82,31,20,22,163,3,13,True,5
97,DOWN,50.09999999999959,967,66,66,12,158,62,51,58,686,6,41,True,5
105,DOWN,55.30000000000035,525,54,38,20,110,36,22,27,135,4,18,True,5
114,UP,11.900000000000244,48,4,1,1,11,6,40,42,47,7,15,True,5
116,UP,83.49999999999858,1763,128,94,29,306,118,23,25,362,3,14,True,5
118,UP,61.59999999999943,549,52,46,18,110,34,50,52,241,12,34,True,5
128,UP,76.99999999999818,993,99,81,23,197,65,21,37,373,3,14,True,5
151,DOWN,61.500000000001,496,49,48,30,99,42,25,29,90,3,25,True,5
153,DOWN,19.000000000000128,172,13,13,0,35,9,38,102,-1,7,28,True,4
159,DOWN,18.700000000000383,158,26,21,5,40,9,20,31,106,5,21,True,5
160,UP,84.40000000000003,1490,136,97,21,279,91,49,56,113,4,28,True,5
162,UP,66.19999999999848,755,74,53,28,151,44,26,36,64,15,26,True,5
164,UP,25.50000000000052,854,68,34,0,151,48,43,53,-1,12,17,True,4
168,UP,24.600000000001288,201,19,19,16,38,13,26,28,64,7,23,True,5
170,UP,62.89999999999907,597,56,53,17,113,48,22,24,279,8,14,True,5
176,UP,61.59999999999943,854,84,79,22,160,55,24,37,166,7,22,True,5
178,UP,41.90000000000138,634,56,46,35,110,43,47,51,90,20,47,True,5
188,UP,23.699999999999832,102,7,4,2,21,6,21,83,75,7,17,True,5
190,UP,92.30000000000072,2032,151,97,31,370,106,20,21,1012,7,38,True,5
192,UP,80.59999999999957,653,81,72,24,148,49,22,23,110,3,19,True,5
198,UP,42.40000000000022,414,41,33,11,81,34,53,63,179,3,17,True,5
202,UP,12.299999999998423,75,5,4,3,11,5,36,37,53,9,15,True,5
204,UP,59.79999999999875,472,51,31,50,103,35,21,28,55,4,21,True,5
216,UP,89.39999999999948,1776,146,115,17,335,113,27,30,35,12,18,True,5
218,UP,44.200000000000905,625,55,39,12,125,48,36,63,381,4,32,True,5
222,UP,27.099999999999905,304,11,5,17,43,13,149,154,77,3,15,True,5
230,UP,30.39999999999932,769,61,50,0,140,48,38,40,-1,4,37,True,4
234,UP,44.69999999999974,748,58,54,5,136,46,20,22,342,14,14,True,5
240,UP,69.79999999999987,358,45,27,13,80,23,21,26,80,12,13,True,5
242,UP,32.2,388,49,19,16,85,27,53,68,79,13,13,True,5
252,UP,80.4999999999989,1348,107,92,19,240,89,25,29,551,3,24,True,5
264,UP,63.50000000000078,545,57,43,21,110,44,30,73,90,21,21,True,5
266,UP,37.700000000000514,538,49,43,10,113,45,23,29,249,8,16,True,5
268,UP,136.39999999999876,774,82,57,15,156,67,24,107,127,4,13,True,5
274,UP,89.39999999999948,1413,146,103,21,280,92,29,38,947,4,27,True,5
276,UP,169.2999999999989,897,102,69,17,201,69,22,161,454,11,22,True,5
280,UP,232.00000000000108,725,84,54,18,162,71,20,24,191,4,18,True,5
284,UP,100.70000000000024,720,82,53,0,144,49,33,40,-1,13,35,True,4
299,DOWN,55.29999999999813,1132,69,63,2,175,75,22,24,489,3,18,True,5
315,DOWN,42.29999999999956,561,35,42,12,93,28,31,36,59,8,55,True,5
319,DOWN,32.40000000000131,269,22,15,0,63,23,20,24,-1,3,16,True,4
323,DOWN,26.50000000000041,397,32,13,11,75,28,24,29,290,3,24,True,5
327,DOWN,9.899999999998244,50,2,2,0,14,2,26,32,-1,5,45,True,4
329,DOWN,41.70000000000008,1395,93,69,66,220,87,21,31,19,3,18,True,5
331,DOWN,44.8000000000004,376,32,31,25,72,27,25,29,150,6,25,True,5
335,DOWN,66.69999999999953,530,48,44,24,102,43,20,23,35,14,21,True,5
342,UP,38.89999999999949,319,24,20,25,66,27,61,66,34,8,14,True,5
344,UP,79.49999999999902,525,47,28,35,97,22,117,119,16,6,56,True,5
350,UP,36.30000000000023,543,51,38,20,107,37,30,32,270,19,30,True,5
352,UP,57.89999999999962,856,82,63,10,174,63,26,30,278,6,17,True,5
354,UP,47.90000000000072,856,75,53,2,156,47,38,39,843,16,16,True,5
363,DOWN,85.80000000000032,439,43,41,10,90,24,22,24,337,4,31,True,5
365,DOWN,75.3999999999988,591,53,58,12,122,44,20,31,319,3,20,True,5
371,DOWN,64.50000000000067,317,32,22,5,69,24,39,40,51,3,13,True,5
373,DOWN,113.60000000000036,1293,98,104,37,228,88,23,31,65,5,17,True,5
375,DOWN,56.59999999999998,562,45,39,27,112,41,27,33,73,3,13,True,5
377,DOWN,96.7999999999991,431,70,50,14,107,36,21,23,89,5,24,True,5
379,DOWN,79.29999999999993,415,53,51,20,93,34,29,31,111,9,46,True,5
389,DOWN,105.5000000000006,560,57,47,46,116,38,48,57,69,5,27,True,5
391,DOWN,48.2999999999989,383,36,34,4,76,28,25,28,285,25,25,True,5
395,DOWN,56.0000000000005,364,43,36,23,78,30,20,21,74,3,20,True,5
397,DOWN,87.50000000000036,834,70,52,17,152,63,156,158,536,22,22,True,5
401,DOWN,50.49999999999999,393,21,17,12,72,23,65,73,121,4,18,True,5
403,DOWN,49.99999999999893,134,13,6,1,26,7,53,61,132,6,62,True,5
407,DOWN,62.60000000000154,971,81,78,36,166,58,21,26,239,3,17,True,5
409,DOWN,52.59999999999821,937,68,50,63,161,63,45,46,127,5,13,True,5
413,DOWN,59.8999999999994,432,43,24,12,83,28,22,26,105,5,17,True,5
415,DOWN,78.09999999999873,649,61,43,36,126,49,21,29,192,3,21,True,5
417,DOWN,20.300000000001983,202,14,8,0,29,12,25,29,-1,8,23,True,4
423,DOWN,96.49999999999936,604,47,45,19,108,39,20,24,13,4,21,True,5
429,DOWN,35.09999999999902,537,27,34,12,76,24,20,28,96,3,20,True,5
431,DOWN,24.999999999999467,105,11,4,6,19,7,28,30,21,17,32,True,5
433,DOWN,47.39999999999967,691,44,40,0,112,44,20,22,-1,3,18,True,4
437,DOWN,46.10000000000003,863,58,58,0,157,51,24,30,-1,4,23,True,4
441,DOWN,17.000000000000348,37,5,2,0,9,3,26,31,-1,9,23,True,4
445,DOWN,27.400000000001867,268,15,14,3,42,17,31,35,187,3,25,True,5
447,DOWN,57.000000000000384,652,59,59,18,125,48,25,29,315,3,27,True,5
451,DOWN,36.79999999999906,819,49,65,0,140,54,34,45,-1,4,14,True,4
453,DOWN,56.89999999999973,302,32,17,29,71,21,20,52,17,4,14,True,5
455,DOWN,70.40000000000157,1126,75,70,25,197,68,34,38,429,3,33,True,5
457,DOWN,34.600000000000186,663,39,34,15,102,33,40,43,175,12,40,True,5
461,DOWN,16.499999999999293,93,15,10,2,25,10,21,50,91,6,21,True,5
465,DOWN,36.89999999999971,520,37,35,0,90,37,39,40,-1,4,17,True,4
467,DOWN,49.5000000000001,720,58,58,32,132,53,41,47,50,14,15,True,5
469,DOWN,26.80000000000016,488,39,25,0,97,33,56,61,-1,4,13,True,4
471,DOWN,48.60000000000086,468,32,39,30,81,23,43,47,110,9,55,True,5
473,DOWN,34.30000000000044,272,30,32,6,51,20,23,25,146,18,19,True,5
480,UP,37.199999999999456,644,46,38,0,109,42,23,27,-1,4,21,True,4
482,UP,105.69999999999968,816,73,50,26,144,54,30,33,105,12,42,True,5
486,UP,33.499999999999645,175,12,5,23,41,11,21,95,16,6,14,True,5
488,UP,65.60000000000122,1435,107,93,25,243,83,73,79,825,4,17,True,5
502,UP,49.00000000000127,714,50,49,8,126,44,37,39,650,3,37,True,5
504,UP,32.90000000000015,181,15,15,6,28,16,40,41,41,3,19,True,5
506,UP,62.40000000000023,67,3,0,0,13,4,20,-1,-1,3,19,True,3
514,UP,60.7000000000002,398,14,13,4,71,23,48,50,103,3,14,True,5
516,UP,23.100000000000342,328,30,25,7,68,24,40,47,102,5,13,True,5
520,UP,32.90000000000015,903,68,39,13,145,44,30,46,520,4,42,True,5
522,UP,28.500000000000192,41,4,2,5,6,4,22,29,25,10,24,True,5
524,UP,74.89999999999996,740,58,39,6,140,50,34,39,618,3,31,True,5
530,UP,48.79999999999996,1344,81,78,2,193,62,60,62,1325,6,30,True,5
531,DOWN,60.99999999999994,2012,154,103,22,330,130,32,36,1054,7,32,True,5
537,DOWN,136.099999999999,745,85,53,16,158,52,20,23,194,3,28,True,5
549,DOWN,53.19999999999992,941,84,71,34,163,69,25,28,438,9,14,True,5
553,DOWN,25.300000000001432,693,52,43,5,121,47,22,27,177,4,23,True,5
557,DOWN,36.89999999999971,381,45,30,14,77,31,33,36,152,12,29,True,5
559,DOWN,20.199999999999108,296,25,18,9,55,19,20,29,60,7,20,True,5
565,DOWN,75.00000000000063,330,49,37,11,88,27,28,35,173,3,28,True,5
567,DOWN,69.6999999999992,863,88,62,25,163,61,24,31,228,3,14,True,5
569,DOWN,39.20000000000145,793,70,52,0,136,46,47,50,-1,4,47,True,4
571,DOWN,44.49999999999843,567,56,45,29,106,44,26,29,176,7,22,True,5
573,DOWN,13.299999999998311,60,10,6,0,14,7,27,30,-1,8,15,True,4
575,DOWN,114.4999999999996,1782,123,96,20,287,113,20,27,18,5,17,True,5
587,DOWN,12.499999999999734,150,14,11,0,27,13,25,31,-1,4,29,True,4
591,DOWN,74.89999999999996,1330,104,89,16,227,86,20,21,984,9,33,True,5
593,DOWN,37.90000000000183,422,36,31,0,83,21,42,43,-1,6,34,True,4
600,UP,39.59999999999964,531,45,39,14,93,31,101,105,197,6,36,True,5
606,UP,58.10000000000093,881,72,78,14,151,53,22,27,103,10,23,True,5
616,UP,78.30000000000004,328,29,22,27,65,23,20,21,49,19,19,True,5
618,UP,28.10000000000201,557,53,41,0,112,37,20,24,-1,6,19,True,4
620,UP,76.6,385,51,49,18,87,24,21,27,144,4,23,True,5
636,UP,30.19999999999801,433,33,27,10,77,26,42,46,226,5,20,True,5
640,UP,24.800000000000377,96,22,8,10,28,7,20,33,28,4,38,True,5
648,UP,21.500000000000963,339,25,25,0,73,25,37,42,-1,4,16,True,4
652,UP,102.70000000000002,393,63,26,14,98,42,30,37,166,4,18,True,5
656,UP,103.6999999999999,515,56,46,13,106,36,35,36,127,14,57,True,5
657,DOWN,58.49999999999911,1038,62,65,0,172,60,47,50,-1,8,19,True,4
659,DOWN,12.699999999998823,23,2,0,0,8,3,21,-1,-1,6,17,True,3
667,DOWN,44.899999999998826,1311,76,67,8,220,78,39,41,1179,4,14,True,5
671,DOWN,29.700000000001392,767,50,52,40,128,48,35,37,184,7,17,True,5
673,DOWN,18.500000000001293,450,33,27,11,82,27,61,79,335,4,13,True,5
679,DOWN,19.400000000000528,363,32,16,13,67,25,21,23,117,6,14,True,5
687,DOWN,19.20000000000144,325,28,21,15,68,25,35,44,141,3,29,True,5
691,DOWN,11.6000000000005,60,5,7,4,13,8,27,29,43,12,13,True,5
701,DOWN,31.90000000000026,1046,73,71,35,189,52,51,56,438,3,39,True,5
703,DOWN,19.799999999998708,403,31,37,6,73,25,41,50,284,6,26,True,5
707,DOWN,34.79999999999927,362,35,28,16,73,26,26,31,116,3,24,True,5
709,DOWN,8.099999999999774,24,1,0,0,8,3,23,-1,-1,4,18,True,3
713,DOWN,21.5999999999994,222,19,14,16,45,16,21,24,15,5,26,True,5
717,DOWN,83.10000000000039,421,36,19,3,79,30,24,94,56,3,19,True,5
723,DOWN,36.599999999999966,462,43,33,17,100,30,23,26,37,4,23,True,5
725,DOWN,23.399999999997867,127,11,7,11,24,11,35,44,70,13,13,True,5
727,DOWN,29.799999999999827,519,48,45,34,96,33,21,26,102,4,19,True,5
